{"type":"CIMPointSymbol","symbolLayers":[{"type":"CIMVectorMarker","enable":true,"primitiveName":"echelon","anchorPointUnits":"Relative","dominantSizeAxis3D":"Z","size":64,"billboardMode3D":"FaceNearPlane","frame":{"xmin":0,"ymin":208,"xmax":612,"ymax":1000},"markerGraphics":[{"type":"CIMMarkerGraphic","geometry":{"paths":[[[287.1,586.0],[323.1,622.0]]]},"symbol":{"type":"CIMLineSymbol","symbolLayers":[{"type":"CIMSolidStroke","enable":true,"capStyle":"Square","joinStyle":"Miter","lineStyle3D":"Strip","miterLimit":10,"width":12,"color":[255,255,255,255]}]}},{"type":"CIMMarkerGraphic","geometry":{"rings":[[[305.1,586.0],[307.9,586.2],[310.6,586.9],[313.3,588.0],[315.7,589.4],[317.8,591.3],[319.6,593.4],[321.1,595.8],[322.2,598.4],[322.9,601.2],[323.1,604.0],[322.9,606.8],[322.2,609.6],[321.1,612.2],[319.6,614.6],[317.8,616.7],[315.7,618.6],[313.3,620.0],[310.6,621.1],[307.9,621.8],[305.1,622.0],[302.3,621.8],[299.5,621.1],[296.9,620.0],[294.5,618.6],[292.4,616.7],[290.5,614.6],[289.0,612.2],[288.0,609.6],[287.3,606.8],[287.1,604.0],[287.3,601.2],[288.0,598.4],[289.0,595.8],[290.5,593.4],[292.4,591.3],[294.5,589.4],[296.9,588.0],[299.5,586.9],[302.3,586.2],[305.1,586.0]]]},"symbol":{"type":"CIMPolygonSymbol","symbolLayers":[{"type":"CIMSolidStroke","enable":true,"capStyle":"Square","joinStyle":"Miter","lineStyle3D":"Strip","miterLimit":10,"width":8,"color":[0,0,0,255]},{"type":"CIMSolidStroke","enable":true,"capStyle":"Square","joinStyle":"Miter","lineStyle3D":"Strip","miterLimit":10,"width":12,"color":[255,255,255,255]}]}},{"type":"CIMMarkerGraphic","geometry":{"paths":[[[287.1,586.0],[323.1,622.0]]]},"symbol":{"type":"CIMLineSymbol","symbolLayers":[{"type":"CIMSolidStroke","enable":true,"capStyle":"Square","joinStyle":"Miter","lineStyle3D":"Strip","miterLimit":10,"width":8,"color":[0,0,0,255]}]}}],"scaleSymbolsProportionally":true,"respectFrame":true}],"haloSize":1,"scaleX":1,"angleAlignment":"Display","version":"2.0.0","build":"8933"}