{"type":"CIMPointSymbol","symbolLayers":[{"type":"CIMVectorMarker","enable":true,"primitiveName":"echelon","anchorPointUnits":"Relative","dominantSizeAxis3D":"Z","size":50,"billboardMode3D":"FaceNearPlane","frame":{"xmin":0,"ymin":208,"xmax":612,"ymax":1000},"markerGraphics":[{"type":"CIMMarkerGraphic","geometry":{"paths":[[[167.0,628.5],[207.0,579.5]],[[207.0,628.5],[167.0,579.5]],[[227.0,628.5],[267.0,579.5]],[[267.0,628.5],[227.0,579.5]],[[287.0,628.5],[327.0,579.5]],[[327.0,628.5],[287.0,579.5]],[[347.0,628.5],[387.0,579.5]],[[387.0,628.5],[347.0,579.5]],[[407.0,628.5],[447.0,579.5]],[[447.0,628.5],[407.0,579.5]]]},"symbol":{"type":"CIMPolygonSymbol","symbolLayers":[{"type":"CIMSolidStroke","enable":true,"capStyle":"Square","joinStyle":"Miter","lineStyle3D":"Strip","miterLimit":10,"width":10,"color":[0,0,0,255]},{"type":"CIMSolidStroke","enable":true,"capStyle":"Square","joinStyle":"Miter","lineStyle3D":"Strip","miterLimit":10,"width":15,"color":[255,255,255,255]}]}}],"scaleSymbolsProportionally":true,"respectFrame":true}],"haloSize":1,"scaleX":1,"angleAlignment":"Display","version":"2.0.0","build":"8933"}