{"type":"CIMPointSymbol","symbolLayers":[{"type":"CIMVectorMarker","enable":true,"anchorPointUnits":"Relative","dominantSizeAxis3D":"Z","size":80,"billboardMode3D":"FaceNearPlane","frame":{"xmin":0,"ymin":0,"xmax":612,"ymax":792},"markerGraphics":[{"type":"CIMMarkerGraphic","geometry":{"rings":[[[369.5,332.0],[369.5,459.9],[241.5,459.9],[241.5,332.0],[369.5,332.0]]]},"symbol":{"type":"CIMPolygonSymbol","symbolLayers":[{"type":"CIMSolidFill","enable":true,"primitiveName":"cm_color","color":[0,0,0,255]}]}},{"type":"CIMMarkerGraphic","geometry":{"paths":[[[217.7,460.0],[389.7,460.0]]]},"symbol":{"type":"CIMPolygonSymbol","symbolLayers":[{"type":"CIMSolidStroke","effects":[{"type":"CIMGeometricEffectAddControlPoints","angleTolerance":120},{"type":"CIMGeometricEffectDashes","dashTemplate":[24.75,24.75],"lineDashEnding":"FullPattern","controlPointEnding":"NoConstraint"}],"enable":true,"primitiveName":"cm_color","capStyle":"Butt","joinStyle":"Bevel","lineStyle3D":"Strip","miterLimit":10,"width":5,"color":[0,0,0,255]}]}}],"scaleSymbolsProportionally":true,"respectFrame":true}],"haloSize":1,"scaleX":1,"angleAlignment":"Display","version":"2.0.0","build":"8933"}