{"type":"CIMLineSymbol","symbolLayers":[{"type":"CIMVectorMarker","enable":true,"anchorPoint":{"x":0,"y":0},"anchorPointUnits":"Relative","dominantSizeAxis3D":"Z","size":9,"billboardMode3D":"None","markerPlacement":{"type":"CIMMarkerPlacementOnLine","angleToLine":false,"relativeTo":"LineMiddle"},"frame":{"xmin":-2.02,"ymin":-2.02,"xmax":2.02,"ymax":2.02},"markerGraphics":[{"type":"CIMMarkerGraphic","geometry":{"rings":[[[-0.66,-0.01],[-0.65,-0.25],[-0.62,-0.45],[-0.56,-0.62],[-0.49,-0.75],[-0.39,-0.85],[-0.27,-0.93],[-0.14,-0.97],[0.0,-0.98],[0.15,-0.97],[0.28,-0.93],[0.39,-0.86],[0.49,-0.76],[0.56,-0.63],[0.62,-0.45],[0.65,-0.23],[0.66,0.04],[0.65,0.27],[0.62,0.46],[0.56,0.62],[0.48,0.75],[0.38,0.85],[0.27,0.92],[0.14,0.96],[-0.01,0.97],[-0.15,0.96],[-0.27,0.92],[-0.39,0.84],[-0.48,0.74],[-0.56,0.61],[-0.62,0.44],[-0.65,0.23],[-0.66,-0.01]],[[-1.64,0.0],[-1.61,0.39],[-1.53,0.75],[-1.4,1.05],[-1.21,1.31],[-0.97,1.51],[-0.69,1.66],[-0.37,1.74],[-0.01,1.77],[0.37,1.75],[0.69,1.66],[0.98,1.52],[1.21,1.32],[1.4,1.06],[1.53,0.76],[1.61,0.42],[1.64,0.03],[1.63,-0.26],[1.59,-0.52],[1.54,-0.75],[1.45,-0.96],[1.35,-1.14],[1.23,-1.3],[1.08,-1.44],[0.91,-1.56],[0.73,-1.65],[0.52,-1.72],[0.29,-1.76],[0.03,-1.77],[-0.22,-1.76],[-0.46,-1.73],[-0.67,-1.67],[-0.85,-1.59],[-1.02,-1.48],[-1.17,-1.35],[-1.31,-1.19],[-1.42,-1.0],[-1.52,-0.79],[-1.59,-0.55],[-1.63,-0.29],[-1.64,0.0]]]},"symbol":{"type":"CIMPolygonSymbol","symbolLayers":[{"type":"CIMSolidFill","enable":true,"primitiveName":"cm_color","color":[0,0,0,255]},{"type":"CIMSolidStroke","enable":true,"capStyle":"Round","joinStyle":"Miter","lineStyle3D":"Strip","miterLimit":10,"width":0.5,"color":[204,204,204,255]}]}}],"scaleSymbolsProportionally":true,"respectFrame":true},{"type":"CIMSolidStroke","effects":[{"type":"CIMGeometricEffectDashes","lineDashEnding":"NoConstraint","controlPointEnding":"NoConstraint"},{"type":"CIMGeometricEffectCut","beginCut":0,"endCut":0,"middleCut":20}],"enable":true,"primitiveName":"cm_color","capStyle":"Butt","joinStyle":"Miter","lineStyle3D":"Strip","miterLimit":10,"width":2,"color":[0,0,0,255]}],"version":"2.0.0","build":"8933"}