{"type":"CIMLineSymbol","symbolLayers":[{"type":"CIMVectorMarker","enable":true,"anchorPoint":{"x":0,"y":0.45312500000000006},"anchorPointUnits":"Relative","dominantSizeAxis3D":"Z","size":23,"billboardMode3D":"None","markerPlacement":{"type":"CIMMarkerPlacementOnVertices","angleToLine":true,"placeOnControlPoints":false,"placeOnEndPoints":true,"placeOnRegularVertices":false},"frame":{"xmin":-3.2,"ymin":-6.1,"xmax":3.2,"ymax":0.3},"markerGraphics":[{"type":"CIMMarkerGraphic","geometry":{"paths":[[[0.0,0.0],[0.0,-5.8]]]},"symbol":{"type":"CIMLineSymbol","symbolLayers":[{"type":"CIMSolidStroke","enable":true,"primitiveName":"cm_color","capStyle":"Butt","joinStyle":"Round","lineStyle3D":"Strip","miterLimit":10,"width":0.59999999999999998,"color":[0,0,0,255]}]}}],"scaleSymbolsProportionally":true,"respectFrame":true},{"type":"CIMSolidStroke","enable":true,"primitiveName":"cm_color","capStyle":"Round","joinStyle":"Miter","lineStyle3D":"Strip","miterLimit":10,"width":2,"color":[0,0,0,255]}],"version":"2.0.0","build":"8933"}