{"type":"CIMPolygonSymbol","symbolLayers":[{"type":"CIMVectorMarker","enable":true,"anchorPoint":{"x":-0.13994211466814446,"y":-0.0054945054945055227},"anchorPointUnits":"Relative","dominantSizeAxis3D":"Z","size":35,"billboardMode3D":"None","markerPlacement":{"type":"CIMMarkerPlacementPolygonCenter","method":"OnPolygon"},"frame":{"xmin":-0.819,"ymin":-1.125,"xmax":1.456,"ymax":1.15},"markerGraphics":[{"type":"CIMMarkerGraphic","geometry":{"rings":[[[-0.487,-0.137],[-0.411,-0.168],[-0.421,-0.208],[-0.435,-0.241],[-0.454,-0.267],[-0.476,-0.285],[-0.504,-0.296],[-0.539,-0.3],[-0.58,-0.295],[-0.598,-0.29],[-0.614,-0.282],[-0.628,-0.271],[-0.641,-0.257],[-0.653,-0.239],[-0.664,-0.218],[-0.673,-0.194],[-0.68,-0.166],[-0.684,-0.135],[-0.685,-0.101],[-0.683,-0.056],[-0.676,-0.017],[-0.664,0.017],[-0.648,0.045],[-0.627,0.068],[-0.603,0.084],[-0.575,0.093],[-0.543,0.096],[-0.518,0.094],[-0.495,0.089],[-0.476,0.08],[-0.459,0.067],[-0.445,0.05],[-0.433,0.03],[-0.422,0.006],[-0.414,-0.023],[-0.491,-0.046],[-0.499,-0.02],[-0.507,-0.008],[-0.517,0.0],[-0.528,0.006],[-0.541,0.008],[-0.554,0.006],[-0.567,0.0],[-0.577,-0.01],[-0.586,-0.025],[-0.595,-0.056],[-0.598,-0.1],[-0.594,-0.154],[-0.59,-0.173],[-0.584,-0.188],[-0.576,-0.198],[-0.566,-0.205],[-0.556,-0.21],[-0.544,-0.211],[-0.532,-0.21],[-0.522,-0.207],[-0.513,-0.201],[-0.506,-0.192],[-0.495,-0.169],[-0.487,-0.137]]]},"symbol":{"type":"CIMPolygonSymbol","symbolLayers":[{"type":"CIMSolidFill","enable":true,"color":[0,0,0,255]}]}},{"type":"CIMMarkerGraphic","geometry":{"rings":[[[-0.403,0.096],[-0.286,0.096],[-0.241,-0.145],[-0.196,0.096],[-0.08,0.096],[-0.08,-0.3],[-0.153,-0.3],[-0.153,0.002],[-0.209,-0.3],[-0.274,-0.3],[-0.33,0.002],[-0.33,-0.3],[-0.403,-0.3],[-0.403,0.096]]]},"symbol":{"type":"CIMPolygonSymbol","symbolLayers":[{"type":"CIMSolidFill","enable":true,"color":[0,0,0,255]}]}},{"type":"CIMMarkerGraphic","geometry":{"rings":[[[-0.064,0.096],[0.029,0.096],[0.029,-0.202],[0.173,-0.202],[0.173,-0.3],[-0.064,-0.3],[-0.064,0.096]]]},"symbol":{"type":"CIMPolygonSymbol","symbolLayers":[{"type":"CIMSolidFill","enable":true,"color":[0,0,0,255]}]}},{"type":"CIMMarkerGraphic","geometry":{"rings":[[[0.153,-0.554],[0.165,-0.444],[0.199,-0.342],[0.252,-0.249],[0.322,-0.169],[0.406,-0.103],[0.506,-0.052],[0.616,-0.02],[0.732,-0.009],[0.848,-0.02],[0.958,-0.052],[1.058,-0.103],[1.143,-0.169],[1.213,-0.249],[1.267,-0.342],[1.3,-0.445],[1.312,-0.554],[1.3,-0.664],[1.267,-0.767],[1.213,-0.86],[1.143,-0.941],[1.057,-1.007],[0.958,-1.058],[0.848,-1.089],[0.732,-1.1],[0.616,-1.089],[0.506,-1.058],[0.406,-1.007],[0.322,-0.941],[0.252,-0.86],[0.199,-0.767],[0.165,-0.664],[0.153,-0.554]]]},"symbol":{"type":"CIMPolygonSymbol","symbolLayers":[{"type":"CIMSolidStroke","enable":true,"capStyle":"Round","joinStyle":"Round","lineStyle3D":"Strip","miterLimit":10,"width":1,"color":[0,0,0,255]},{"type":"CIMSolidFill","enable":true,"color":[255,255,0,255]}]}},{"type":"CIMMarkerGraphic","geometry":{"rings":[[[0.512,-0.019],[0.512,1.1],[0.912,1.1],[0.912,-0.019],[0.512,-0.019]]]},"symbol":{"type":"CIMPolygonSymbol","symbolLayers":[{"type":"CIMSolidFill","enable":true,"color":[255,255,0,255]},{"type":"CIMSolidStroke","enable":true,"capStyle":"Round","joinStyle":"Miter","lineStyle3D":"Strip","miterLimit":10,"width":2,"color":[0,0,0,255]}]}},{"type":"CIMMarkerGraphic","geometry":{"rings":[[[0.512,0.029],[0.512,0.1],[0.912,0.1],[0.912,-0.139],[0.512,-0.139],[0.512,0.029]]]},"symbol":{"type":"CIMPolygonSymbol","symbolLayers":[{"type":"CIMSolidFill","enable":true,"color":[255,255,0,255]}]}},{"type":"CIMMarkerGraphic","geometry":{"rings":[[[0.801,-0.589],[0.913,-0.637],[0.898,-0.697],[0.878,-0.747],[0.851,-0.786],[0.818,-0.814],[0.777,-0.831],[0.727,-0.836],[0.665,-0.83],[0.64,-0.821],[0.617,-0.809],[0.597,-0.793],[0.577,-0.771],[0.544,-0.712],[0.53,-0.675],[0.521,-0.634],[0.515,-0.587],[0.513,-0.535],[0.516,-0.467],[0.526,-0.407],[0.543,-0.356],[0.567,-0.313],[0.597,-0.28],[0.633,-0.256],[0.674,-0.241],[0.721,-0.236],[0.757,-0.239],[0.79,-0.247],[0.819,-0.261],[0.843,-0.281],[0.864,-0.306],[0.882,-0.337],[0.897,-0.374],[0.909,-0.416],[0.797,-0.452],[0.784,-0.413],[0.772,-0.395],[0.758,-0.381],[0.742,-0.373],[0.724,-0.37],[0.703,-0.373],[0.686,-0.382],[0.67,-0.398],[0.657,-0.419],[0.644,-0.466],[0.64,-0.534],[0.645,-0.615],[0.652,-0.644],[0.661,-0.666],[0.672,-0.682],[0.686,-0.693],[0.702,-0.7],[0.719,-0.702],[0.751,-0.695],[0.764,-0.686],[0.774,-0.673],[0.791,-0.638],[0.801,-0.589]]]},"symbol":{"type":"CIMPolygonSymbol","symbolLayers":[{"type":"CIMSolidFill","enable":true,"color":[0,0,0,255]}]}}],"respectFrame":true},{"type":"CIMSolidStroke","effects":[{"type":"CIMGeometricEffectAddControlPoints","angleTolerance":120},{"type":"CIMGeometricEffectDashes","dashTemplate":[5,5],"lineDashEnding":"FullPattern","controlPointEnding":"NoConstraint"}],"enable":true,"primitiveName":"cm_color","capStyle":"Butt","joinStyle":"Round","lineStyle3D":"Strip","miterLimit":10,"width":2,"color":[0,0,0,255]},{"type":"CIMHatchFill","enable":true,"lineSymbol":{"type":"CIMLineSymbol","symbolLayers":[{"type":"CIMSolidStroke","enable":true,"primitiveName":"cm_color","capStyle":"Butt","joinStyle":"Round","lineStyle3D":"Strip","miterLimit":10,"width":1,"color":[104,104,104,255]}]},"rotation":45,"separation":10}],"version":"2.0.0","build":"8933"}