{"type":"CIMPolygonSymbol","symbolLayers":[{"type":"CIMVectorMarker","enable":true,"primitiveName":"7.0","anchorPoint":{"x":0.00051595874898388734,"y":-0.69936975520871825},"anchorPointUnits":"Relative","dominantSizeAxis3D":"Z","size":15,"billboardMode3D":"FaceNearPlane","markerPlacement":{"type":"CIMMarkerPlacementOnLine","primitiveName":"10.1","angleToLine":false,"relativeTo":"LineBeginning","startPointOffset":20},"frame":{"xmin":-1.101,"ymin":0.439,"xmax":1.099,"ymax":2.639},"markerGraphics":[{"type":"CIMMarkerGraphic","geometry":{"rings":[[[-0.848,1.158],[-0.583,1.181],[-0.551,1.035],[-0.496,0.92],[-0.408,0.826],[-0.282,0.754],[-0.127,0.706],[0.045,0.69],[0.195,0.702],[0.329,0.738],[0.437,0.795],[0.514,0.87],[0.558,0.957],[0.573,1.053],[0.559,1.146],[0.516,1.227],[0.44,1.295],[0.324,1.352],[-0.055,1.457],[-0.304,1.525],[-0.466,1.589],[-0.598,1.678],[-0.693,1.788],[-0.749,1.912],[-0.767,2.053],[-0.744,2.209],[-0.676,2.355],[-0.564,2.477],[-0.409,2.567],[-0.223,2.621],[-0.019,2.639],[0.205,2.62],[0.399,2.563],[0.559,2.468],[0.678,2.339],[0.751,2.182],[0.782,2.003],[0.512,1.983],[0.494,2.078],[0.463,2.161],[0.42,2.23],[0.364,2.287],[0.294,2.332],[0.209,2.365],[-0.008,2.392],[-0.23,2.367],[-0.313,2.338],[-0.379,2.297],[-0.466,2.194],[-0.488,2.135],[-0.496,2.072],[-0.475,1.967],[-0.413,1.883],[-0.356,1.845],[-0.265,1.807],[0.011,1.731],[0.299,1.659],[0.482,1.595],[0.643,1.498],[0.758,1.378],[0.824,1.236],[0.846,1.075],[0.821,0.91],[0.748,0.756],[0.631,0.622],[0.469,0.521],[0.276,0.459],[0.058,0.439],[-0.208,0.459],[-0.426,0.521],[-0.601,0.628],[-0.672,0.697],[-0.733,0.776],[-0.817,0.958],[-0.848,1.158]]]},"symbol":{"type":"CIMPolygonSymbol","symbolLayers":[{"type":"CIMSolidFill","enable":true,"colorLocked":true,"color":[0,226,0,255]}]}}],"respectFrame":true},{"type":"CIMVectorMarker","enable":true,"primitiveName":"5.0","anchorPoint":{"x":0,"y":-0.00054075005475676639},"anchorPointUnits":"Relative","dominantSizeAxis3D":"Z","size":35,"billboardMode3D":"FaceNearPlane","markerPlacement":{"type":"CIMMarkerPlacementPolygonCenter","primitiveName":"6.1","method":"OnPolygon"},"frame":{"xmin":-4.05,"ymin":-4.05,"xmax":4.05,"ymax":4.05},"markerGraphics":[{"type":"CIMMarkerGraphic","geometry":{"rings":[[[0.0,1.0],[0.195,0.981],[0.382,0.924],[0.555,0.832],[0.707,0.707],[0.832,0.555],[0.924,0.382],[0.981,0.195],[1.0,0.0],[0.981,-0.195],[0.924,-0.382],[0.832,-0.555],[0.707,-0.707],[0.555,-0.832],[0.382,-0.924],[0.195,-0.981],[0.0,-1.0],[-0.195,-0.981],[-0.382,-0.924],[-0.555,-0.832],[-0.707,-0.707],[-0.832,-0.555],[-0.924,-0.382],[-0.981,-0.195],[-1.0,0.0],[-0.981,0.195],[-0.924,0.382],[-0.832,0.555],[-0.707,0.707],[-0.555,0.832],[-0.382,0.924],[-0.195,0.981],[0.0,1.0]]]},"symbol":{"type":"CIMPolygonSymbol","symbolLayers":[{"type":"CIMSolidStroke","enable":true,"colorLocked":true,"capStyle":"Round","joinStyle":"Round","lineStyle3D":"Strip","miterLimit":10,"width":0.10000000000000001,"color":[0,226,0,255]}]}},{"type":"CIMMarkerGraphic","geometry":{"rings":[[[-3.0,1.0],[-2.805,0.981],[-2.618,0.924],[-2.445,0.832],[-2.293,0.707],[-2.168,0.555],[-2.076,0.382],[-2.019,0.195],[-2.0,0.0],[-2.019,-0.195],[-2.076,-0.382],[-2.168,-0.555],[-2.293,-0.707],[-2.445,-0.832],[-2.618,-0.924],[-2.805,-0.981],[-3.0,-1.0],[-3.195,-0.981],[-3.382,-0.924],[-3.555,-0.832],[-3.707,-0.707],[-3.832,-0.555],[-3.924,-0.382],[-3.981,-0.195],[-4.0,0.0],[-3.981,0.195],[-3.924,0.382],[-3.832,0.555],[-3.707,0.707],[-3.555,0.832],[-3.382,0.924],[-3.195,0.981],[-3.0,1.0]]]},"symbol":{"type":"CIMPolygonSymbol","symbolLayers":[{"type":"CIMSolidStroke","enable":true,"colorLocked":true,"capStyle":"Round","joinStyle":"Round","lineStyle3D":"Strip","miterLimit":10,"width":0.10000000000000001,"color":[0,226,0,255]}]}},{"type":"CIMMarkerGraphic","geometry":{"rings":[[[3.0,1.0],[3.195,0.981],[3.382,0.924],[3.555,0.832],[3.707,0.707],[3.832,0.555],[3.924,0.382],[3.981,0.195],[4.0,0.0],[3.981,-0.195],[3.924,-0.382],[3.832,-0.555],[3.707,-0.707],[3.555,-0.832],[3.382,-0.924],[3.195,-0.981],[3.0,-1.0],[2.805,-0.981],[2.618,-0.924],[2.445,-0.832],[2.293,-0.707],[2.168,-0.555],[2.076,-0.382],[2.019,-0.195],[2.0,0.0],[2.019,0.195],[2.076,0.382],[2.168,0.555],[2.293,0.707],[2.445,0.832],[2.618,0.924],[2.805,0.981],[3.0,1.0]]]},"symbol":{"type":"CIMPolygonSymbol","symbolLayers":[{"type":"CIMSolidStroke","enable":true,"colorLocked":true,"capStyle":"Round","joinStyle":"Round","lineStyle3D":"Strip","miterLimit":10,"width":0.10000000000000001,"color":[0,226,0,255]}]}}],"respectFrame":true},{"type":"CIMSolidStroke","enable":true,"colorLocked":true,"primitiveName":"2.0","capStyle":"Round","joinStyle":"Round","lineStyle3D":"Strip","miterLimit":10,"width":2,"color":[0,226,0,255]}],"version":"2.0.0","build":"8933"}