{"type":"CIMPointSymbol","symbolLayers":[{"type":"CIMVectorMarker","enable":true,"anchorPointUnits":"Relative","dominantSizeAxis3D":"Z","size":64,"billboardMode3D":"FaceNearPlane","frame":{"xmin":0,"ymin":0,"xmax":612,"ymax":792},"markerGraphics":[{"type":"CIMMarkerGraphic","geometry":{"rings":[[[305.5,328.7],[318.8,330.0],[331.5,333.9],[343.3,340.1],[353.6,348.6],[362.0,358.9],[368.3,370.7],[372.2,383.4],[373.5,396.7],[372.2,410.0],[368.3,422.7],[362.0,434.5],[353.6,444.8],[343.3,453.2],[331.5,459.5],[318.8,463.4],[305.5,464.7],[292.2,463.4],[279.5,459.5],[267.7,453.2],[257.4,444.8],[249.0,434.5],[242.7,422.7],[238.8,410.0],[237.5,396.7],[238.8,383.4],[242.7,370.7],[249.0,358.9],[257.4,348.6],[267.7,340.1],[279.5,333.9],[292.2,330.0],[305.5,328.7]]]},"symbol":{"type":"CIMPolygonSymbol","symbolLayers":[{"type":"CIMSolidFill","enable":true,"color":[0,226,0,255]}]}},{"type":"CIMMarkerGraphic","geometry":{"rings":[[[305.5,328.7],[318.8,330.0],[331.5,333.9],[343.3,340.1],[353.6,348.6],[362.0,358.9],[368.3,370.7],[372.2,383.4],[373.5,396.7],[372.2,410.0],[368.3,422.7],[362.0,434.5],[353.6,444.8],[343.3,453.2],[331.5,459.5],[318.8,463.4],[305.5,464.7],[292.2,463.4],[279.5,459.5],[267.7,453.2],[257.4,444.8],[249.0,434.5],[242.7,422.7],[238.8,410.0],[237.5,396.7],[238.8,383.4],[242.7,370.7],[249.0,358.9],[257.4,348.6],[267.7,340.1],[279.5,333.9],[292.2,330.0],[305.5,328.7]]]},"symbol":{"type":"CIMPolygonSymbol","symbolLayers":[{"type":"CIMSolidStroke","enable":true,"capStyle":"Round","joinStyle":"Miter","lineStyle3D":"Strip","miterLimit":10,"width":4,"color":[0,226,0,255]}]}},{"type":"CIMMarkerGraphic","geometry":{"paths":[[[305.5,328.7],[305.5,247.8],[328.2,286.5]]]},"symbol":{"type":"CIMPolygonSymbol","symbolLayers":[{"type":"CIMSolidStroke","effects":[{"type":"CIMGeometricEffectAddControlPoints","angleTolerance":120},{"type":"CIMGeometricEffectDashes","dashTemplate":[30.9375,30.9375],"lineDashEnding":"FullPattern","controlPointEnding":"NoConstraint"}],"enable":true,"capStyle":"Butt","joinStyle":"Miter","lineStyle3D":"Strip","miterLimit":10,"width":10,"color":[0,226,0,255]}]}}],"scaleSymbolsProportionally":true,"respectFrame":true}],"haloSize":1,"scaleX":1,"angleAlignment":"Display","version":"2.0.0","build":"8933"}