{"type":"CIMLineSymbol","symbolLayers":[{"type":"CIMVectorMarker","enable":true,"anchorPoint":{"x":0.27259589028547587,"y":-0.0058717253839206214},"anchorPointUnits":"Relative","dominantSizeAxis3D":"Z","size":8,"billboardMode3D":"None","markerPlacement":{"type":"CIMMarkerPlacementAtExtremities","angleToLine":true,"extremityPlacement":"JustEnd"},"frame":{"xmin":-8.55,"ymin":-5.47,"xmax":2.52,"ymax":5.6},"markerGraphics":[{"type":"CIMMarkerGraphic","geometry":{"rings":[[[-8.0,-5.47],[-8.0,5.6],[1.96,-0.03],[-8.0,-5.47]]]},"symbol":{"type":"CIMPolygonSymbol","symbolLayers":[{"type":"CIMSolidFill","enable":true,"primitiveName":"cm_color","color":[0,0,0,255]}]}}],"scaleSymbolsProportionally":true,"respectFrame":true},{"type":"CIMSolidStroke","effects":[{"type":"CIMGeometricEffectJog","angle":135,"length":20,"position":50},{"type":"CIMGeometricEffectCut","beginCut":12.5,"endCut":0}],"enable":true,"primitiveName":"cm_color","capStyle":"Butt","joinStyle":"Miter","lineStyle3D":"Strip","miterLimit":10,"width":2,"color":[0,0,0,255]}],"version":"2.0.0","build":"8933"}