{"type":"CIMLineSymbol","symbolLayers":[{"type":"CIMSolidStroke","effects":[{"type":"CIMGeometricEffectAddControlPoints","angleTolerance":120},{"type":"CIMGeometricEffectDashes","dashTemplate":[10,10],"lineDashEnding":"HalfPattern","offsetAlongLine":-5,"controlPointEnding":"HalfPattern"}],"enable":true,"capStyle":"Square","joinStyle":"Round","lineStyle3D":"Strip","miterLimit":10,"width":2,"color":[0,226,0,255]},{"type":"CIMVectorMarker","effects":[{"type":"CIMGeometricEffectAddControlPoints","angleTolerance":120}],"enable":true,"anchorPoint":{"x":-6.3230091230151772e-05,"y":0.036946089818763996},"anchorPointUnits":"Relative","dominantSizeAxis3D":"Z","size":20,"billboardMode3D":"None","markerPlacement":{"type":"CIMMarkerPlacementAlongLineSameSize","angleToLine":true,"controlPointPlacement":"WithHalfGap","endings":"WithHalfGap","offsetAlongLine":10,"placementTemplate":[20]},"frame":{"xmin":-2.98,"ymin":-3.2,"xmax":2.98,"ymax":2.76},"markerGraphics":[{"type":"CIMMarkerGraphic","geometry":{"paths":[[[-1.4,-0.001],[0.0,-2.904],[1.4,-0.041]]]},"symbol":{"type":"CIMLineSymbol","symbolLayers":[{"type":"CIMSolidStroke","enable":true,"capStyle":"Square","joinStyle":"Miter","lineStyle3D":"Strip","miterLimit":10,"width":0.59999999999999998,"color":[0,226,0,255]}]}}],"scaleSymbolsProportionally":true,"respectFrame":true}],"version":"2.0.0","build":"8933"}