{"type":"CIMPolygonSymbol","symbolLayers":[{"type":"CIMVectorMarker","enable":true,"anchorPointUnits":"Relative","dominantSizeAxis3D":"Z","size":10,"billboardMode3D":"FaceNearPlane","markerPlacement":{"type":"CIMMarkerPlacementPolygonCenter","method":"OnPolygon"},"frame":{"xmin":-5.0,"ymin":-5.0,"xmax":5.0,"ymax":5.0},"markerGraphics":[{"type":"CIMMarkerGraphic","geometry":{"x":0,"y":0},"symbol":{"type":"CIMTextSymbol","blockProgression":"TTB","compatibilityMode":true,"depth3D":1,"drawSoftHyphen":true,"extrapolateBaselines":true,"flipAngle":90,"fontEffects":"Normal","fontEncoding":"Unicode","fontFamilyName":"Arial","fontStyleName":"Bold","fontType":"Unspecified","haloSize":0.80000000000000004,"haloSymbol":{"type":"CIMPolygonSymbol","symbolLayers":[{"type":"CIMSolidFill","enable":true,"color":[255,255,255,255]}]},"height":8.25,"hinting":"Default","horizontalAlignment":"Center","kerning":true,"letterWidth":100,"ligatures":false,"lineGapType":"ExtraLeading","shadowColor":[0,0,0,255],"symbol":{"type":"CIMPolygonSymbol","symbolLayers":[{"type":"CIMSolidStroke","enable":true,"colorLocked":true,"capStyle":"Round","joinStyle":"Round","lineStyle3D":"Strip","miterLimit":10,"width":0,"color":[255,255,255,255]},{"type":"CIMSolidFill","enable":true,"colorLocked":true,"color":[0,226,0,255]}]},"textCase":"Normal","textDirection":"LTR","verticalAlignment":"Center","verticalGlyphOrientation":"Right","wordSpacing":100,"billboardMode3D":"FaceNearPlane"},"textString":"[datetimevalid]","primitiveName":"cm_color"}],"respectFrame":true},{"type":"CIMVectorMarker","enable":true,"anchorPointUnits":"Relative","dominantSizeAxis3D":"Z","size":10,"billboardMode3D":"FaceNearPlane","markerPlacement":{"type":"CIMMarkerPlacementPolygonCenter","method":"OnPolygon"},"frame":{"xmin":-5.0,"ymin":-5.0,"xmax":5.0,"ymax":5.0},"markerGraphics":[{"type":"CIMMarkerGraphic","geometry":{"x":0,"y":0},"symbol":{"type":"CIMTextSymbol","blockProgression":"TTB","compatibilityMode":true,"depth3D":1,"drawSoftHyphen":true,"extrapolateBaselines":true,"flipAngle":90,"fontEffects":"Normal","fontEncoding":"Unicode","fontFamilyName":"Arial","fontStyleName":"Bold","fontType":"Unspecified","haloSize":0.80000000000000004,"haloSymbol":{"type":"CIMPolygonSymbol","symbolLayers":[{"type":"CIMSolidFill","enable":true,"color":[255,255,255,255]}]},"height":8.25,"hinting":"Default","horizontalAlignment":"Center","kerning":true,"letterWidth":100,"ligatures":false,"lineGapType":"ExtraLeading","shadowColor":[0,0,0,255],"symbol":{"type":"CIMPolygonSymbol","symbolLayers":[{"type":"CIMSolidStroke","enable":true,"colorLocked":true,"capStyle":"Round","joinStyle":"Round","lineStyle3D":"Strip","miterLimit":10,"width":0,"color":[255,255,255,255]},{"type":"CIMSolidFill","enable":true,"colorLocked":true,"color":[0,226,0,255]}]},"textCase":"Normal","textDirection":"LTR","verticalAlignment":"Center","verticalGlyphOrientation":"Right","wordSpacing":100,"billboardMode3D":"FaceNearPlane"},"textString":"[additionalinformation]","primitiveName":"cm_color"}],"respectFrame":true},{"type":"CIMVectorMarker","enable":true,"primitiveName":"5.0","anchorPoint":{"x":0,"y":0},"anchorPointUnits":"Relative","dominantSizeAxis3D":"Z","size":35,"billboardMode3D":"FaceNearPlane","markerPlacement":{"type":"CIMMarkerPlacementPolygonCenter","primitiveName":"6.1","method":"OnPolygon"},"frame":{"xmin":-4.0,"ymin":-4.0,"xmax":4.0,"ymax":4.0},"markerGraphics":[{"type":"CIMMarkerGraphic","geometry":{"rings":[[[0.0,1.0],[0.195,0.981],[0.382,0.924],[0.555,0.832],[0.707,0.707],[0.832,0.555],[0.924,0.382],[0.981,0.195],[1.0,0.0],[0.981,-0.195],[0.924,-0.382],[0.832,-0.555],[0.707,-0.707],[0.555,-0.832],[0.382,-0.924],[0.195,-0.981],[0.0,-1.0],[-0.195,-0.981],[-0.382,-0.924],[-0.555,-0.832],[-0.707,-0.707],[-0.832,-0.555],[-0.924,-0.382],[-0.981,-0.195],[-1.0,0.0],[-0.981,0.195],[-0.924,0.382],[-0.832,0.555],[-0.707,0.707],[-0.555,0.832],[-0.382,0.924],[-0.195,0.981],[0.0,1.0]]]},"symbol":{"type":"CIMPolygonSymbol","symbolLayers":[{"type":"CIMSolidFill","enable":true,"colorLocked":true,"color":[0,226,0,255]}]}},{"type":"CIMMarkerGraphic","geometry":{"rings":[[[-3.0,1.0],[-2.805,0.981],[-2.618,0.924],[-2.445,0.832],[-2.293,0.707],[-2.168,0.555],[-2.076,0.382],[-2.019,0.195],[-2.0,0.0],[-2.019,-0.195],[-2.076,-0.382],[-2.168,-0.555],[-2.293,-0.707],[-2.445,-0.832],[-2.618,-0.924],[-2.805,-0.981],[-3.0,-1.0],[-3.195,-0.981],[-3.382,-0.924],[-3.555,-0.832],[-3.707,-0.707],[-3.832,-0.555],[-3.924,-0.382],[-3.981,-0.195],[-4.0,0.0],[-3.981,0.195],[-3.924,0.382],[-3.832,0.555],[-3.707,0.707],[-3.555,0.832],[-3.382,0.924],[-3.195,0.981],[-3.0,1.0]]]},"symbol":{"type":"CIMPolygonSymbol","symbolLayers":[{"type":"CIMSolidFill","enable":true,"colorLocked":true,"color":[0,226,0,255]}]}},{"type":"CIMMarkerGraphic","geometry":{"rings":[[[3.0,1.0],[3.195,0.981],[3.382,0.924],[3.555,0.832],[3.707,0.707],[3.832,0.555],[3.924,0.382],[3.981,0.195],[4.0,0.0],[3.981,-0.195],[3.924,-0.382],[3.832,-0.555],[3.707,-0.707],[3.555,-0.832],[3.382,-0.924],[3.195,-0.981],[3.0,-1.0],[2.805,-0.981],[2.618,-0.924],[2.445,-0.832],[2.293,-0.707],[2.168,-0.555],[2.076,-0.382],[2.019,-0.195],[2.0,0.0],[2.019,0.195],[2.076,0.382],[2.168,0.555],[2.293,0.707],[2.445,0.832],[2.618,0.924],[2.805,0.981],[3.0,1.0]]]},"symbol":{"type":"CIMPolygonSymbol","symbolLayers":[{"type":"CIMSolidFill","enable":true,"colorLocked":true,"color":[0,226,0,255]}]}}],"respectFrame":true},{"type":"CIMSolidStroke","enable":true,"colorLocked":true,"primitiveName":"2.0","capStyle":"Round","joinStyle":"Round","lineStyle3D":"Strip","miterLimit":10,"width":2,"color":[0,226,0,255]}],"version":"2.0.0","build":"8933"}