{"type":"CIMPolygonSymbol","effects":[{"type":"CIMGeometricEffectCut","primitiveName":"echelon_cut","beginCut":0,"endCut":0}],"symbolLayers":[{"type":"CIMVectorMarker","enable":true,"anchorPoint":{"x":0,"y":-0.48888888888888893},"anchorPointUnits":"Relative","dominantSizeAxis3D":"Z","size":10,"billboardMode3D":"None","markerPlacement":{"type":"CIMMarkerPlacementAlongLineSameSize","angleToLine":true,"controlPointPlacement":"WithMarkers","endings":"WithFullGap","offsetAlongLine":10,"placementTemplate":[10]},"frame":{"xmin":-4.5,"ymin":-0.1,"xmax":4.5,"ymax":8.9},"markerGraphics":[{"type":"CIMMarkerGraphic","geometry":{"paths":[[[0.0,8.4],[0.0,0.4]]]},"symbol":{"type":"CIMLineSymbol","symbolLayers":[{"type":"CIMSolidStroke","enable":true,"primitiveName":"cm_color","capStyle":"Square","joinStyle":"Round","lineStyle3D":"Strip","miterLimit":10,"width":1,"color":[0,0,0,255]}]}}],"scaleSymbolsProportionally":true,"respectFrame":true},{"type":"CIMSolidStroke","enable":true,"primitiveName":"cm_color","capStyle":"Round","joinStyle":"Round","lineStyle3D":"Strip","miterLimit":10,"width":2,"color":[0,0,0,255]}],"version":"2.0.0","build":"8933"}