{"type":"CIMPointSymbol","symbolLayers":[{"type":"CIMVectorMarker","enable":true,"anchorPointUnits":"Relative","dominantSizeAxis3D":"Z","size":64,"billboardMode3D":"FaceNearPlane","frame":{"xmin":0,"ymin":0,"xmax":612,"ymax":792},"markerGraphics":[{"type":"CIMMarkerGraphic","geometry":{"rings":[[[307.5,326.5],[314.4,327.1],[321.2,328.9],[327.5,331.9],[333.2,335.9],[338.1,340.8],[342.1,346.5],[345.1,352.8],[346.9,359.6],[347.5,366.5],[346.9,373.4],[345.1,380.2],[342.1,386.5],[338.1,392.2],[333.2,397.1],[327.5,401.1],[321.2,404.1],[314.4,405.9],[307.5,406.5],[300.6,405.9],[293.8,404.1],[287.5,401.1],[281.8,397.1],[276.9,392.2],[272.9,386.5],[269.9,380.2],[268.1,373.4],[267.5,366.5],[268.1,359.6],[269.9,352.8],[272.9,346.5],[276.9,340.8],[281.8,335.9],[287.5,331.9],[293.8,328.9],[300.6,327.1],[307.5,326.5]]]},"symbol":{"type":"CIMPolygonSymbol","symbolLayers":[{"type":"CIMSolidFill","enable":true,"color":[255,255,128,255]}]}},{"type":"CIMMarkerGraphic","geometry":{"rings":[[[307.5,326.5],[314.4,327.1],[321.2,328.9],[327.5,331.9],[333.2,335.9],[338.1,340.8],[342.1,346.5],[345.1,352.8],[346.9,359.6],[347.5,366.5],[346.9,373.4],[345.1,380.2],[342.1,386.5],[338.1,392.2],[333.2,397.1],[327.5,401.1],[321.2,404.1],[314.4,405.9],[307.5,406.5],[300.6,405.9],[293.8,404.1],[287.5,401.1],[281.8,397.1],[276.9,392.2],[272.9,386.5],[269.9,380.2],[268.1,373.4],[267.5,366.5],[268.1,359.6],[269.9,352.8],[272.9,346.5],[276.9,340.8],[281.8,335.9],[287.5,331.9],[293.8,328.9],[300.6,327.1],[307.5,326.5]]]},"symbol":{"type":"CIMPolygonSymbol","symbolLayers":[{"type":"CIMSolidStroke","effects":[{"type":"CIMGeometricEffectAddControlPoints","angleTolerance":120},{"type":"CIMGeometricEffectDashes","dashTemplate":[30.9375,30.9375],"lineDashEnding":"FullPattern","controlPointEnding":"NoConstraint"}],"enable":true,"primitiveName":"cm_color","capStyle":"Butt","joinStyle":"Miter","lineStyle3D":"Strip","miterLimit":10,"width":5,"color":[0,0,0,255]}]}},{"type":"CIMMarkerGraphic","geometry":{"rings":[[[322.5,401.8],[322.5,476.5],[292.5,476.5],[292.5,401.8],[322.5,401.8]]]},"symbol":{"type":"CIMPolygonSymbol","symbolLayers":[{"type":"CIMSolidFill","enable":true,"color":[255,255,128,255]}]}},{"type":"CIMMarkerGraphic","geometry":{"paths":[[[292.5,401.8],[292.5,476.5],[322.5,476.5],[322.5,401.8]]]},"symbol":{"type":"CIMPolygonSymbol","symbolLayers":[{"type":"CIMSolidStroke","effects":[{"type":"CIMGeometricEffectAddControlPoints","angleTolerance":120},{"type":"CIMGeometricEffectDashes","dashTemplate":[30.9375,30.9375],"lineDashEnding":"FullPattern","controlPointEnding":"NoConstraint"}],"enable":true,"primitiveName":"cm_color","capStyle":"Butt","joinStyle":"Miter","lineStyle3D":"Strip","miterLimit":10,"width":5,"color":[0,0,0,255]}]}},{"type":"CIMMarkerGraphic","geometry":{"x":295.5,"y":357.21875},"symbol":{"type":"CIMTextSymbol","blockProgression":"TTB","depth3D":1,"extrapolateBaselines":true,"fontEffects":"Normal","fontEncoding":"Unicode","fontFamilyName":"Arial","fontType":"Unspecified","haloSize":1,"height":32,"hinting":"Default","horizontalAlignment":"Left","kerning":true,"letterWidth":100,"ligatures":true,"lineGapType":"ExtraLeading","symbol":{"type":"CIMPolygonSymbol","symbolLayers":[{"type":"CIMSolidFill","enable":true,"primitiveName":"cm_color","color":[0,0,0,255]}]},"textCase":"Normal","textDirection":"LTR","verticalAlignment":"Baseline","verticalGlyphOrientation":"Right","wordSpacing":100,"billboardMode3D":"FaceNearPlane"},"textString":"C"},{"type":"CIMMarkerGraphic","geometry":{"rings":[[[314.5,364.86],[314.09,363.61],[313.53,362.53],[312.82,361.61],[311.95,360.85],[310.96,360.26],[309.87,359.84],[308.67,359.58],[307.36,359.5],[305.22,359.75],[303.23,360.49],[302.33,361.05],[301.56,361.74],[300.92,362.55],[300.41,363.48],[299.73,365.66],[299.5,368.17],[299.68,370.22],[300.23,372.21],[300.67,373.14],[301.24,373.97],[301.94,374.7],[302.77,375.34],[303.73,375.85],[304.8,376.21],[305.98,376.43],[307.27,376.5],[309.41,376.24],[310.33,375.91],[311.15,375.45],[311.87,374.85],[312.51,374.09],[313.5,372.11],[316.5,372.75],[315.95,374.26],[315.22,375.6],[314.3,376.75],[313.21,377.73],[311.96,378.5],[310.57,379.06],[309.05,379.39],[307.39,379.5],[305.9,379.42],[304.47,379.16],[303.1,378.74],[301.8,378.16],[300.6,377.41],[299.54,376.5],[298.64,375.44],[297.88,374.23],[297.27,372.88],[296.84,371.42],[296.59,369.85],[296.5,368.17],[296.58,366.6],[296.81,365.09],[297.21,363.62],[297.76,362.2],[298.46,360.9],[299.3,359.75],[300.29,358.77],[301.42,357.96],[302.71,357.32],[304.19,356.87],[305.84,356.59],[307.67,356.5],[309.45,356.62],[311.09,356.99],[312.59,357.6],[313.95,358.46],[315.13,359.55],[316.12,360.87],[316.91,362.4],[317.5,364.16],[314.5,364.86]]]},"symbol":{"type":"CIMPolygonSymbol","symbolLayers":[{"type":"CIMSolidStroke","enable":true,"primitiveName":"cm_color","capStyle":"Round","joinStyle":"Miter","lineStyle3D":"Strip","miterLimit":10,"width":1,"color":[0,0,0,255]}]}},{"type":"CIMMarkerGraphic","geometry":{"rings":[[[151.5,383.5],[231.5,383.5],[231.5,415.5],[151.5,415.5],[151.5,383.5]]]},"symbol":{"type":"CIMPolygonSymbol","symbolLayers":[{"type":"CIMSolidFill","enable":true,"color":[255,255,255,255]}]}},{"type":"CIMMarkerGraphic","geometry":{"rings":[[[151.5,383.5],[231.5,383.5],[231.5,415.5],[151.5,415.5],[151.5,383.5]]]},"symbol":{"type":"CIMPolygonSymbol","symbolLayers":[{"type":"CIMSolidStroke","effects":[{"type":"CIMGeometricEffectAddControlPoints","angleTolerance":120},{"type":"CIMGeometricEffectDashes","dashTemplate":[30.9375,30.9375],"lineDashEnding":"FullPattern","controlPointEnding":"NoConstraint"}],"enable":true,"capStyle":"Butt","joinStyle":"Miter","lineStyle3D":"Strip","miterLimit":10,"width":1,"color":[255,255,255,255]}]}},{"type":"CIMMarkerGraphic","geometry":{"x":153.5,"y":387.30859375},"symbol":{"type":"CIMTextSymbol","blockProgression":"TTB","depth3D":1,"extrapolateBaselines":true,"fontEffects":"Normal","fontEncoding":"Unicode","fontFamilyName":"Arial","fontType":"Unspecified","haloSize":1,"height":36,"hinting":"Default","horizontalAlignment":"Left","kerning":true,"letterWidth":100,"ligatures":true,"lineGapType":"ExtraLeading","symbol":{"type":"CIMPolygonSymbol","symbolLayers":[{"type":"CIMSolidFill","enable":true,"primitiveName":"cm_color","color":[0,0,0,255]}]},"textCase":"Normal","textDirection":"LTR","verticalAlignment":"Baseline","verticalGlyphOrientation":"Right","wordSpacing":100,"billboardMode3D":"FaceNearPlane"},"textString":"CML"},{"type":"CIMMarkerGraphic","geometry":{"rings":[[[174.5,395.8],[174.07,394.33],[173.47,393.06],[172.71,391.98],[171.79,391.09],[170.73,390.39],[169.56,389.9],[168.28,389.6],[166.89,389.5],[164.6,389.79],[162.48,390.66],[161.52,391.32],[160.71,392.13],[160.02,393.08],[159.47,394.19],[158.74,396.75],[158.5,399.7],[158.7,402.12],[159.28,404.46],[159.74,405.55],[160.35,406.53],[161.1,407.39],[162.0,408.13],[163.03,408.73],[164.17,409.16],[165.43,409.41],[166.81,409.5],[169.11,409.19],[170.1,408.81],[170.98,408.27],[171.75,407.56],[172.43,406.66],[173.5,404.33],[176.5,405.09],[175.92,406.75],[175.15,408.22],[174.19,409.48],[173.05,410.55],[171.73,411.41],[170.28,412.01],[168.68,412.38],[166.94,412.5],[165.37,412.41],[163.87,412.12],[162.43,411.65],[161.06,410.98],[159.8,410.14],[158.7,409.12],[157.74,407.92],[156.95,406.54],[156.31,405.01],[155.86,403.36],[155.59,401.59],[155.5,399.69],[155.83,396.21],[156.24,394.55],[156.81,392.95],[157.54,391.48],[158.43,390.18],[159.46,389.08],[160.65,388.16],[162.0,387.43],[163.55,386.91],[165.28,386.6],[167.2,386.5],[169.07,386.64],[170.78,387.04],[172.35,387.72],[173.77,388.67],[175.02,389.88],[176.05,391.33],[176.88,393.03],[177.5,394.97],[174.5,395.8]]]},"symbol":{"type":"CIMPolygonSymbol","symbolLayers":[{"type":"CIMSolidStroke","enable":true,"primitiveName":"cm_color","capStyle":"Round","joinStyle":"Miter","lineStyle3D":"Strip","miterLimit":10,"width":1,"color":[0,0,0,255]}]}},{"type":"CIMMarkerGraphic","geometry":{"rings":[[[185.5,386.5],[185.5,409.5],[192.12,386.5],[195.75,386.5],[202.5,409.5],[202.5,386.5],[205.5,386.5],[205.5,412.5],[200.42,412.5],[195.17,394.58],[194.0,390.44],[192.95,394.27],[187.73,412.5],[182.5,412.5],[182.5,386.5],[185.5,386.5]]]},"symbol":{"type":"CIMPolygonSymbol","symbolLayers":[{"type":"CIMSolidStroke","enable":true,"primitiveName":"cm_color","capStyle":"Round","joinStyle":"Miter","lineStyle3D":"Strip","miterLimit":10,"width":1,"color":[0,0,0,255]}]}},{"type":"CIMMarkerGraphic","geometry":{"rings":[[[228.49,386.5],[228.49,389.5],[215.49,389.5],[215.49,412.5],[212.49,412.5],[212.49,386.5],[228.49,386.5]]]},"symbol":{"type":"CIMPolygonSymbol","symbolLayers":[{"type":"CIMSolidStroke","enable":true,"primitiveName":"cm_color","capStyle":"Round","joinStyle":"Miter","lineStyle3D":"Strip","miterLimit":10,"width":1,"color":[0,0,0,255]}]}}],"scaleSymbolsProportionally":true,"respectFrame":true}],"haloSize":1,"scaleX":1,"angleAlignment":"Display","version":"2.0.0","build":"8933"}