{"type":"CIMLineSymbol","symbolLayers":[{"type":"CIMSolidStroke","enable":true,"capStyle":"Butt","joinStyle":"Miter","lineStyle3D":"Strip","miterLimit":10,"width":2,"color":[0,226,0,255]},{"type":"CIMVectorMarker","effects":[{"type":"CIMGeometricEffectOffset","method":"Square","offset":5,"option":"Fast"}],"enable":true,"anchorPoint":{"x":-0.0021591610117211546,"y":0},"anchorPointUnits":"Relative","dominantSizeAxis3D":"Z","size":10,"billboardMode3D":"None","markerPlacement":{"type":"CIMMarkerPlacementAlongLineSameSize","angleToLine":true,"controlPointPlacement":"WithHalfGap","endings":"WithHalfGap","offsetAlongLine":7.5,"placementTemplate":[15]},"frame":{"xmin":-7.75,"ymin":-7.79,"xmax":7.82,"ymax":7.79},"markerGraphics":[{"type":"CIMMarkerGraphic","geometry":{"rings":[[[-7.3,7.16],[-2.43,7.16],[0.12,2.75],[2.57,7.16],[7.41,7.16],[2.95,0.23],[7.82,-7.16],[2.85,-7.16],[0.03,-2.56],[-2.8,-7.16],[-7.75,-7.16],[-2.8,0.3],[-7.3,7.16]]]},"symbol":{"type":"CIMPolygonSymbol","symbolLayers":[{"type":"CIMSolidFill","enable":true,"color":[0,226,0,255]}]}}],"scaleSymbolsProportionally":true,"respectFrame":true}],"version":"2.0.0","build":"8933"}