{"type":"CIMLineSymbol","symbolLayers":[{"type":"CIMVectorMarker","enable":true,"anchorPoint":{"x":-0.186046511627907,"y":-0.16475965643678739},"anchorPointUnits":"Relative","dominantSizeAxis3D":"Z","size":30,"billboardMode3D":"None","markerPlacement":{"type":"CIMMarkerPlacementAtExtremities","angleToLine":true,"extremityPlacement":"JustBegin"},"frame":{"xmin":-0.675,"ymin":-0.721,"xmax":1.475,"ymax":1.429},"markerGraphics":[{"type":"CIMMarkerGraphic","geometry":{"paths":[[[0.0,-0.646],[0.0,1.354]]]},"symbol":{"type":"CIMLineSymbol","symbolLayers":[{"type":"CIMSolidStroke","enable":true,"capStyle":"Butt","joinStyle":"Round","lineStyle3D":"Strip","miterLimit":10,"width":0.14999999999999999,"color":[0,226,0,255]}]}},{"type":"CIMMarkerGraphic","geometry":{"paths":[[[0.0,-0.046],[0.8,-0.046]]]},"symbol":{"type":"CIMLineSymbol","symbolLayers":[{"type":"CIMSolidStroke","enable":true,"capStyle":"Butt","joinStyle":"Round","lineStyle3D":"Strip","miterLimit":10,"width":0.14999999999999999,"color":[0,226,0,255]}]}}],"scaleSymbolsProportionally":true,"respectFrame":true},{"type":"CIMVectorMarker","effects":[{"type":"CIMGeometricEffectCut","beginCut":1,"endCut":30},{"type":"CIMGeometricEffectOffset","method":"Square","offset":-18,"option":"Fast"}],"enable":true,"anchorPoint":{"x":0.43519751630173609,"y":-0.0058717253839205407},"anchorPointUnits":"Relative","dominantSizeAxis3D":"Z","size":10,"billboardMode3D":"None","markerPlacement":{"type":"CIMMarkerPlacementAtExtremities","angleToLine":true,"extremityPlacement":"JustEnd"},"frame":{"xmin":-10.35,"ymin":-5.47,"xmax":0.72,"ymax":5.6},"markerGraphics":[{"type":"CIMMarkerGraphic","geometry":{"rings":[[[-9.8,-5.47],[-9.8,5.6],[0.16,-0.03],[-9.8,-5.47]]]},"symbol":{"type":"CIMPolygonSymbol","symbolLayers":[{"type":"CIMSolidFill","enable":true,"color":[0,226,0,255]}]}}],"scaleSymbolsProportionally":true,"respectFrame":true},{"type":"CIMSolidStroke","effects":[{"type":"CIMGeometricEffectCut","beginCut":1,"endCut":30},{"type":"CIMGeometricEffectOffset","method":"Square","offset":-18,"option":"Fast"}],"enable":true,"capStyle":"Round","joinStyle":"Round","lineStyle3D":"Strip","miterLimit":10,"width":2,"color":[0,226,0,255]},{"type":"CIMVectorMarker","effects":[{"type":"CIMGeometricEffectCut","beginCut":1,"endCut":15},{"type":"CIMGeometricEffectOffset","method":"Square","offset":-4,"option":"Fast"}],"enable":true,"anchorPoint":{"x":0.43519751630173609,"y":-0.0058717253839205407},"anchorPointUnits":"Relative","dominantSizeAxis3D":"Z","size":10,"billboardMode3D":"None","markerPlacement":{"type":"CIMMarkerPlacementAtExtremities","angleToLine":true,"extremityPlacement":"JustEnd"},"frame":{"xmin":-10.35,"ymin":-5.47,"xmax":0.72,"ymax":5.6},"markerGraphics":[{"type":"CIMMarkerGraphic","geometry":{"rings":[[[-9.8,-5.47],[-9.8,5.6],[0.16,-0.03],[-9.8,-5.47]]]},"symbol":{"type":"CIMPolygonSymbol","symbolLayers":[{"type":"CIMSolidFill","enable":true,"color":[0,226,0,255]}]}}],"scaleSymbolsProportionally":true,"respectFrame":true},{"type":"CIMSolidStroke","effects":[{"type":"CIMGeometricEffectOffset","method":"Square","offset":-4,"option":"Fast"},{"type":"CIMGeometricEffectCut","beginCut":1,"endCut":15}],"enable":true,"capStyle":"Round","joinStyle":"Round","lineStyle3D":"Strip","miterLimit":10,"width":2,"color":[0,226,0,255]},{"type":"CIMVectorMarker","effects":[{"type":"CIMGeometricEffectOffset","method":"Square","offset":10,"option":"Fast"}],"enable":true,"anchorPoint":{"x":0.43519751630173609,"y":-0.0058717253839205407},"anchorPointUnits":"Relative","dominantSizeAxis3D":"Z","size":10,"billboardMode3D":"None","markerPlacement":{"type":"CIMMarkerPlacementAtExtremities","angleToLine":true,"extremityPlacement":"JustEnd"},"frame":{"xmin":-10.35,"ymin":-5.47,"xmax":0.72,"ymax":5.6},"markerGraphics":[{"type":"CIMMarkerGraphic","geometry":{"rings":[[[-9.8,-5.47],[-9.8,5.6],[0.16,-0.03],[-9.8,-5.47]]]},"symbol":{"type":"CIMPolygonSymbol","symbolLayers":[{"type":"CIMSolidFill","enable":true,"color":[0,226,0,255]}]}}],"scaleSymbolsProportionally":true,"respectFrame":true},{"type":"CIMSolidStroke","effects":[{"type":"CIMGeometricEffectOffset","method":"Square","offset":10,"option":"Fast"}],"enable":true,"capStyle":"Round","joinStyle":"Round","lineStyle3D":"Strip","miterLimit":10,"width":2,"color":[0,226,0,255]}],"version":"2.0.0","build":"8933"}