{"type":"CIMLineSymbol","symbolLayers":[{"type":"CIMVectorMarker","enable":true,"anchorPoint":{"x":0.45463006022629332,"y":0.45463197319958676},"anchorPointUnits":"Relative","dominantSizeAxis3D":"Z","rotation":15,"size":21,"billboardMode3D":"None","markerPlacement":{"type":"CIMMarkerPlacementOnLine","angleToLine":true,"relativeTo":"LineBeginning"},"frame":{"xmin":-1.052,"ymin":-1.052,"xmax":0.05,"ymax":0.05},"markerGraphics":[{"type":"CIMMarkerGraphic","geometry":{"paths":[[[-1.002,-1.0],[0.0,-0.002]]]},"symbol":{"type":"CIMLineSymbol","symbolLayers":[{"type":"CIMSolidStroke","effects":[{"type":"CIMGeometricEffectAddControlPoints","angleTolerance":120},{"type":"CIMGeometricEffectDashes","dashTemplate":[0.26238095238095238,0.26238095238095238],"lineDashEnding":"FullPattern","controlPointEnding":"NoConstraint"}],"enable":true,"primitiveName":"cm_color","capStyle":"Butt","joinStyle":"Miter","lineStyle3D":"Strip","miterLimit":10,"width":0.10000000000000001,"color":[0,0,0,255]}]}}],"scaleSymbolsProportionally":true,"respectFrame":true},{"type":"CIMVectorMarker","enable":true,"anchorPoint":{"x":-0.45265028881468733,"y":-0.45463559709896151},"anchorPointUnits":"Relative","dominantSizeAxis3D":"Z","rotation":15,"size":21,"billboardMode3D":"None","markerPlacement":{"type":"CIMMarkerPlacementOnLine","angleToLine":true,"relativeTo":"LineEnd"},"frame":{"xmin":-0.052,"ymin":-0.05,"xmax":1.05,"ymax":1.052},"markerGraphics":[{"type":"CIMMarkerGraphic","geometry":{"paths":[[[0.998,1.002],[0.0,0.0]]]},"symbol":{"type":"CIMLineSymbol","symbolLayers":[{"type":"CIMSolidStroke","effects":[{"type":"CIMGeometricEffectAddControlPoints","angleTolerance":120},{"type":"CIMGeometricEffectDashes","dashTemplate":[0.26238095238095238,0.26238095238095238],"lineDashEnding":"FullPattern","controlPointEnding":"NoConstraint"}],"enable":true,"primitiveName":"cm_color","capStyle":"Butt","joinStyle":"Miter","lineStyle3D":"Strip","miterLimit":10,"width":0.10000000000000001,"color":[0,0,0,255]}]}}],"scaleSymbolsProportionally":true,"respectFrame":true},{"type":"CIMVectorMarker","enable":true,"anchorPoint":{"x":-0.45454545454545453,"y":0.45454545454545453},"anchorPointUnits":"Relative","dominantSizeAxis3D":"Z","rotation":-15,"size":21,"billboardMode3D":"None","markerPlacement":{"type":"CIMMarkerPlacementOnLine","angleToLine":true,"relativeTo":"LineEnd"},"frame":{"xmin":-0.05,"ymin":-1.05,"xmax":1.05,"ymax":0.05},"markerGraphics":[{"type":"CIMMarkerGraphic","geometry":{"paths":[[[0.0,0.0],[1.0,-1.0]]]},"symbol":{"type":"CIMLineSymbol","symbolLayers":[{"type":"CIMSolidStroke","effects":[{"type":"CIMGeometricEffectAddControlPoints","angleTolerance":120},{"type":"CIMGeometricEffectDashes","dashTemplate":[0.26190476190476192,0.26190476190476192],"lineDashEnding":"FullPattern","controlPointEnding":"NoConstraint"}],"enable":true,"primitiveName":"cm_color","capStyle":"Butt","joinStyle":"Miter","lineStyle3D":"Strip","miterLimit":10,"width":0.10000000000000001,"color":[0,0,0,255]}]}}],"scaleSymbolsProportionally":true,"respectFrame":true},{"type":"CIMVectorMarker","enable":true,"anchorPoint":{"x":0.45454545454545453,"y":-0.45454545454545453},"anchorPointUnits":"Relative","dominantSizeAxis3D":"Z","rotation":-15,"size":21,"billboardMode3D":"None","markerPlacement":{"type":"CIMMarkerPlacementOnLine","angleToLine":true,"relativeTo":"LineBeginning"},"frame":{"xmin":-1.05,"ymin":-0.05,"xmax":0.05,"ymax":1.05},"markerGraphics":[{"type":"CIMMarkerGraphic","geometry":{"paths":[[[-1.0,1.0],[0.0,0.0]]]},"symbol":{"type":"CIMLineSymbol","symbolLayers":[{"type":"CIMSolidStroke","effects":[{"type":"CIMGeometricEffectAddControlPoints","angleTolerance":120},{"type":"CIMGeometricEffectDashes","dashTemplate":[0.26190476190476192,0.26190476190476192],"lineDashEnding":"FullPattern","controlPointEnding":"NoConstraint"}],"enable":true,"primitiveName":"cm_color","capStyle":"Butt","joinStyle":"Miter","lineStyle3D":"Strip","miterLimit":10,"width":0.10000000000000001,"color":[0,0,0,255]}]}}],"scaleSymbolsProportionally":true,"respectFrame":true},{"type":"CIMSolidStroke","effects":[{"type":"CIMGeometricEffectAddControlPoints","angleTolerance":120},{"type":"CIMGeometricEffectDashes","dashTemplate":[5,5],"lineDashEnding":"FullPattern","controlPointEnding":"NoConstraint"}],"enable":true,"primitiveName":"cm_color","capStyle":"Butt","joinStyle":"Round","lineStyle3D":"Strip","miterLimit":10,"width":2,"color":[0,0,0,255]}],"version":"2.0.0","build":"8933"}