{"type":"CIMPointSymbol","symbolLayers":[{"type":"CIMVectorMarker","enable":true,"colorLocked":true,"anchorPointUnits":"Relative","dominantSizeAxis3D":"Z","size":30,"billboardMode3D":"FaceNearPlane","frame":{"xmin":0,"ymin":0,"xmax":320,"ymax":320},"markerGraphics":[{"type":"CIMMarkerGraphic","geometry":{"rings":[[[160.0,312.0],[181.9,309.9],[202.8,303.6],[222.2,293.3],[239.2,279.3],[253.2,262.4],[263.5,243.1],[269.9,222.2],[272.0,200.4],[48.0,200.4],[50.1,222.2],[56.5,243.1],[66.8,262.4],[80.8,279.3],[97.8,293.3],[117.2,303.6],[138.1,309.9],[160.0,312.0]]]},"symbol":{"type":"CIMPolygonSymbol","symbolLayers":[{"type":"CIMSolidStroke","enable":true,"capStyle":"Butt","joinStyle":"Miter","lineStyle3D":"Strip","miterLimit":282,"width":3.9622690028389949,"color":[0,0,0,255]}]}},{"type":"CIMMarkerGraphic","geometry":{"rings":[[[120.0,200.4],[200.0,200.4],[200.0,40.9],[120.0,40.9],[120.0,200.4]]]},"symbol":{"type":"CIMPolygonSymbol","symbolLayers":[{"type":"CIMSolidStroke","enable":true,"capStyle":"Butt","joinStyle":"Miter","lineStyle3D":"Strip","miterLimit":282,"width":3.9622690028389949,"color":[0,0,0,255]}]}}],"scaleSymbolsProportionally":true,"respectFrame":true}],"haloSize":1,"scaleX":1,"angleAlignment":"Display","version":"2.0.0","build":"8933"}