{"type":"CIMPolygonSymbol","symbolLayers":[{"type":"CIMVectorMarker","enable":true,"anchorPoint":{"x":0.0056419711522251864,"y":-0.014862220205191432},"anchorPointUnits":"Relative","dominantSizeAxis3D":"Z","size":35,"billboardMode3D":"None","markerPlacement":{"type":"CIMMarkerPlacementPolygonCenter","method":"OnPolygon"},"frame":{"xmin":-1.114,"ymin":-1.069,"xmax":1.089,"ymax":1.134},"markerGraphics":[{"type":"CIMMarkerGraphic","geometry":{"rings":[[[-0.019,1.105],[0.146,1.091],[0.297,1.049],[0.435,0.984],[0.555,0.899],[0.651,0.795],[0.726,0.675],[0.772,0.542],[0.788,0.4],[-0.812,0.4],[-0.797,0.543],[-0.749,0.675],[-0.676,0.795],[-0.58,0.899],[-0.463,0.984],[-0.329,1.049],[-0.18,1.091],[-0.019,1.105]]]},"symbol":{"type":"CIMPolygonSymbol","symbolLayers":[{"type":"CIMSolidStroke","enable":true,"capStyle":"Round","joinStyle":"Round","lineStyle3D":"Strip","miterLimit":10,"width":1,"color":[0,0,0,255]},{"type":"CIMSolidFill","enable":true,"color":[255,255,0,255]}]}},{"type":"CIMMarkerGraphic","geometry":{"rings":[[[-0.2,0.381],[-0.2,-1.019],[0.2,-1.019],[0.2,0.381],[-0.2,0.381]]]},"symbol":{"type":"CIMPolygonSymbol","symbolLayers":[{"type":"CIMSolidFill","enable":true,"color":[255,255,0,255]},{"type":"CIMSolidStroke","enable":true,"capStyle":"Round","joinStyle":"Round","lineStyle3D":"Strip","miterLimit":10,"width":1.5,"color":[0,0,0,255]}]}},{"type":"CIMMarkerGraphic","geometry":{"rings":[[[-0.186,-0.082],[-0.077,-0.082],[0.065,-0.365],[0.065,-0.082],[0.175,-0.082],[0.175,-0.594],[0.065,-0.594],[-0.076,-0.313],[-0.076,-0.594],[-0.186,-0.594],[-0.186,-0.082]]]},"symbol":{"type":"CIMPolygonSymbol","symbolLayers":[{"type":"CIMSolidFill","enable":true,"color":[0,0,0,255]}]}}],"respectFrame":true},{"type":"CIMSolidStroke","effects":[{"type":"CIMGeometricEffectAddControlPoints","angleTolerance":120},{"type":"CIMGeometricEffectDashes","dashTemplate":[5,5],"lineDashEnding":"FullPattern","controlPointEnding":"NoConstraint"}],"enable":true,"primitiveName":"cm_color","capStyle":"Butt","joinStyle":"Round","lineStyle3D":"Strip","miterLimit":10,"width":2,"color":[0,0,0,255]},{"type":"CIMHatchFill","enable":true,"lineSymbol":{"type":"CIMLineSymbol","symbolLayers":[{"type":"CIMSolidStroke","enable":true,"primitiveName":"cm_color","capStyle":"Butt","joinStyle":"Round","lineStyle3D":"Strip","miterLimit":10,"width":1,"color":[104,104,104,255]}]},"rotation":45,"separation":10}],"version":"2.0.0","build":"8933"}