{"type":"CIMLineSymbol","symbolLayers":[{"type":"CIMVectorMarker","enable":true,"anchorPoint":{"x":-0.23230755296190075,"y":6.3441315692866097e-17},"anchorPointUnits":"Relative","dominantSizeAxis3D":"Z","size":13,"billboardMode3D":"None","markerPlacement":{"type":"CIMMarkerPlacementAtExtremities","angleToLine":true,"extremityPlacement":"JustBegin"},"frame":{"xmin":-3.75,"ymin":-7.0,"xmax":10.25,"ymax":7.0},"markerGraphics":[{"type":"CIMMarkerGraphic","geometry":{"rings":[[[6.25,7.0],[7.25,6.0],[2.01,0.78],[2.01,-0.74],[7.25,-6.0],[6.25,-7.0],[-0.75,0.0],[6.25,7.0]]]},"symbol":{"type":"CIMPolygonSymbol","symbolLayers":[{"type":"CIMSolidFill","enable":true,"primitiveName":"cm_color","color":[0,0,0,255]}]}}],"scaleSymbolsProportionally":true,"respectFrame":true},{"type":"CIMVectorMarker","effects":[{"type":"CIMGeometricEffectReverse","reverse":false}],"enable":true,"anchorPoint":{"x":-0.20279490667433331,"y":6.3441315692866097e-17},"anchorPointUnits":"Relative","dominantSizeAxis3D":"Z","size":13,"billboardMode3D":"None","markerPlacement":{"type":"CIMMarkerPlacementAtExtremities","angleToLine":true,"extremityPlacement":"JustEnd"},"frame":{"xmin":-4.16,"ymin":-7.0,"xmax":9.84,"ymax":7.0},"markerGraphics":[{"type":"CIMMarkerGraphic","geometry":{"rings":[[[5.84,7.0],[6.84,6.0],[1.6,0.78],[1.6,-0.74],[6.84,-6.0],[5.84,-7.0],[-1.16,0.0],[5.84,7.0]]]},"symbol":{"type":"CIMPolygonSymbol","symbolLayers":[{"type":"CIMSolidFill","enable":true,"primitiveName":"cm_color","color":[0,0,0,255]}]}}],"scaleSymbolsProportionally":true,"respectFrame":true},{"type":"CIMSolidStroke","effects":[{"type":"CIMGeometricEffectAddControlPoints","angleTolerance":120},{"type":"CIMGeometricEffectCut","primitiveName":"echelon_cut","beginCut":0,"endCut":0},{"type":"CIMGeometricEffectDashes","dashTemplate":[5,5],"lineDashEnding":"FullPattern","controlPointEnding":"NoConstraint"}],"enable":true,"primitiveName":"cm_color","capStyle":"Butt","joinStyle":"Round","lineStyle3D":"Strip","miterLimit":10,"width":2,"color":[0,0,0,255]}],"version":"2.0.0","build":"8933"}