{"type":"CIMLineSymbol","symbolLayers":[{"type":"CIMVectorMarker","enable":true,"anchorPoint":{"x":0.14892216569355385,"y":0.00019180687284552265},"anchorPointUnits":"Relative","dominantSizeAxis3D":"Z","size":10,"billboardMode3D":"None","markerPlacement":{"type":"CIMMarkerPlacementAtExtremities","angleToLine":true,"extremityPlacement":"JustEnd"},"frame":{"xmin":-7.24,"ymin":-5.58,"xmax":3.91,"ymax":5.57},"markerGraphics":[{"type":"CIMMarkerGraphic","geometry":{"rings":[[[-5.0,-5.58],[-5.0,5.57],[1.68,0.0],[-5.0,-5.58]]]},"symbol":{"type":"CIMPolygonSymbol","symbolLayers":[{"type":"CIMSolidFill","enable":true,"color":[0,226,0,255]}]}}],"scaleSymbolsProportionally":true,"respectFrame":true},{"type":"CIMSolidStroke","effects":[{"type":"CIMGeometricEffectDashes","dashTemplate":[5,5],"lineDashEnding":"NoConstraint","controlPointEnding":"NoConstraint"}],"enable":true,"capStyle":"Butt","joinStyle":"Round","lineStyle3D":"Strip","miterLimit":10,"width":2,"color":[0,226,0,255]}],"version":"2.0.0","build":"8933"}