{"type":"CIMLineSymbol","symbolLayers":[{"type":"CIMSolidStroke","effects":[{"type":"CIMGeometricEffectAddControlPoints","angleTolerance":120},{"type":"CIMGeometricEffectDashes","dashTemplate":[15.5,19.5],"lineDashEnding":"HalfPattern","controlPointEnding":"NoConstraint"},{"type":"CIMGeometricEffectDashes","dashTemplate":[8.75,8.75],"lineDashEnding":"FullPattern","controlPointEnding":"NoConstraint"}],"enable":true,"capStyle":"Butt","joinStyle":"Miter","lineStyle3D":"Strip","miterLimit":10,"width":2,"color":[0,226,0,255]},{"type":"CIMVectorMarker","enable":true,"anchorPoint":{"x":-0.015923566878980892,"y":-0.0012527652585295891},"anchorPointUnits":"Relative","dominantSizeAxis3D":"Z","size":20,"billboardMode3D":"None","markerPlacement":{"type":"CIMMarkerPlacementAlongLineSameSize","angleToLine":true,"controlPointPlacement":"WithHalfGap","endings":"WithHalfGap","offsetAlongLine":17.5,"placementTemplate":[35]},"frame":{"xmin":-15.2,"ymin":-15.7,"xmax":16.2,"ymax":15.7},"markerGraphics":[{"type":"CIMMarkerGraphic","geometry":{"rings":[[[1.08,7.2],[5.95,7.2],[8.5,2.79],[10.96,7.2],[15.79,7.2],[11.33,0.27],[16.2,-7.12],[11.23,-7.12],[8.41,-2.52],[5.58,-7.12],[0.63,-7.12],[5.58,0.34],[1.08,7.2]]]},"symbol":{"type":"CIMPolygonSymbol","symbolLayers":[{"type":"CIMSolidFill","enable":true,"color":[0,226,0,255]}]}},{"type":"CIMMarkerGraphic","geometry":{"rings":[[[-14.75,7.2],[-9.88,7.2],[-7.33,2.79],[-4.87,7.2],[-0.04,7.2],[-4.5,0.27],[0.37,-7.12],[-4.6,-7.12],[-7.42,-2.52],[-10.25,-7.12],[-15.2,-7.12],[-10.25,0.34],[-14.75,7.2]]]},"symbol":{"type":"CIMPolygonSymbol","symbolLayers":[{"type":"CIMSolidFill","enable":true,"color":[0,226,0,255]}]}}],"scaleSymbolsProportionally":true,"respectFrame":true}],"version":"2.0.0","build":"8933"}