{"type":"CIMLineSymbol","symbolLayers":[{"type":"CIMVectorMarker","effects":[{"type":"CIMGeometricEffectOffset","method":"Square","offset":-5,"option":"Fast"}],"enable":true,"anchorPoint":{"x":0,"y":0},"anchorPointUnits":"Relative","dominantSizeAxis3D":"Z","size":6,"billboardMode3D":"None","markerPlacement":{"type":"CIMMarkerPlacementAlongLineSameSize","angleToLine":true,"controlPointPlacement":"WithMarkers","endings":"WithFullGap","offsetAlongLine":18,"placementTemplate":[18]},"frame":{"xmin":-1.1,"ymin":-1.1,"xmax":1.1,"ymax":1.1},"markerGraphics":[{"type":"CIMMarkerGraphic","geometry":{"rings":[[[0.0,1.1],[0.215,1.079],[0.421,1.017],[0.611,0.915],[0.778,0.778],[0.915,0.611],[1.017,0.421],[1.079,0.215],[1.1,0.0],[1.079,-0.215],[1.017,-0.421],[0.915,-0.611],[0.778,-0.778],[0.611,-0.915],[0.421,-1.017],[0.215,-1.079],[0.0,-1.1],[-0.215,-1.079],[-0.421,-1.017],[-0.611,-0.915],[-0.778,-0.778],[-0.915,-0.611],[-1.017,-0.421],[-1.079,-0.215],[-1.1,0.0],[-1.079,0.215],[-1.017,0.421],[-0.915,0.611],[-0.778,0.778],[-0.611,0.915],[-0.421,1.017],[-0.215,1.079],[0.0,1.1]]]},"symbol":{"type":"CIMPolygonSymbol","symbolLayers":[{"type":"CIMSolidFill","enable":true,"color":[0,226,0,255]}]}}],"scaleSymbolsProportionally":true,"respectFrame":true},{"type":"CIMVectorMarker","enable":true,"anchorPoint":{"x":0.0017246529041744884,"y":0.44035276961301822},"anchorPointUnits":"Relative","dominantSizeAxis3D":"Z","size":11,"billboardMode3D":"None","markerPlacement":{"type":"CIMMarkerPlacementAlongLineSameSize","angleToLine":true,"controlPointPlacement":"WithHalfGap","customEndingOffset":10,"endings":"WithHalfGap","offsetAlongLine":9,"placementTemplate":[18]},"frame":{"xmin":-5.58,"ymin":-10.45,"xmax":5.54,"ymax":0.66},"markerGraphics":[{"type":"CIMMarkerGraphic","geometry":{"rings":[[[-5.58,0.0],[5.54,-0.01],[-0.12,-9.79],[-5.58,0.0]]]},"symbol":{"type":"CIMPolygonSymbol","symbolLayers":[{"type":"CIMSolidFill","enable":true,"color":[0,226,0,255]}]}}],"scaleSymbolsProportionally":true,"respectFrame":true},{"type":"CIMSolidStroke","enable":true,"capStyle":"Butt","joinStyle":"Round","lineStyle3D":"Strip","miterLimit":10,"width":1,"color":[0,226,0,255]}],"version":"2.0.0","build":"8933"}