{"type":"CIMLineSymbol","symbolLayers":[{"type":"CIMSolidStroke","effects":[{"type":"CIMGeometricEffectOffset","method":"Square","offset":-5,"option":"Fast"},{"type":"CIMGeometricEffectAddControlPoints","angleTolerance":120}],"enable":true,"capStyle":"Butt","joinStyle":"Miter","lineStyle3D":"Strip","miterLimit":10,"width":2,"color":[0,226,0,255]},{"type":"CIMSolidStroke","effects":[{"type":"CIMGeometricEffectOffset","method":"Square","offset":5,"option":"Fast"},{"type":"CIMGeometricEffectAddControlPoints","angleTolerance":120}],"enable":true,"capStyle":"Butt","joinStyle":"Miter","lineStyle3D":"Strip","miterLimit":10,"width":2,"color":[0,226,0,255]}],"version":"2.0.0","build":"8933"}