{"type":"CIMLineSymbol","symbolLayers":[{"type":"CIMVectorMarker","enable":true,"anchorPoint":{"x":0,"y":-0.17522267551179563},"anchorPointUnits":"Relative","dominantSizeAxis3D":"Z","size":50,"billboardMode3D":"None","markerPlacement":{"type":"CIMMarkerPlacementAtExtremities","angleToLine":true,"extremityPlacement":"JustEnd"},"frame":{"xmin":-17.4,"ymin":-11.3,"xmax":17.4,"ymax":23.5},"markerGraphics":[{"type":"CIMMarkerGraphic","geometry":{"paths":[[[0.03,-10.6],[0.03,10.63]]]},"symbol":{"type":"CIMLineSymbol","symbolLayers":[{"type":"CIMSolidStroke","enable":true,"capStyle":"Butt","joinStyle":"Miter","lineStyle3D":"Strip","miterLimit":10,"width":1.3999999999999999,"color":[0,226,0,255]}]}}],"scaleSymbolsProportionally":true,"respectFrame":true},{"type":"CIMSolidStroke","effects":[{"type":"CIMGeometricEffectAddControlPoints","angleTolerance":120},{"type":"CIMGeometricEffectDashes","dashTemplate":[5,5],"lineDashEnding":"FullPattern","controlPointEnding":"NoConstraint"}],"enable":true,"capStyle":"Butt","joinStyle":"Round","lineStyle3D":"Strip","miterLimit":10,"width":2,"color":[0,226,0,255]}],"version":"2.0.0","build":"8933"}