{"type":"CIMPolygonSymbol","effects":[{"type":"CIMGeometricEffectAddControlPoints","angleTolerance":120}],"symbolLayers":[{"type":"CIMVectorMarker","enable":true,"anchorPoint":{"x":-0.0019692905196474044,"y":0.025171978066603495},"anchorPointUnits":"Relative","dominantSizeAxis3D":"Z","size":8,"billboardMode3D":"None","markerPlacement":{"type":"CIMMarkerPlacementAlongLineSameSize","angleToLine":false,"controlPointPlacement":"WithHalfGap","endings":"WithHalfGap","offsetAlongLine":50,"placementTemplate":[100]},"frame":{"xmin":-1.055,"ymin":-1.113,"xmax":1.064,"ymax":1.006},"markerGraphics":[{"type":"CIMMarkerGraphic","geometry":{"rings":[[[-0.999,1.006],[-0.273,1.006],[0.007,-0.283],[0.286,1.006],[1.008,1.006],[1.008,-1.113],[0.557,-1.113],[0.557,0.503],[0.208,-1.113],[-0.198,-1.113],[-0.546,0.503],[-0.546,-1.113],[-0.999,-1.113],[-0.999,1.006]]]},"symbol":{"type":"CIMPolygonSymbol","symbolLayers":[{"type":"CIMSolidFill","enable":true,"primitiveName":"cm_color","color":[0,0,0,255]}]}}],"scaleSymbolsProportionally":true,"respectFrame":true},{"type":"CIMVectorMarker","effects":[{"type":"CIMGeometricEffectDashes","dashTemplate":[75,25],"lineDashEnding":"HalfPattern","offsetAlongLine":37.5,"controlPointEnding":"HalfPattern"}],"enable":true,"anchorPoint":{"x":0.0016767270288397074,"y":0},"anchorPointUnits":"Relative","dominantSizeAxis3D":"Z","size":8,"billboardMode3D":"None","markerPlacement":{"type":"CIMMarkerPlacementAlongLineSameSize","angleToLine":true,"controlPointPlacement":"WithHalfGap","endings":"WithHalfGap","offsetAlongLine":12.5,"placementTemplate":[25]},"frame":{"xmin":-1.104,"ymin":-1.1,"xmax":1.096,"ymax":1.1},"markerGraphics":[{"type":"CIMMarkerGraphic","geometry":{"rings":[[[-1.012,-1.1],[-0.161,0.046],[-0.912,1.1],[-0.565,1.1],[-0.165,0.536],[0.012,0.265],[0.186,0.516],[0.629,1.1],[0.944,1.1],[0.173,0.063],[1.005,-1.1],[0.645,-1.1],[0.091,-0.315],[-0.004,-0.167],[-0.111,-0.333],[-0.663,-1.1],[-1.012,-1.1]]]},"symbol":{"type":"CIMPolygonSymbol","symbolLayers":[{"type":"CIMSolidFill","enable":true,"primitiveName":"cm_color","color":[0,0,0,255]}]}}],"scaleSymbolsProportionally":true,"respectFrame":true},{"type":"CIMVectorMarker","enable":true,"anchorPoint":{"x":0.0061484157644529991,"y":0.0060288705511574569},"anchorPointUnits":"Relative","dominantSizeAxis3D":"Z","size":45,"billboardMode3D":"None","markerPlacement":{"type":"CIMMarkerPlacementPolygonCenter","method":"OnPolygon"},"frame":{"xmin":-65.7,"ymin":-65.6,"xmax":64.1,"ymax":64.1},"markerGraphics":[{"type":"CIMMarkerGraphic","geometry":{"paths":[[[-62.2,-21.0],[0.4,20.4],[60.6,-20.0]]]},"symbol":{"type":"CIMLineSymbol","symbolLayers":[{"type":"CIMSolidStroke","effects":[{"type":"CIMGeometricEffectAddControlPoints","angleTolerance":120},{"type":"CIMGeometricEffectDashes","dashTemplate":[18,8],"lineDashEnding":"HalfPattern","offsetAlongLine":9,"controlPointEnding":"HalfPattern"}],"enable":true,"primitiveName":"cm_color","capStyle":"Square","joinStyle":"Miter","lineStyle3D":"Strip","miterLimit":10,"width":5,"color":[0,0,0,255]}]}}],"scaleSymbolsProportionally":true,"respectFrame":true},{"type":"CIMSolidStroke","effects":[{"type":"CIMGeometricEffectDashes","dashTemplate":[75,25],"lineDashEnding":"HalfPattern","offsetAlongLine":37.5,"controlPointEnding":"HalfPattern"},{"type":"CIMGeometricEffectDashes","dashTemplate":[18.75,8],"lineDashEnding":"HalfPattern","offsetAlongLine":9.375,"controlPointEnding":"HalfPattern"}],"enable":true,"primitiveName":"cm_color","capStyle":"Butt","joinStyle":"Miter","lineStyle3D":"Strip","miterLimit":10,"width":2,"color":[0,0,0,255]}],"version":"2.0.0","build":"8933"}