{"type":"CIMPointSymbol","symbolLayers":[{"type":"CIMVectorMarker","enable":true,"anchorPointUnits":"Relative","dominantSizeAxis3D":"Z","size":70,"billboardMode3D":"FaceNearPlane","frame":{"xmin":0,"ymin":0,"xmax":612,"ymax":792},"markerGraphics":[{"type":"CIMMarkerGraphic","geometry":{"rings":[[[309.4,342.4],[324.5,343.4],[338.9,346.5],[352.2,351.5],[363.9,358.2],[373.5,366.4],[380.6,375.7],[385.0,385.9],[386.4,396.4],[385.0,406.9],[380.6,417.1],[373.5,426.4],[363.9,434.6],[352.2,441.3],[338.9,446.3],[324.5,449.3],[309.4,450.4],[294.4,449.3],[280.0,446.3],[266.7,441.3],[255.0,434.6],[245.4,426.4],[238.3,417.1],[233.9,406.9],[232.4,396.4],[233.9,385.9],[238.3,375.7],[245.4,366.4],[255.0,358.2],[266.7,351.5],[280.0,346.5],[294.4,343.4],[309.4,342.4]]]},"symbol":{"type":"CIMPolygonSymbol","symbolLayers":[{"type":"CIMSolidStroke","effects":[{"type":"CIMGeometricEffectAddControlPoints","angleTolerance":120},{"type":"CIMGeometricEffectDashes","dashTemplate":[28.285714285714288,28.285714285714288],"lineDashEnding":"FullPattern","controlPointEnding":"NoConstraint"}],"enable":true,"capStyle":"Butt","joinStyle":"Miter","lineStyle3D":"Strip","miterLimit":10,"width":5,"color":[0,226,0,255]}]}},{"type":"CIMMarkerGraphic","geometry":{"paths":[[[248.2,429.1],[306.0,555.5],[370.7,429.1]]]},"symbol":{"type":"CIMPolygonSymbol","symbolLayers":[{"type":"CIMSolidStroke","effects":[{"type":"CIMGeometricEffectAddControlPoints","angleTolerance":120},{"type":"CIMGeometricEffectDashes","dashTemplate":[28.285714285714288,28.285714285714288],"lineDashEnding":"FullPattern","controlPointEnding":"NoConstraint"}],"enable":true,"capStyle":"Butt","joinStyle":"Miter","lineStyle3D":"Strip","miterLimit":10,"width":5,"color":[0,226,0,255]}]}}],"scaleSymbolsProportionally":true,"respectFrame":true}],"haloSize":1,"scaleX":1,"angleAlignment":"Display","version":"2.0.0","build":"8933"}