{"type":"CIMPolygonSymbol","symbolLayers":[{"type":"CIMVectorMarker","effects":[{"type":"CIMGeometricEffectAddControlPoints","angleTolerance":120}],"enable":true,"anchorPoint":{"x":-0.012061320419000357,"y":-0.37273381774238951},"anchorPointUnits":"Relative","dominantSizeAxis3D":"Z","size":11,"billboardMode3D":"None","markerPlacement":{"type":"CIMMarkerPlacementAlongLineSameSize","angleToLine":true,"controlPointPlacement":"WithHalfGap","endings":"WithHalfGap","offsetAlongLine":10,"placementTemplate":[20]},"frame":{"xmin":-1.82,"ymin":-0.47,"xmax":1.91,"ymax":3.25},"markerGraphics":[{"type":"CIMMarkerGraphic","geometry":{"rings":[[[-1.26,-0.175],[0.032,2.528],[-1.26,-0.175]]]},"symbol":{"type":"CIMPolygonSymbol","symbolLayers":[{"type":"CIMSolidStroke","enable":true,"capStyle":"Round","joinStyle":"Miter","lineStyle3D":"Strip","miterLimit":10,"width":0.59999999999999998,"color":[0,226,0,255]},{"type":"CIMSolidFill","enable":true,"color":[0,0,0,255]}]}},{"type":"CIMMarkerGraphic","geometry":{"rings":[[[-0.017,2.592],[1.35,-0.147],[-0.017,2.592]]]},"symbol":{"type":"CIMPolygonSymbol","symbolLayers":[{"type":"CIMSolidStroke","enable":true,"capStyle":"Round","joinStyle":"Miter","lineStyle3D":"Strip","miterLimit":10,"width":0.59999999999999998,"color":[0,226,0,255]},{"type":"CIMSolidFill","enable":true,"color":[0,226,0,255]}]}},{"type":"CIMMarkerGraphic","geometry":{"rings":[[[-0.433,2.241],[0.051,3.255],[0.493,2.244],[-0.433,2.241]]]},"symbol":{"type":"CIMPolygonSymbol","symbolLayers":[{"type":"CIMSolidFill","enable":true,"color":[0,226,0,255]}]}},{"type":"CIMMarkerGraphic","geometry":{"rings":[[[-1.01,-0.214],[-1.01,-0.306],[-1.54,-0.306],[-1.543,-0.04],[-1.035,-0.214],[-1.01,-0.214]]]},"symbol":{"type":"CIMPolygonSymbol","symbolLayers":[{"type":"CIMSolidFill","enable":true,"color":[0,226,0,255]}]}},{"type":"CIMMarkerGraphic","geometry":{"rings":[[[1.097,-0.198],[1.122,-0.198],[1.63,-0.023],[1.627,-0.29],[1.097,-0.29],[1.097,-0.198]]]},"symbol":{"type":"CIMPolygonSymbol","symbolLayers":[{"type":"CIMSolidFill","enable":true,"color":[0,226,0,255]}]}}],"scaleSymbolsProportionally":true,"respectFrame":true},{"type":"CIMSolidStroke","effects":[{"type":"CIMGeometricEffectAddControlPoints","angleTolerance":120},{"type":"CIMGeometricEffectDashes","dashTemplate":[10,10],"lineDashEnding":"HalfPattern","offsetAlongLine":-5,"controlPointEnding":"HalfPattern"}],"enable":true,"capStyle":"Square","joinStyle":"Round","lineStyle3D":"Strip","miterLimit":10,"width":2,"color":[0,226,0,255]}],"version":"2.0.0","build":"8933"}