{"type":"CIMPolygonSymbol","symbolLayers":[{"type":"CIMVectorMarker","enable":true,"anchorPointUnits":"Relative","dominantSizeAxis3D":"Z","size":10,"billboardMode3D":"FaceNearPlane","markerPlacement":{"type":"CIMMarkerPlacementPolygonCenter","method":"OnPolygon"},"frame":{"xmin":-5.0,"ymin":-5.0,"xmax":5.0,"ymax":5.0},"markerGraphics":[{"type":"CIMMarkerGraphic","geometry":{"x":0,"y":0},"symbol":{"type":"CIMTextSymbol","blockProgression":"TTB","compatibilityMode":true,"depth3D":1,"drawSoftHyphen":true,"extrapolateBaselines":true,"flipAngle":90,"fontEffects":"Normal","fontEncoding":"Unicode","fontFamilyName":"Arial","fontStyleName":"Bold","fontType":"Unspecified","haloSize":0.80000000000000004,"haloSymbol":{"type":"CIMPolygonSymbol","symbolLayers":[{"type":"CIMSolidFill","enable":true,"color":[255,255,255,255]}]},"height":8.25,"hinting":"Default","horizontalAlignment":"Center","kerning":true,"letterWidth":100,"ligatures":false,"lineGapType":"ExtraLeading","shadowColor":[0,0,0,255],"symbol":{"type":"CIMPolygonSymbol","symbolLayers":[{"type":"CIMSolidStroke","enable":true,"colorLocked":true,"capStyle":"Round","joinStyle":"Round","lineStyle3D":"Strip","miterLimit":10,"width":0,"color":[255,255,255,255]},{"type":"CIMSolidFill","enable":true,"colorLocked":true,"color":[255,0,0,255]}]},"textCase":"Normal","textDirection":"LTR","verticalAlignment":"Center","verticalGlyphOrientation":"Right","wordSpacing":100,"billboardMode3D":"FaceNearPlane"},"textString":"[uniquedesignation]","primitiveName":"cm_color"}],"respectFrame":true}],"version":"2.0.0","build":"8933"}