{"type":"CIMLineSymbol","symbolLayers":[{"type":"CIMVectorMarker","effects":[{"type":"CIMGeometricEffectAddControlPoints","angleTolerance":120}],"enable":true,"anchorPoint":{"x":0,"y":-0.35999999999999999,"z":0},"anchorPointUnits":"Relative","dominantSizeAxis3D":"Z","size":20,"billboardMode3D":"None","markerPlacement":{"type":"CIMMarkerPlacementAlongLineSameSize","angleToLine":true,"controlPointPlacement":"WithHalfGap","endings":"WithHalfGap","offsetAlongLine":10,"placementTemplate":[20]},"frame":{"xmin":-10.08,"ymin":-1.22,"xmax":10.08,"ymax":7.68},"markerGraphics":[{"type":"CIMMarkerGraphic","geometry":{"x":0,"y":0},"symbol":{"type":"CIMPointSymbol","symbolLayers":[{"type":"CIMVectorMarker","enable":true,"anchorPoint":{"x":0.0014336607849351831,"y":-0.18342792956377083},"anchorPointUnits":"Relative","dominantSizeAxis3D":"Z","size":8.6999999999999993,"billboardMode3D":"FaceNearPlane","frame":{"xmin":-1.03,"ymin":-0.65,"xmax":1.024,"ymax":1.404},"markerGraphics":[{"type":"CIMMarkerGraphic","geometry":{"paths":[[[-0.91,0.0],[-0.91,0.05],[-0.89,0.134],[-0.838,0.259],[-0.755,0.371],[-0.644,0.47],[-0.511,0.55],[-0.357,0.612],[-0.186,0.651],[0.0,0.664],[0.186,0.651],[0.357,0.612],[0.511,0.55],[0.644,0.47],[0.755,0.371],[0.838,0.259],[0.89,0.134],[0.91,0.05],[0.91,0.0]]]},"symbol":{"type":"CIMLineSymbol","symbolLayers":[{"type":"CIMSolidStroke","enable":true,"capStyle":"Butt","joinStyle":"Round","lineStyle3D":"Strip","miterLimit":10,"width":0.25,"color":[0,0,0,255]}]}}],"scaleSymbolsProportionally":true,"respectFrame":true}],"haloSize":0,"scaleX":1,"angleAlignment":"Display"}}],"scaleSymbolsProportionally":true,"respectFrame":true}],"version":"2.0.0","build":"8933"}