{"type":"CIMPointSymbol","symbolLayers":[{"type":"CIMVectorMarker","enable":true,"anchorPointUnits":"Relative","dominantSizeAxis3D":"Z","size":30,"billboardMode3D":"FaceNearPlane","frame":{"xmin":0,"ymin":0,"xmax":717,"ymax":1014},"markerGraphics":[{"type":"CIMMarkerGraphic","geometry":{"rings":[[[86,364],[629,364],[629,652],[86,652],[86,364]]]},"symbol":{"type":"CIMPolygonSymbol","symbolLayers":[{"type":"CIMSolidStroke","enable":true,"colorLocked":true,"capStyle":"Square","joinStyle":"Miter","lineStyle3D":"Strip","miterLimit":282,"width":5.7631520930380029,"color":[0,255,0,255]}]}},{"type":"CIMMarkerGraphic","geometry":{"rings":[[[184.5,560.8],[195.2,559.5],[205.5,556.2],[214.8,550.8],[223.0,543.8],[229.7,535.2],[234.5,525.6],[237.4,515.2],[238.2,504.4],[236.9,493.7],[233.5,483.5],[228.2,474.1],[221.1,465.9],[212.6,459.2],[203.0,454.4],[192.6,451.5],[181.8,450.7],[171.1,452.0],[160.9,455.4],[151.5,460.7],[143.3,467.8],[136.6,476.3],[131.8,486.0],[128.9,496.3],[128.1,507.1],[129.4,517.7],[132.7,527.8],[137.9,537.1],[144.8,545.2],[153.1,551.9],[162.5,556.8],[172.7,559.8],[183.3,560.8],[184.5,560.8]]]},"symbol":{"type":"CIMPolygonSymbol","symbolLayers":[{"type":"CIMSolidStroke","enable":true,"colorLocked":true,"capStyle":"Square","joinStyle":"Miter","lineStyle3D":"Strip","miterLimit":282,"width":3.8193670675754814,"color":[0,255,0,255]},{"type":"CIMSolidFill","enable":true,"colorLocked":true,"color":[0,255,0,255]}]}},{"type":"CIMMarkerGraphic","geometry":{"rings":[[[359.3,560.8],[370.1,559.5],[380.3,556.2],[389.7,550.8],[397.9,543.8],[404.5,535.2],[409.4,525.6],[412.2,515.2],[413.0,504.4],[411.7,493.7],[408.3,483.5],[403.0,474.1],[396.0,465.9],[387.4,459.2],[377.8,454.4],[367.4,451.5],[356.7,450.7],[345.9,452.0],[335.7,455.4],[326.3,460.7],[318.1,467.8],[311.5,476.3],[306.6,486.0],[303.8,496.3],[303.0,507.1],[304.2,517.7],[307.5,527.8],[312.7,537.1],[319.6,545.2],[327.9,551.9],[337.4,556.8],[347.5,559.8],[358.1,560.8],[359.3,560.8]]]},"symbol":{"type":"CIMPolygonSymbol","symbolLayers":[{"type":"CIMSolidStroke","enable":true,"colorLocked":true,"capStyle":"Square","joinStyle":"Miter","lineStyle3D":"Strip","miterLimit":282,"width":3.8193670675754814,"color":[0,255,0,255]},{"type":"CIMSolidFill","enable":true,"colorLocked":true,"color":[0,255,0,255]}]}},{"type":"CIMMarkerGraphic","geometry":{"rings":[[[534.2,563.8],[544.9,562.5],[555.1,559.1],[564.5,553.8],[572.7,546.7],[579.4,538.2],[584.2,528.6],[587.1,518.2],[587.9,507.4],[586.6,496.7],[583.2,486.4],[577.9,477.1],[570.8,468.9],[562.3,462.2],[552.6,457.3],[542.3,454.5],[531.5,453.7],[520.8,455.0],[510.5,458.4],[501.2,463.7],[493.0,470.8],[486.3,479.3],[481.5,488.9],[478.6,499.3],[477.8,510.1],[479.1,520.7],[482.4,530.8],[487.5,540.1],[494.4,548.2],[502.7,554.9],[512.2,559.8],[522.3,562.8],[532.9,563.8],[534.2,563.8]]]},"symbol":{"type":"CIMPolygonSymbol","symbolLayers":[{"type":"CIMSolidStroke","enable":true,"colorLocked":true,"capStyle":"Square","joinStyle":"Miter","lineStyle3D":"Strip","miterLimit":282,"width":3.8193670675754814,"color":[0,255,0,255]},{"type":"CIMSolidFill","enable":true,"colorLocked":true,"color":[0,255,0,255]}]}},{"type":"CIMMarkerGraphic","geometry":{"rings":[[[348.2,652.0],[293.7,764.7],[313.8,764.7],[350.4,682.8],[357.8,664.4],[365.3,682.8],[403.3,764.7],[422.3,764.7],[367.2,652.0],[348.2,652.0]]]},"symbol":{"type":"CIMPolygonSymbol","symbolLayers":[{"type":"CIMSolidFill","enable":true,"colorLocked":true,"color":[0,255,0,255]}]}}],"scaleSymbolsProportionally":true,"respectFrame":true}],"haloSize":1,"scaleX":1,"angleAlignment":"Display","version":"2.0.0","build":"8933"}