{"type":"CIMPointSymbol","symbolLayers":[{"type":"CIMVectorMarker","enable":true,"anchorPointUnits":"Relative","dominantSizeAxis3D":"Z","size":64,"billboardMode3D":"FaceNearPlane","frame":{"xmin":0,"ymin":0,"xmax":612,"ymax":792},"markerGraphics":[{"type":"CIMMarkerGraphic","geometry":{"rings":[[[368.4,525.0],[242.5,525.3],[305.5,396.5],[368.4,525.0]]]},"symbol":{"type":"CIMPolygonSymbol","symbolLayers":[{"type":"CIMSolidFill","enable":true,"primitiveName":"cm_color","color":[0,0,0,255]}]}},{"type":"CIMMarkerGraphic","geometry":{"rings":[[[305.5,396.5],[242.5,525.3],[368.4,525.0],[305.5,396.5]]]},"symbol":{"type":"CIMPolygonSymbol","symbolLayers":[{"type":"CIMSolidStroke","enable":true,"primitiveName":"cm_color","capStyle":"Round","joinStyle":"Miter","lineStyle3D":"Strip","miterLimit":10,"width":1,"color":[0,0,0,255]}]}},{"type":"CIMMarkerGraphic","geometry":{"rings":[[[305.5,505.6],[323.7,507.1],[341.2,511.8],[357.3,519.3],[371.5,529.5],[383.1,542.0],[391.8,556.1],[397.1,571.4],[398.8,587.4],[397.1,603.4],[391.8,618.7],[383.1,632.8],[371.5,645.2],[357.3,655.4],[341.2,663.0],[323.7,667.6],[305.5,669.2],[287.3,667.6],[269.8,663.0],[253.7,655.4],[239.5,645.2],[227.9,632.8],[219.2,618.7],[213.9,603.4],[212.2,587.4],[213.9,571.4],[219.2,556.1],[227.9,542.0],[239.5,529.5],[253.7,519.3],[269.8,511.8],[287.3,507.1],[305.5,505.6]]]},"symbol":{"type":"CIMPolygonSymbol","symbolLayers":[{"type":"CIMSolidFill","enable":true,"colorLocked":true,"color":[255,255,255,255]}]}},{"type":"CIMMarkerGraphic","geometry":{"paths":[[[305.5,669.2],[287.3,667.6],[269.8,663.0],[253.7,655.4],[239.5,645.2],[227.9,632.8],[219.2,618.7],[213.9,603.4],[212.2,587.4],[213.9,571.4],[219.2,556.1],[227.9,542.0],[239.5,529.5],[253.7,519.3],[269.8,511.8],[287.3,507.1],[305.5,505.6],[323.7,507.1],[341.2,511.8],[357.3,519.3],[371.5,529.5],[383.1,542.0],[391.8,556.1],[397.1,571.4],[398.8,587.4],[397.1,603.4],[391.8,618.7],[383.1,632.8],[371.5,645.2],[357.3,655.4],[341.2,663.0],[323.7,667.6],[305.5,669.2]]]},"symbol":{"type":"CIMPolygonSymbol","symbolLayers":[{"type":"CIMSolidStroke","enable":true,"primitiveName":"cm_color","capStyle":"Round","joinStyle":"Round","lineStyle3D":"Strip","miterLimit":10,"width":6.5011000633239746,"color":[0,0,0,255]}]}},{"type":"CIMMarkerGraphic","geometry":{"x":297.360809326171875,"y":566.989273071289063},"symbol":{"type":"CIMTextSymbol","blockProgression":"TTB","depth3D":1,"extrapolateBaselines":true,"fontEffects":"Normal","fontEncoding":"Unicode","fontFamilyName":"Arial","fontType":"Unspecified","haloSize":1,"height":52,"hinting":"Default","horizontalAlignment":"Left","kerning":true,"letterWidth":100,"ligatures":true,"lineGapType":"ExtraLeading","symbol":{"type":"CIMPolygonSymbol","symbolLayers":[{"type":"CIMSolidFill","enable":true,"color":[0,0,0,255]}]},"textCase":"Normal","textDirection":"LTR","verticalAlignment":"Baseline","verticalGlyphOrientation":"Right","wordSpacing":100,"billboardMode3D":"FaceNearPlane"},"textString":" ","primitiveName":"cm_color"}],"scaleSymbolsProportionally":true,"respectFrame":true}],"haloSize":1,"scaleX":1,"angleAlignment":"Display","version":"2.0.0","build":"8933"}