{"type":"CIMPolygonSymbol","symbolLayers":[{"type":"CIMVectorMarker","enable":true,"anchorPoint":{"x":0.0061484157644529991,"y":0.0060288705511574569},"anchorPointUnits":"Relative","dominantSizeAxis3D":"Z","size":45,"billboardMode3D":"None","markerPlacement":{"type":"CIMMarkerPlacementPolygonCenter","method":"OnPolygon"},"frame":{"xmin":-65.7,"ymin":-65.6,"xmax":64.1,"ymax":64.1},"markerGraphics":[{"type":"CIMMarkerGraphic","geometry":{"paths":[[[-62.2,-21.0],[0.4,20.4],[60.6,-20.0]]]},"symbol":{"type":"CIMLineSymbol","symbolLayers":[{"type":"CIMSolidStroke","effects":[{"type":"CIMGeometricEffectAddControlPoints","angleTolerance":120},{"type":"CIMGeometricEffectDashes","dashTemplate":[18,8],"lineDashEnding":"HalfPattern","offsetAlongLine":9,"controlPointEnding":"HalfPattern"}],"enable":true,"primitiveName":"cm_color","capStyle":"Square","joinStyle":"Miter","lineStyle3D":"Strip","miterLimit":10,"width":5,"color":[0,0,0,255]}]}}],"scaleSymbolsProportionally":true,"respectFrame":true},{"type":"CIMVectorMarker","effects":[{"type":"CIMGeometricEffectDashes","dashTemplate":[70,10],"lineDashEnding":"HalfGap","offsetAlongLine":5,"controlPointEnding":"HalfGap"}],"enable":true,"anchorPoint":{"x":-0.0017878426698450269,"y":0},"anchorPointUnits":"Relative","dominantSizeAxis3D":"Z","size":8,"billboardMode3D":"None","markerPlacement":{"type":"CIMMarkerPlacementAlongLineSameSize","angleToLine":false,"controlPointPlacement":"WithHalfGap","endings":"WithHalfGap","offsetAlongLine":40,"placementTemplate":[80]},"frame":{"xmin":-1.096,"ymin":-1.1,"xmax":1.104,"ymax":1.1},"markerGraphics":[{"type":"CIMMarkerGraphic","geometry":{"rings":[[[-1.096,0.977],[-0.3,0.977],[0.007,-0.212],[0.312,0.977],[1.104,0.977],[1.104,-0.977],[0.61,-0.977],[0.61,0.513],[0.227,-0.977],[-0.219,-0.977],[-0.6,0.513],[-0.6,-0.977],[-1.096,-0.977],[-1.096,0.977]]]},"symbol":{"type":"CIMPolygonSymbol","symbolLayers":[{"type":"CIMSolidFill","enable":true,"primitiveName":"cm_color","color":[0,0,0,255]}]}}],"scaleSymbolsProportionally":true,"respectFrame":true},{"type":"CIMSolidStroke","effects":[{"type":"CIMGeometricEffectDashes","dashTemplate":[70,10],"lineDashEnding":"HalfPattern","offsetAlongLine":35,"controlPointEnding":"HalfPattern"}],"enable":true,"primitiveName":"cm_color","capStyle":"Butt","joinStyle":"Round","lineStyle3D":"Strip","miterLimit":10,"width":2,"color":[0,0,0,255]}],"version":"2.0.0","build":"8933"}