{"type":"CIMPointSymbol","symbolLayers":[{"type":"CIMVectorMarker","enable":true,"anchorPointUnits":"Relative","dominantSizeAxis3D":"Z","size":64,"billboardMode3D":"FaceNearPlane","frame":{"xmin":0,"ymin":0,"xmax":612,"ymax":792},"markerGraphics":[{"type":"CIMMarkerGraphic","geometry":{"rings":[[[358.5,326.5],[323.5,401.5],[323.5,476.5],[293.5,476.5],[293.5,401.5],[258.5,326.5],[358.5,326.5]]]},"symbol":{"type":"CIMPolygonSymbol","symbolLayers":[{"type":"CIMSolidFill","enable":true,"color":[255,255,128,255]}]}},{"type":"CIMMarkerGraphic","geometry":{"rings":[[[293.5,476.5],[323.5,476.5],[323.5,401.5],[358.5,326.5],[258.5,326.5],[293.5,401.5],[293.5,476.5]]]},"symbol":{"type":"CIMPolygonSymbol","symbolLayers":[{"type":"CIMSolidStroke","effects":[{"type":"CIMGeometricEffectAddControlPoints","angleTolerance":120},{"type":"CIMGeometricEffectDashes","dashTemplate":[30.9375,30.9375],"lineDashEnding":"FullPattern","controlPointEnding":"NoConstraint"}],"enable":true,"primitiveName":"cm_color","capStyle":"Butt","joinStyle":"Miter","lineStyle3D":"Strip","miterLimit":10,"width":5,"color":[0,0,0,255]}]}},{"type":"CIMMarkerGraphic","geometry":{"x":297.5,"y":352.21875},"symbol":{"type":"CIMTextSymbol","blockProgression":"TTB","depth3D":1,"extrapolateBaselines":true,"fontEffects":"Normal","fontEncoding":"Unicode","fontFamilyName":"Arial","fontType":"Unspecified","haloSize":1,"height":32,"hinting":"Default","horizontalAlignment":"Left","kerning":true,"letterWidth":100,"ligatures":true,"lineGapType":"ExtraLeading","symbol":{"type":"CIMPolygonSymbol","symbolLayers":[{"type":"CIMSolidFill","enable":true,"primitiveName":"cm_color","color":[0,0,0,255]}]},"textCase":"Normal","textDirection":"LTR","verticalAlignment":"Baseline","verticalGlyphOrientation":"Right","wordSpacing":100,"billboardMode3D":"FaceNearPlane"},"textString":"B"},{"type":"CIMMarkerGraphic","geometry":{"rings":[[[303.5,362.5],[308.7,362.5],[310.61,362.4],[312.0,362.11],[313.03,361.58],[313.82,360.76],[314.33,359.71],[314.5,358.5],[314.39,357.46],[314.05,356.54],[313.55,355.79],[312.91,355.24],[312.13,354.86],[311.17,354.61],[309.14,354.5],[303.5,354.5],[303.5,362.5]],[[303.5,371.5],[308.0,371.5],[310.07,371.43],[311.42,371.22],[312.31,370.82],[312.96,370.19],[313.37,369.38],[313.5,368.45],[313.36,367.5],[312.92,366.72],[312.2,366.13],[311.2,365.73],[310.06,365.56],[308.36,365.5],[303.5,365.5],[303.5,371.5]],[[309.08,351.5],[311.07,351.6],[312.72,351.91],[314.08,352.41],[315.18,353.12],[316.08,354.09],[316.83,355.39],[317.33,356.92],[317.5,358.58],[317.23,360.57],[316.88,361.46],[316.41,362.28],[315.8,363.01],[315.08,363.62],[314.24,364.12],[313.28,364.5],[314.7,365.36],[315.7,366.45],[316.3,367.7],[316.5,369.03],[316.28,370.47],[315.61,371.85],[314.55,373.03],[313.16,373.85],[311.34,374.34],[309.0,374.5],[300.5,374.5],[300.5,351.5],[309.08,351.5]]]},"symbol":{"type":"CIMPolygonSymbol","symbolLayers":[{"type":"CIMSolidStroke","enable":true,"primitiveName":"cm_color","capStyle":"Round","joinStyle":"Miter","lineStyle3D":"Strip","miterLimit":10,"width":1,"color":[0,0,0,255]}]}},{"type":"CIMMarkerGraphic","geometry":{"rings":[[[159.5,383.5],[225.5,383.5],[225.5,415.5],[159.5,415.5],[159.5,383.5]]]},"symbol":{"type":"CIMPolygonSymbol","symbolLayers":[{"type":"CIMSolidFill","enable":true,"color":[255,255,255,255]}]}},{"type":"CIMMarkerGraphic","geometry":{"rings":[[[159.5,383.5],[225.5,383.5],[225.5,415.5],[159.5,415.5],[159.5,383.5]]]},"symbol":{"type":"CIMPolygonSymbol","symbolLayers":[{"type":"CIMSolidStroke","effects":[{"type":"CIMGeometricEffectAddControlPoints","angleTolerance":120},{"type":"CIMGeometricEffectDashes","dashTemplate":[30.9375,30.9375],"lineDashEnding":"FullPattern","controlPointEnding":"NoConstraint"}],"enable":true,"capStyle":"Butt","joinStyle":"Miter","lineStyle3D":"Strip","miterLimit":10,"width":1,"color":[255,255,255,255]}]}},{"type":"CIMMarkerGraphic","geometry":{"x":161.5,"y":387.30859375},"symbol":{"type":"CIMTextSymbol","blockProgression":"TTB","depth3D":1,"extrapolateBaselines":true,"fontEffects":"Normal","fontEncoding":"Unicode","fontFamilyName":"Arial","fontType":"Unspecified","haloSize":1,"height":36,"hinting":"Default","horizontalAlignment":"Left","kerning":true,"letterWidth":100,"ligatures":true,"lineGapType":"ExtraLeading","symbol":{"type":"CIMPolygonSymbol","symbolLayers":[{"type":"CIMSolidFill","enable":true,"primitiveName":"cm_color","color":[0,0,0,255]}]},"textCase":"Normal","textDirection":"LTR","verticalAlignment":"Baseline","verticalGlyphOrientation":"Right","wordSpacing":100,"billboardMode3D":"FaceNearPlane"},"textString":"BIO"},{"type":"CIMMarkerGraphic","geometry":{"rings":[[[167.5,398.5],[173.75,398.5],[176.03,398.39],[177.7,398.06],[178.91,397.46],[179.79,396.55],[180.32,395.37],[180.5,394.0],[180.37,392.82],[179.97,391.8],[179.37,390.96],[178.62,390.34],[177.7,389.91],[176.58,389.63],[174.17,389.5],[167.5,389.5],[167.5,398.5]],[[167.5,409.5],[172.91,409.5],[175.38,409.41],[177.01,409.13],[178.07,408.61],[178.85,407.76],[179.34,406.67],[179.5,405.44],[179.33,404.16],[178.81,403.13],[177.96,402.34],[176.77,401.81],[175.39,401.58],[173.34,401.5],[167.5,401.5],[167.5,409.5]],[[174.09,386.5],[176.31,386.61],[178.16,386.94],[179.67,387.48],[180.91,388.24],[181.91,389.29],[182.75,390.7],[183.31,392.35],[183.5,394.13],[183.22,396.27],[182.4,398.11],[181.06,399.55],[179.23,400.5],[180.67,401.53],[181.69,402.84],[182.3,404.34],[182.5,405.94],[182.25,407.67],[181.5,409.32],[180.31,410.73],[178.73,411.72],[176.68,412.3],[174.06,412.5],[164.5,412.5],[164.5,386.5],[174.09,386.5]]]},"symbol":{"type":"CIMPolygonSymbol","symbolLayers":[{"type":"CIMSolidStroke","enable":true,"primitiveName":"cm_color","capStyle":"Round","joinStyle":"Miter","lineStyle3D":"Strip","miterLimit":10,"width":1,"color":[0,0,0,255]}]}},{"type":"CIMMarkerGraphic","geometry":{"rings":[[[191.51,386.5],[191.51,412.5],[188.51,412.5],[188.51,386.5],[191.51,386.5]]]},"symbol":{"type":"CIMPolygonSymbol","symbolLayers":[{"type":"CIMSolidStroke","enable":true,"primitiveName":"cm_color","capStyle":"Round","joinStyle":"Miter","lineStyle3D":"Strip","miterLimit":10,"width":1,"color":[0,0,0,255]}]}},{"type":"CIMMarkerGraphic","geometry":{"rings":[[[200.51,399.13],[200.68,401.72],[201.18,403.92],[202.01,405.71],[203.18,407.11],[204.57,408.16],[206.1,408.9],[207.76,409.35],[209.54,409.5],[212.03,409.19],[214.25,408.26],[215.23,407.57],[216.09,406.76],[216.82,405.82],[217.43,404.76],[218.24,402.31],[218.51,399.48],[218.35,397.23],[217.88,395.25],[217.09,393.54],[215.97,392.1],[214.62,390.96],[213.09,390.15],[211.38,389.66],[209.5,389.5],[207.65,389.66],[205.96,390.14],[204.44,390.95],[203.08,392.08],[201.96,393.49],[201.15,395.13],[200.67,397.01],[200.51,399.13]],[[197.51,399.17],[197.6,397.54],[197.87,395.95],[198.32,394.4],[198.95,392.89],[199.75,391.48],[200.73,390.24],[201.87,389.15],[203.18,388.21],[204.62,387.46],[206.16,386.93],[207.79,386.61],[209.51,386.5],[211.12,386.6],[212.67,386.89],[214.17,387.37],[215.61,388.05],[216.94,388.92],[218.11,389.97],[219.12,391.21],[219.97,392.63],[220.65,394.18],[221.13,395.84],[221.42,397.6],[221.51,399.45],[221.42,401.29],[221.15,403.03],[220.69,404.67],[220.05,406.2],[219.24,407.61],[218.26,408.85],[217.11,409.92],[215.8,410.84],[214.36,411.56],[212.84,412.08],[211.23,412.4],[209.53,412.5],[207.0,412.28],[204.71,411.62],[202.66,410.51],[200.87,408.96],[199.4,407.02],[198.35,404.74],[197.72,402.13],[197.51,399.17]]]},"symbol":{"type":"CIMPolygonSymbol","symbolLayers":[{"type":"CIMSolidStroke","enable":true,"primitiveName":"cm_color","capStyle":"Round","joinStyle":"Miter","lineStyle3D":"Strip","miterLimit":10,"width":1,"color":[0,0,0,255]}]}}],"scaleSymbolsProportionally":true,"respectFrame":true}],"haloSize":1,"scaleX":1,"angleAlignment":"Display","version":"2.0.0","build":"8933"}