{"type":"CIMLineSymbol","symbolLayers":[{"type":"CIMVectorMarker","enable":true,"anchorPoint":{"x":-9.0179202026071889e-05,"y":-0.43192180538771552},"anchorPointUnits":"Relative","dominantSizeAxis3D":"Z","size":15,"billboardMode3D":"None","markerPlacement":{"type":"CIMMarkerPlacementOnLine","angleToLine":true,"relativeTo":"LineBeginning","startPointOffset":7.5},"frame":{"xmin":-1.74,"ymin":-0.24,"xmax":1.74,"ymax":3.25},"markerGraphics":[{"type":"CIMMarkerGraphic","geometry":{"paths":[[[-1.4,0.096],[0.0,2.999],[1.4,0.136]]]},"symbol":{"type":"CIMLineSymbol","symbolLayers":[{"type":"CIMSolidStroke","enable":true,"capStyle":"Square","joinStyle":"Miter","lineStyle3D":"Strip","miterLimit":10,"width":0.5,"color":[0,226,0,255]}]}}],"scaleSymbolsProportionally":true,"respectFrame":true},{"type":"CIMSolidStroke","effects":[{"type":"CIMGeometricEffectCut","beginCut":15,"endCut":0}],"enable":true,"capStyle":"Butt","joinStyle":"Miter","lineStyle3D":"Strip","miterLimit":10,"width":2,"color":[0,226,0,255]}],"version":"2.0.0","build":"8933"}