{"type":"CIMPointSymbol","symbolLayers":[{"type":"CIMVectorMarker","enable":true,"anchorPointUnits":"Relative","dominantSizeAxis3D":"Z","size":64,"billboardMode3D":"FaceNearPlane","frame":{"xmin":0,"ymin":0,"xmax":612,"ymax":792},"markerGraphics":[{"type":"CIMMarkerGraphic","geometry":{"rings":[[[163.4,313.3],[303.4,555.8],[443.4,313.3],[163.4,313.3]]]},"symbol":{"type":"CIMPolygonSymbol","symbolLayers":[{"type":"CIMSolidStroke","enable":true,"primitiveName":"cm_color","capStyle":"Round","joinStyle":"Miter","lineStyle3D":"Strip","miterLimit":10,"width":5,"color":[0,0,0,255]}]}},{"type":"CIMMarkerGraphic","geometry":{"paths":[[[373.8,436.7],[164.8,313.7]]]},"symbol":{"type":"CIMPolygonSymbol","symbolLayers":[{"type":"CIMSolidStroke","enable":true,"primitiveName":"cm_color","capStyle":"Butt","joinStyle":"Miter","lineStyle3D":"Strip","miterLimit":10,"width":5,"color":[0,0,0,255]}]}},{"type":"CIMMarkerGraphic","geometry":{"rings":[[[257.17,405.66],[259.55,405.9],[261.85,406.59],[263.97,407.72],[265.82,409.25],[267.34,411.1],[268.47,413.22],[269.17,415.51],[269.41,417.9],[269.17,420.29],[268.47,422.59],[267.34,424.7],[265.82,426.56],[263.97,428.08],[261.85,429.21],[259.55,429.91],[257.17,430.14],[254.78,429.91],[252.48,429.21],[250.36,428.08],[248.51,426.56],[246.99,424.7],[245.86,422.59],[245.16,420.29],[244.93,417.9],[245.16,415.51],[245.86,413.22],[246.99,411.1],[248.51,409.25],[250.36,407.72],[252.48,406.59],[254.78,405.9],[257.17,405.66]]]},"symbol":{"type":"CIMPolygonSymbol","symbolLayers":[{"type":"CIMSolidFill","enable":true,"primitiveName":"cm_color","color":[0,0,0,255]}]}},{"type":"CIMMarkerGraphic","geometry":{"rings":[[[257.17,405.66],[259.55,405.9],[261.85,406.59],[263.97,407.72],[265.82,409.25],[267.34,411.1],[268.47,413.22],[269.17,415.51],[269.41,417.9],[269.17,420.29],[268.47,422.59],[267.34,424.7],[265.82,426.56],[263.97,428.08],[261.85,429.21],[259.55,429.91],[257.17,430.14],[254.78,429.91],[252.48,429.21],[250.36,428.08],[248.51,426.56],[246.99,424.7],[245.86,422.59],[245.16,420.29],[244.93,417.9],[245.16,415.51],[245.86,413.22],[246.99,411.1],[248.51,409.25],[250.36,407.72],[252.48,406.59],[254.78,405.9],[257.17,405.66]]]},"symbol":{"type":"CIMPolygonSymbol","symbolLayers":[{"type":"CIMSolidStroke","enable":true,"primitiveName":"cm_color","capStyle":"Round","joinStyle":"Miter","lineStyle3D":"Strip","miterLimit":10,"width":10,"color":[0,0,0,255]}]}},{"type":"CIMMarkerGraphic","geometry":{"rings":[[[352.36,405.66],[354.75,405.9],[357.05,406.59],[359.17,407.72],[361.02,409.25],[362.54,411.1],[363.67,413.22],[364.37,415.51],[364.6,417.9],[364.37,420.29],[363.67,422.59],[362.54,424.7],[361.02,426.56],[359.17,428.08],[357.05,429.21],[354.75,429.91],[352.36,430.14],[349.98,429.91],[347.68,429.21],[345.56,428.08],[343.71,426.56],[342.19,424.7],[341.06,422.59],[340.36,420.29],[340.12,417.9],[340.36,415.51],[341.06,413.22],[342.19,411.1],[343.71,409.25],[345.56,407.72],[347.68,406.59],[349.98,405.9],[352.36,405.66]]]},"symbol":{"type":"CIMPolygonSymbol","symbolLayers":[{"type":"CIMSolidFill","enable":true,"primitiveName":"cm_color","color":[0,0,0,255]}]}},{"type":"CIMMarkerGraphic","geometry":{"rings":[[[352.36,405.66],[354.75,405.9],[357.05,406.59],[359.17,407.72],[361.02,409.25],[362.54,411.1],[363.67,413.22],[364.37,415.51],[364.6,417.9],[364.37,420.29],[363.67,422.59],[362.54,424.7],[361.02,426.56],[359.17,428.08],[357.05,429.21],[354.75,429.91],[352.36,430.14],[349.98,429.91],[347.68,429.21],[345.56,428.08],[343.71,426.56],[342.19,424.7],[341.06,422.59],[340.36,420.29],[340.12,417.9],[340.36,415.51],[341.06,413.22],[342.19,411.1],[343.71,409.25],[345.56,407.72],[347.68,406.59],[349.98,405.9],[352.36,405.66]]]},"symbol":{"type":"CIMPolygonSymbol","symbolLayers":[{"type":"CIMSolidStroke","enable":true,"primitiveName":"cm_color","capStyle":"Round","joinStyle":"Miter","lineStyle3D":"Strip","miterLimit":10,"width":10,"color":[0,0,0,255]}]}},{"type":"CIMMarkerGraphic","geometry":{"paths":[[[264.0,428.1],[278.4,419.1],[289.1,411.1],[297.6,402.8],[304.6,393.7],[310.5,383.2],[316.0,370.2],[321.6,353.6],[328.6,329.5]]]},"symbol":{"type":"CIMPolygonSymbol","symbolLayers":[{"type":"CIMSolidStroke","enable":true,"primitiveName":"cm_color","capStyle":"Butt","joinStyle":"Miter","lineStyle3D":"Strip","miterLimit":10,"width":10,"color":[0,0,0,255]}]}},{"type":"CIMMarkerGraphic","geometry":{"paths":[[[345.6,428.1],[331.2,419.1],[320.4,411.1],[311.9,402.8],[304.9,393.7],[299.0,383.2],[293.5,370.2],[287.9,353.6],[281.0,329.5]]]},"symbol":{"type":"CIMPolygonSymbol","symbolLayers":[{"type":"CIMSolidStroke","enable":true,"primitiveName":"cm_color","capStyle":"Butt","joinStyle":"Miter","lineStyle3D":"Strip","miterLimit":10,"width":10,"color":[0,0,0,255]}]}}],"scaleSymbolsProportionally":true,"respectFrame":true}],"haloSize":1,"scaleX":1,"angleAlignment":"Display","version":"2.0.0","build":"8933"}