{"type":"CIMLineSymbol","symbolLayers":[{"type":"CIMVectorMarker","enable":true,"anchorPoint":{"x":-0.1026122935732767,"y":0},"anchorPointUnits":"Relative","dominantSizeAxis3D":"Z","size":60,"billboardMode3D":"None","markerPlacement":{"type":"CIMMarkerPlacementOnLine","angleToLine":true,"relativeTo":"LineBeginning"},"frame":{"xmin":-3.01,"ymin":-3.79,"xmax":4.57,"ymax":3.79},"markerGraphics":[{"type":"CIMMarkerGraphic","geometry":{"paths":[[[0.0,3.6],[1.6,3.0],[0.0,2.4],[1.6,1.8],[0.0,1.2],[1.6,0.6],[0.0,0.0],[1.6,-0.6],[0.0,-1.2],[1.6,-1.8],[0.0,-2.4],[1.6,-3.0],[0.0,-3.6]]]},"symbol":{"type":"CIMLineSymbol","symbolLayers":[{"type":"CIMSolidStroke","enable":true,"primitiveName":"cm_color","capStyle":"Round","joinStyle":"Miter","lineStyle3D":"Strip","miterLimit":10,"width":0.29999999999999999,"color":[0,0,0,255]}]}}],"scaleSymbolsProportionally":true,"respectFrame":true},{"type":"CIMVectorMarker","effects":[{"type":"CIMGeometricEffectOffset","method":"Square","offset":-30,"option":"Fast"}],"enable":true,"anchorPoint":{"x":0.26560382389806564,"y":-0.0083831478030205308},"anchorPointUnits":"Relative","dominantSizeAxis3D":"Z","size":10,"billboardMode3D":"None","markerPlacement":{"type":"CIMMarkerPlacementAtExtremities","angleToLine":true,"extremityPlacement":"JustEnd"},"frame":{"xmin":-8.52,"ymin":-5.47,"xmax":2.61,"ymax":5.66},"markerGraphics":[{"type":"CIMMarkerGraphic","geometry":{"rings":[[[-7.93,-5.47],[-7.95,5.66],[2.04,0.02],[-7.93,-5.47]]]},"symbol":{"type":"CIMPolygonSymbol","symbolLayers":[{"type":"CIMSolidFill","enable":true,"primitiveName":"cm_color","color":[0,0,0,255]}]}}],"scaleSymbolsProportionally":true,"respectFrame":true},{"type":"CIMVectorMarker","effects":[{"type":"CIMGeometricEffectOffset","method":"Square","offset":30,"option":"Fast"}],"enable":true,"anchorPoint":{"x":0.26560382389806564,"y":-0.0083831478030205308},"anchorPointUnits":"Relative","dominantSizeAxis3D":"Z","size":10,"billboardMode3D":"None","markerPlacement":{"type":"CIMMarkerPlacementAtExtremities","angleToLine":true,"extremityPlacement":"JustEnd"},"frame":{"xmin":-8.52,"ymin":-5.47,"xmax":2.61,"ymax":5.66},"markerGraphics":[{"type":"CIMMarkerGraphic","geometry":{"rings":[[[-7.93,-5.47],[-7.95,5.66],[2.04,0.02],[-7.93,-5.47]]]},"symbol":{"type":"CIMPolygonSymbol","symbolLayers":[{"type":"CIMSolidFill","enable":true,"primitiveName":"cm_color","color":[0,0,0,255]}]}}],"scaleSymbolsProportionally":true,"respectFrame":true},{"type":"CIMSolidStroke","effects":[{"type":"CIMGeometricEffectOffset","method":"Square","offset":30,"option":"Fast"}],"enable":true,"primitiveName":"cm_color","capStyle":"Round","joinStyle":"Round","lineStyle3D":"Strip","miterLimit":10,"width":2,"color":[0,0,0,255]},{"type":"CIMSolidStroke","effects":[{"type":"CIMGeometricEffectOffset","method":"Square","offset":-30,"option":"Fast"}],"enable":true,"primitiveName":"cm_color","capStyle":"Round","joinStyle":"Round","lineStyle3D":"Strip","miterLimit":10,"width":2,"color":[0,0,0,255]}],"version":"2.0.0","build":"8933"}