{"type":"CIMLineSymbol","symbolLayers":[{"type":"CIMVectorMarker","enable":true,"anchorPoint":{"x":-0.45360777884410325,"y":-0.45833333333333331},"anchorPointUnits":"Relative","dominantSizeAxis3D":"Z","size":15,"billboardMode3D":"None","markerPlacement":{"type":"CIMMarkerPlacementAtExtremities","angleToLine":true,"extremityPlacement":"JustEnd"},"frame":{"xmin":-0.111,"ymin":-0.1,"xmax":2.289,"ymax":2.3},"markerGraphics":[{"type":"CIMMarkerGraphic","geometry":{"rings":[[[0.424,0.053],[0.564,0.076],[0.709,0.118],[0.979,0.243],[1.266,0.418],[1.404,0.518],[1.532,0.629],[1.747,0.912],[1.84,1.063],[1.925,1.237],[1.988,1.376],[2.032,1.514],[2.087,1.803],[2.087,2.2],[2.14,2.2],[2.14,1.799],[2.079,1.497],[1.967,1.201],[1.881,1.031],[1.785,0.876],[1.576,0.593],[1.293,0.365],[1.004,0.19],[0.734,0.065],[0.586,0.023],[0.419,0.0],[0.037,0.0],[0.037,0.053],[0.424,0.053]]]},"symbol":{"type":"CIMPolygonSymbol","symbolLayers":[{"type":"CIMSolidStroke","enable":true,"capStyle":"Round","joinStyle":"Miter","lineStyle3D":"Strip","miterLimit":10,"width":0.20000000000000001,"color":[0,226,0,255]},{"type":"CIMSolidFill","enable":true,"color":[0,226,0,255]}]}}],"scaleSymbolsProportionally":true,"respectFrame":true},{"type":"CIMVectorMarker","enable":true,"anchorPoint":{"x":0,"y":0},"anchorPointUnits":"Relative","dominantSizeAxis3D":"Z","size":30,"billboardMode3D":"None","markerPlacement":{"type":"CIMMarkerPlacementOnLine","angleToLine":true,"relativeTo":"LineBeginning","startPointOffset":15},"frame":{"xmin":-2.1,"ymin":-2.1,"xmax":2.1,"ymax":2.1},"markerGraphics":[{"type":"CIMMarkerGraphic","geometry":{"paths":[[[0.0,2.0],[0.0,-2.0]]]},"symbol":{"type":"CIMLineSymbol","symbolLayers":[{"type":"CIMSolidStroke","enable":true,"capStyle":"Butt","joinStyle":"Round","lineStyle3D":"Strip","miterLimit":10,"width":0.20000000000000001,"color":[0,226,0,255]}]}}],"scaleSymbolsProportionally":true,"respectFrame":true},{"type":"CIMSolidStroke","effects":[{"type":"CIMGeometricEffectAddControlPoints","angleTolerance":120},{"type":"CIMGeometricEffectDashes","dashTemplate":[5,5],"lineDashEnding":"FullPattern","controlPointEnding":"NoConstraint"}],"enable":true,"capStyle":"Butt","joinStyle":"Round","lineStyle3D":"Strip","miterLimit":10,"width":2,"color":[0,226,0,255]}],"version":"2.0.0","build":"8933"}