{"type":"CIMPointSymbol","symbolLayers":[{"type":"CIMVectorMarker","enable":true,"anchorPointUnits":"Relative","dominantSizeAxis3D":"Z","size":64,"billboardMode3D":"FaceNearPlane","frame":{"xmin":0,"ymin":0,"xmax":612,"ymax":792},"markerGraphics":[{"type":"CIMMarkerGraphic","geometry":{"rings":[[[298.5,271.4],[318.1,272.9],[337.1,277.5],[355.2,285.0],[372.0,295.3],[386.9,308.0],[399.6,322.9],[409.9,339.7],[417.4,357.8],[422.0,376.8],[423.5,396.4],[422.0,416.0],[417.4,435.0],[409.9,453.1],[399.6,469.9],[386.9,484.8],[372.0,497.5],[355.2,507.8],[337.1,515.3],[318.1,519.9],[298.5,521.4],[276.8,519.5],[255.7,513.9],[236.0,504.7],[218.2,492.2],[202.7,476.7],[190.2,458.9],[181.0,439.2],[175.4,418.1],[173.5,396.4],[175.4,374.7],[181.0,353.6],[190.2,333.9],[202.7,316.1],[218.2,300.6],[236.0,288.1],[255.7,278.9],[276.8,273.3],[298.5,271.4]]]},"symbol":{"type":"CIMPolygonSymbol","symbolLayers":[{"type":"CIMSolidStroke","enable":true,"primitiveName":"cm_color","capStyle":"Round","joinStyle":"Miter","lineStyle3D":"Strip","miterLimit":10,"width":5,"color":[0,0,0,255]}]}},{"type":"CIMMarkerGraphic","geometry":{"rings":[[[234.2,361.4],[234.2,431.4],[374.2,361.4],[374.2,431.4],[234.2,361.4]]]},"symbol":{"type":"CIMPolygonSymbol","symbolLayers":[{"type":"CIMSolidStroke","enable":true,"primitiveName":"cm_color","capStyle":"Round","joinStyle":"Miter","lineStyle3D":"Strip","miterLimit":10,"width":5,"color":[0,0,0,255]}]}},{"type":"CIMMarkerGraphic","geometry":{"x":432.240203857421875,"y":375.748046875},"symbol":{"type":"CIMTextSymbol","blockProgression":"TTB","depth3D":1,"extrapolateBaselines":true,"fontEffects":"Normal","fontEncoding":"Unicode","fontFamilyName":"Arial","fontType":"Unspecified","haloSize":1,"height":60,"hinting":"Default","horizontalAlignment":"Left","kerning":true,"letterWidth":100,"ligatures":true,"lineGapType":"ExtraLeading","symbol":{"type":"CIMPolygonSymbol","symbolLayers":[{"type":"CIMSolidFill","enable":true,"color":[0,0,0,255]}]},"textCase":"Normal","textDirection":"LTR","verticalAlignment":"Baseline","verticalGlyphOrientation":"Right","wordSpacing":100,"billboardMode3D":"FaceNearPlane"},"textString":"PUP","primitiveName":"cm_color"}],"scaleSymbolsProportionally":true,"respectFrame":true}],"haloSize":1,"scaleX":1,"angleAlignment":"Display","version":"2.0.0","build":"8933"}