{"type":"CIMLineSymbol","symbolLayers":[{"type":"CIMVectorMarker","effects":[{"type":"CIMGeometricEffectOffset","method":"Square","offset":7.5,"option":"Fast"}],"enable":true,"anchorPoint":{"x":0.0052562417871222138,"y":0},"anchorPointUnits":"Relative","dominantSizeAxis3D":"Z","size":15,"billboardMode3D":"None","markerPlacement":{"type":"CIMMarkerPlacementAlongLineSameSize","angleToLine":true,"controlPointPlacement":"WithHalfGap","endings":"WithHalfGap","offsetAlongLine":5,"placementTemplate":[15]},"frame":{"xmin":-5.17,"ymin":-5.12,"xmax":5.07,"ymax":5.12},"markerGraphics":[{"type":"CIMMarkerGraphic","geometry":{"rings":[[[-1.7,-0.01],[-1.67,-1.13],[-1.59,-2.05],[-1.44,-2.76],[-1.24,-3.28],[-0.99,-3.64],[-0.7,-3.9],[-0.38,-4.06],[-0.03,-4.11],[0.3,-4.06],[0.6,-3.9],[0.88,-3.64],[1.12,-3.27],[1.33,-2.75],[1.47,-2.03],[1.56,-1.12],[1.59,-0.01],[1.56,1.12],[1.47,2.04],[1.32,2.76],[1.12,3.27],[0.87,3.63],[0.58,3.89],[0.26,4.05],[-0.09,4.1],[-0.43,4.05],[-0.73,3.89],[-1.0,3.62],[-1.24,3.26],[-1.44,2.74],[-1.59,2.02],[-1.7,-0.01]],[[-2.74,-0.01],[-2.7,1.18],[-2.57,2.21],[-2.36,3.09],[-2.06,3.82],[-1.68,4.39],[-1.21,4.8],[-0.67,5.04],[-0.05,5.12],[0.51,5.05],[1.0,4.86],[1.44,4.53],[1.81,4.06],[2.17,3.33],[2.43,2.41],[2.58,1.3],[2.63,-0.01],[2.59,-1.18],[2.46,-2.21],[2.25,-3.09],[1.95,-3.82],[1.57,-4.39],[1.11,-4.8],[0.57,-5.04],[-0.06,-5.12],[-0.62,-5.05],[-1.13,-4.83],[-1.59,-4.48],[-1.98,-3.98],[-2.31,-3.3],[-2.55,-2.41],[-2.69,-1.31],[-2.74,-0.01]]]},"symbol":{"type":"CIMPolygonSymbol","symbolLayers":[{"type":"CIMSolidFill","enable":true,"color":[0,226,0,255]}]}}],"scaleSymbolsProportionally":true,"respectFrame":true},{"type":"CIMSolidStroke","effects":[{"type":"CIMGeometricEffectOffset","method":"Square","offset":15,"option":"Fast"},{"type":"CIMGeometricEffectAddControlPoints","angleTolerance":120},{"type":"CIMGeometricEffectDashes","dashTemplate":[7.5,7.5],"lineDashEnding":"HalfPattern","controlPointEnding":"NoConstraint"}],"enable":true,"capStyle":"Butt","joinStyle":"Miter","lineStyle3D":"Strip","miterLimit":10,"width":2,"color":[0,226,0,255]},{"type":"CIMSolidStroke","effects":[{"type":"CIMGeometricEffectAddControlPoints","angleTolerance":120},{"type":"CIMGeometricEffectDashes","dashTemplate":[7.5,7.5],"lineDashEnding":"HalfPattern","controlPointEnding":"NoConstraint"}],"enable":true,"capStyle":"Butt","joinStyle":"Miter","lineStyle3D":"Strip","miterLimit":10,"width":2,"color":[0,226,0,255]}],"version":"2.0.0","build":"8933"}