{"type":"CIMLineSymbol","symbolLayers":[{"type":"CIMVectorMarker","enable":true,"anchorPoint":{"x":-0.1052286507070713,"y":0},"anchorPointUnits":"Relative","dominantSizeAxis3D":"Z","size":40,"billboardMode3D":"None","markerPlacement":{"type":"CIMMarkerPlacementOnLine","angleToLine":true,"relativeTo":"LineMiddle"},"frame":{"xmin":-3.0,"ymin":-3.8,"xmax":4.6,"ymax":3.8},"markerGraphics":[{"type":"CIMMarkerGraphic","geometry":{"paths":[[[0.0,3.6],[1.6,2.8],[0.0,2.0],[1.6,1.2],[0.0,0.4],[1.6,-0.4],[0.0,-1.2],[1.6,-2.0],[0.0,-2.8],[1.6,-3.6]]]},"symbol":{"type":"CIMLineSymbol","symbolLayers":[{"type":"CIMSolidStroke","enable":true,"primitiveName":"cm_color","capStyle":"Square","joinStyle":"Miter","lineStyle3D":"Strip","miterLimit":10,"width":0.29999999999999999,"color":[0,0,0,255]}]}}],"scaleSymbolsProportionally":true,"respectFrame":true},{"type":"CIMSolidStroke","effects":[{"type":"CIMGeometricEffectOffset","method":"Square","offset":15,"option":"Fast"},{"type":"CIMGeometricEffectDashes","customEndingOffset":15,"dashTemplate":[15,8],"lineDashEnding":"FullPattern","controlPointEnding":"HalfPattern"}],"enable":true,"primitiveName":"cm_color","capStyle":"Square","joinStyle":"Round","lineStyle3D":"Strip","miterLimit":10,"width":2,"color":[0,0,0,255]},{"type":"CIMSolidStroke","effects":[{"type":"CIMGeometricEffectOffset","method":"Square","offset":-15,"option":"Fast"},{"type":"CIMGeometricEffectDashes","customEndingOffset":15,"dashTemplate":[15,8],"lineDashEnding":"FullPattern","controlPointEnding":"HalfPattern"}],"enable":true,"primitiveName":"cm_color","capStyle":"Square","joinStyle":"Round","lineStyle3D":"Strip","miterLimit":10,"width":2,"color":[0,0,0,255]}],"version":"2.0.0","build":"8933"}