{"type":"CIMLineSymbol","symbolLayers":[{"type":"CIMVectorMarker","effects":[{"type":"CIMGeometricEffectAddControlPoints","angleTolerance":120},{"type":"CIMGeometricEffectDashes","dashTemplate":[8,8],"lineDashEnding":"HalfGap","offsetAlongLine":4,"controlPointEnding":"HalfGap"}],"enable":true,"anchorPoint":{"x":6.5307236742656282e-17,"y":-0.41176470588235309},"anchorPointUnits":"Relative","dominantSizeAxis3D":"Z","size":12,"billboardMode3D":"None","markerPlacement":{"type":"CIMMarkerPlacementAlongLineSameSize","angleToLine":true,"controlPointPlacement":"WithHalfGap","endings":"WithHalfGap","offsetAlongLine":5,"placementTemplate":[10]},"frame":{"xmin":-0.85,"ymin":-0.15,"xmax":0.85,"ymax":1.55},"markerGraphics":[{"type":"CIMMarkerGraphic","geometry":{"paths":[[[-0.6,0.0],[-0.6,1.4],[0.6,1.4],[0.6,0.0]]]},"symbol":{"type":"CIMLineSymbol","symbolLayers":[{"type":"CIMSolidStroke","enable":true,"primitiveName":"cm_color","capStyle":"Round","joinStyle":"Miter","lineStyle3D":"Strip","miterLimit":10,"width":0.29999999999999999,"color":[0,0,0,255]}]}}],"scaleSymbolsProportionally":true,"respectFrame":true},{"type":"CIMSolidStroke","effects":[{"type":"CIMGeometricEffectAddControlPoints","angleTolerance":120},{"type":"CIMGeometricEffectDashes","dashTemplate":[8,8],"lineDashEnding":"HalfPattern","offsetAlongLine":4,"controlPointEnding":"HalfPattern"}],"enable":true,"primitiveName":"cm_color","capStyle":"Butt","joinStyle":"Miter","lineStyle3D":"Strip","miterLimit":10,"width":2,"color":[0,0,0,255]}],"version":"2.0.0","build":"8933"}