{"type":"CIMPointSymbol","symbolLayers":[{"type":"CIMVectorMarker","enable":true,"anchorPointUnits":"Relative","dominantSizeAxis3D":"Z","size":100,"billboardMode3D":"FaceNearPlane","frame":{"xmin":0,"ymin":0,"xmax":612,"ymax":792},"markerGraphics":[{"type":"CIMMarkerGraphic","geometry":{"paths":[[[305.5,502.8],[305.5,288.3]]]},"symbol":{"type":"CIMPolygonSymbol","symbolLayers":[{"type":"CIMSolidStroke","enable":true,"primitiveName":"cm_color","capStyle":"Butt","joinStyle":"Round","lineStyle3D":"Strip","miterLimit":10,"width":5,"color":[0,0,0,255]}]}},{"type":"CIMMarkerGraphic","geometry":{"paths":[[[412.5,395.6],[198.2,395.6]]]},"symbol":{"type":"CIMPolygonSymbol","symbolLayers":[{"type":"CIMSolidStroke","enable":true,"primitiveName":"cm_color","capStyle":"Butt","joinStyle":"Round","lineStyle3D":"Strip","miterLimit":10,"width":5,"color":[0,0,0,255]}]}},{"type":"CIMMarkerGraphic","geometry":{"rings":[[[326.8,372.6],[326.8,418.6],[283.9,418.6],[283.9,372.6],[326.8,372.6]]]},"symbol":{"type":"CIMPolygonSymbol","symbolLayers":[{"type":"CIMSolidFill","enable":true,"colorLocked":true,"color":[255,255,255,255]}]}},{"type":"CIMMarkerGraphic","geometry":{"rings":[[[305.38,386.88],[307.07,387.05],[308.68,387.54],[310.17,388.34],[311.47,389.43],[312.55,390.75],[313.34,392.25],[313.83,393.88],[313.99,395.57],[313.83,397.27],[313.34,398.9],[312.54,400.4],[311.47,401.72],[310.16,402.81],[308.67,403.61],[307.06,404.1],[305.38,404.27],[303.71,404.1],[302.11,403.61],[300.62,402.8],[299.32,401.72],[298.24,400.4],[297.45,398.89],[296.96,397.27],[296.79,395.57],[296.96,393.88],[297.45,392.25],[298.24,390.75],[299.31,389.43],[300.61,388.35],[302.1,387.54],[303.71,387.05],[305.38,386.88]]]},"symbol":{"type":"CIMPolygonSymbol","symbolLayers":[{"type":"CIMSolidFill","enable":true,"primitiveName":"cm_color","color":[0,0,0,255]}]}},{"type":"CIMMarkerGraphic","geometry":{"paths":[[[305.38,404.27],[303.71,404.1],[302.11,403.61],[300.62,402.8],[299.32,401.72],[298.24,400.4],[297.45,398.89],[296.96,397.27],[296.79,395.57],[296.96,393.88],[297.45,392.25],[298.24,390.75],[299.31,389.43],[300.61,388.35],[302.1,387.54],[303.71,387.05],[305.38,386.88],[307.07,387.05],[308.68,387.54],[310.17,388.34],[311.47,389.43],[312.55,390.75],[313.34,392.25],[313.83,393.88],[313.99,395.57],[313.83,397.27],[313.34,398.9],[312.54,400.4],[311.47,401.72],[310.16,402.81],[308.67,403.61],[307.06,404.1],[305.38,404.27]]]},"symbol":{"type":"CIMPolygonSymbol","symbolLayers":[{"type":"CIMSolidStroke","enable":true,"primitiveName":"cm_color","capStyle":"Round","joinStyle":"Round","lineStyle3D":"Strip","miterLimit":10,"width":2.7170999050140381,"color":[0,0,0,255]}]}}],"scaleSymbolsProportionally":true,"respectFrame":true}],"haloSize":1,"scaleX":1,"angleAlignment":"Display","version":"2.0.0","build":"8933"}