{"type":"CIMPolygonSymbol","effects":[{"type":"CIMGeometricEffectAddControlPoints","angleTolerance":120}],"symbolLayers":[{"type":"CIMVectorMarker","enable":true,"primitiveName":"4.0","anchorPoint":{"x":-0.0017878426698450269,"y":0},"anchorPointUnits":"Relative","dominantSizeAxis3D":"Z","size":8,"billboardMode3D":"FaceNearPlane","markerPlacement":{"type":"CIMMarkerPlacementAlongLineSameSize","primitiveName":"6.1","angleToLine":false,"controlPointPlacement":"WithHalfGap","endings":"WithHalfGap","offsetAlongLine":40,"placementTemplate":[80]},"frame":{"xmin":-1.096,"ymin":-1.1,"xmax":1.104,"ymax":1.1},"markerGraphics":[{"type":"CIMMarkerGraphic","geometry":{"rings":[[[-1.096,0.977],[-0.3,0.977],[0.007,-0.212],[0.312,0.977],[1.104,0.977],[1.104,-0.977],[0.61,-0.977],[0.61,0.513],[0.227,-0.977],[-0.219,-0.977],[-0.6,0.513],[-0.6,-0.977],[-1.096,-0.977],[-1.096,0.977]]]},"symbol":{"type":"CIMPolygonSymbol","symbolLayers":[{"type":"CIMSolidFill","enable":true,"colorLocked":true,"color":[0,226,0,255]}]}}],"respectFrame":true},{"type":"CIMSolidStroke","effects":[{"type":"CIMGeometricEffectDashes","primitiveName":"3.0","dashTemplate":[65,15],"lineDashEnding":"HalfPattern","offsetAlongLine":-35,"controlPointEnding":"HalfPattern"}],"enable":true,"colorLocked":true,"primitiveName":"2.0","capStyle":"Butt","joinStyle":"Round","lineStyle3D":"Strip","miterLimit":10,"width":2,"color":[0,226,0,255]}],"version":"2.0.0","build":"8933"}