{"type":"CIMLineSymbol","symbolLayers":[{"type":"CIMSolidStroke","effects":[{"type":"CIMGeometricEffectOffset","method":"Square","offset":15,"option":"Fast"},{"type":"CIMGeometricEffectDashes","customEndingOffset":15,"dashTemplate":[15,8],"lineDashEnding":"FullPattern","controlPointEnding":"HalfPattern"}],"enable":true,"primitiveName":"cm_color","capStyle":"Square","joinStyle":"Round","lineStyle3D":"Strip","miterLimit":10,"width":2,"color":[0,0,0,255]},{"type":"CIMSolidStroke","effects":[{"type":"CIMGeometricEffectOffset","method":"Square","offset":-15,"option":"Fast"},{"type":"CIMGeometricEffectDashes","customEndingOffset":15,"dashTemplate":[15,8],"lineDashEnding":"FullPattern","controlPointEnding":"HalfPattern"}],"enable":true,"primitiveName":"cm_color","capStyle":"Square","joinStyle":"Round","lineStyle3D":"Strip","miterLimit":10,"width":2,"color":[0,0,0,255]}],"version":"2.0.0","build":"8933"}