{"type":"CIMLineSymbol","symbolLayers":[{"type":"CIMVectorMarker","enable":true,"primitiveName":"2.0","anchorPoint":{"x":0.01137026577418687,"y":-0.00046458607132763977},"anchorPointUnits":"Relative","dominantSizeAxis3D":"Z","size":10,"billboardMode3D":"FaceNearPlane","markerPlacement":{"type":"CIMMarkerPlacementAtExtremities","primitiveName":"4.1","angleToLine":true,"extremityPlacement":"Both"},"frame":{"xmin":-6.52,"ymin":-6.37,"xmax":6.23,"ymax":6.38},"markerGraphics":[{"type":"CIMMarkerGraphic","geometry":{"rings":[[[-0.15,6.12],[1.06,6.0],[2.22,5.64],[3.26,5.08],[4.17,4.33],[4.92,3.42],[5.49,2.38],[5.84,1.23],[5.96,0.0],[5.84,-1.24],[5.49,-2.38],[4.92,-3.43],[4.17,-4.33],[3.27,-5.07],[2.22,-5.64],[1.08,-6.0],[-0.15,-6.12],[-1.4,-6.0],[-2.54,-5.64],[-3.58,-5.07],[-4.47,-4.33],[-5.21,-3.42],[-5.78,-2.38],[-6.13,-1.24],[-6.25,0.0],[-6.13,1.23],[-5.78,2.38],[-5.21,3.42],[-4.47,4.33],[-3.57,5.07],[-2.54,5.64],[-1.38,6.0],[-0.15,6.12]]]},"symbol":{"type":"CIMPolygonSymbol","symbolLayers":[{"type":"CIMSolidStroke","enable":true,"primitiveName":"cm_color","capStyle":"Round","joinStyle":"Round","lineStyle3D":"Strip","miterLimit":10,"width":0.5,"color":[0,0,0,255]},{"type":"CIMSolidFill","enable":true,"colorLocked":true,"color":[224,223,227,0]}]}},{"type":"CIMMarkerGraphic","geometry":{"paths":[[[-4.0,4.4],[3.8,-4.2]]]},"symbol":{"type":"CIMLineSymbol","symbolLayers":[{"type":"CIMSolidStroke","enable":true,"primitiveName":"cm_color","capStyle":"Round","joinStyle":"Round","lineStyle3D":"Strip","miterLimit":10,"width":0.5,"color":[0,0,0,255]}]}},{"type":"CIMMarkerGraphic","geometry":{"paths":[[[3.6,4.4],[-4.0,-4.4]]]},"symbol":{"type":"CIMLineSymbol","symbolLayers":[{"type":"CIMSolidStroke","enable":true,"primitiveName":"cm_color","capStyle":"Round","joinStyle":"Round","lineStyle3D":"Strip","miterLimit":10,"width":0.5,"color":[0,0,0,255]}]}}],"respectFrame":true},{"type":"CIMSolidStroke","effects":[{"type":"CIMGeometricEffectAddControlPoints","angleTolerance":120},{"type":"CIMGeometricEffectDashes","dashTemplate":[2,2],"lineDashEnding":"HalfPattern","controlPointEnding":"NoConstraint"}],"enable":true,"primitiveName":"cm_color","capStyle":"Butt","joinStyle":"Round","lineStyle3D":"Strip","miterLimit":10,"width":1,"color":[0,0,0,255]}],"version":"2.0.0","build":"8933"}