{"type":"CIMLineSymbol","symbolLayers":[{"type":"CIMVectorMarker","enable":true,"anchorPoint":{"x":0,"y":0},"anchorPointUnits":"Relative","dominantSizeAxis3D":"Z","size":8,"billboardMode3D":"None","markerPlacement":{"type":"CIMMarkerPlacementOnLine","angleToLine":false,"relativeTo":"LineMiddle"},"frame":{"xmin":-1.84,"ymin":-1.84,"xmax":1.84,"ymax":1.84},"markerGraphics":[{"type":"CIMMarkerGraphic","geometry":{"rings":[[[-1.68,1.79],[1.68,1.79],[1.68,0.91],[0.55,0.91],[0.55,-1.79],[-0.55,-1.79],[-0.55,0.91],[-1.68,0.91],[-1.68,1.79]]]},"symbol":{"type":"CIMPolygonSymbol","symbolLayers":[{"type":"CIMSolidFill","enable":true,"primitiveName":"cm_color","color":[0,0,0,255]},{"type":"CIMSolidStroke","enable":true,"capStyle":"Round","joinStyle":"Miter","lineStyle3D":"Strip","miterLimit":10,"width":0.5,"color":[204,204,204,255]}]}}],"scaleSymbolsProportionally":true,"respectFrame":true},{"type":"CIMSolidStroke","effects":[{"type":"CIMGeometricEffectDashes","lineDashEnding":"NoConstraint","controlPointEnding":"NoConstraint"},{"type":"CIMGeometricEffectCut","beginCut":0,"endCut":0,"middleCut":20}],"enable":true,"primitiveName":"cm_color","capStyle":"Butt","joinStyle":"Miter","lineStyle3D":"Strip","miterLimit":10,"width":2,"color":[0,0,0,255]}],"version":"2.0.0","build":"8933"}