{"type":"CIMLineSymbol","symbolLayers":[{"type":"CIMVectorMarker","enable":true,"anchorPoint":{"x":-0.085476095196123536,"y":-0.0085544890168039629},"anchorPointUnits":"Relative","dominantSizeAxis3D":"Z","size":60,"billboardMode3D":"None","markerPlacement":{"type":"CIMMarkerPlacementAtExtremities","angleToLine":true,"extremityPlacement":"JustBegin"},"frame":{"xmin":-1.019,"ymin":-1.208,"xmax":1.439,"ymax":1.25},"markerGraphics":[{"type":"CIMMarkerGraphic","geometry":{"rings":[[[-0.4,0.0],[0.46,0.0],[-0.4,0.0]]]},"symbol":{"type":"CIMPolygonSymbol","symbolLayers":[{"type":"CIMSolidFill","enable":true,"primitiveName":"cm_color","color":[0,0,0,255]}]}},{"type":"CIMMarkerGraphic","geometry":{"rings":[[[0.8505,-0.5178],[0.7122,-0.3494],[0.8505,-0.5178]]]},"symbol":{"type":"CIMPolygonSymbol","symbolLayers":[{"type":"CIMSolidFill","enable":true,"primitiveName":"cm_color","color":[0,0,0,255]}]}},{"type":"CIMMarkerGraphic","geometry":{"paths":[[[-0.38,0.247],[0.384,0.247]]]},"symbol":{"type":"CIMLineSymbol","symbolLayers":[{"type":"CIMSolidStroke","enable":true,"primitiveName":"cm_color","capStyle":"Butt","joinStyle":"Round","lineStyle3D":"Strip","miterLimit":10,"width":0.10000000000000001,"color":[0,0,0,255]}]}},{"type":"CIMMarkerGraphic","geometry":{"paths":[[[-0.38,-0.248],[0.384,-0.248]]]},"symbol":{"type":"CIMLineSymbol","symbolLayers":[{"type":"CIMSolidStroke","enable":true,"primitiveName":"cm_color","capStyle":"Butt","joinStyle":"Round","lineStyle3D":"Strip","miterLimit":10,"width":0.10000000000000001,"color":[0,0,0,255]}]}},{"type":"CIMMarkerGraphic","geometry":{"paths":[[[0.0,-1.158],[0.0,-0.263]]]},"symbol":{"type":"CIMLineSymbol","symbolLayers":[{"type":"CIMSolidStroke","enable":true,"primitiveName":"cm_color","capStyle":"Square","joinStyle":"Round","lineStyle3D":"Strip","miterLimit":10,"width":0.10000000000000001,"color":[0,0,0,255]}]}},{"type":"CIMMarkerGraphic","geometry":{"paths":[[[0.0,0.305],[0.0,1.2]]]},"symbol":{"type":"CIMLineSymbol","symbolLayers":[{"type":"CIMSolidStroke","enable":true,"primitiveName":"cm_color","capStyle":"Square","joinStyle":"Round","lineStyle3D":"Strip","miterLimit":10,"width":0.10000000000000001,"color":[0,0,0,255]}]}}],"scaleSymbolsProportionally":true,"respectFrame":true},{"type":"CIMVectorMarker","effects":[{"type":"CIMGeometricEffectOffset","method":"Square","offset":-30,"option":"Fast"}],"enable":true,"anchorPoint":{"x":0.26560382389806564,"y":-0.0083831478030205308},"anchorPointUnits":"Relative","dominantSizeAxis3D":"Z","size":10,"billboardMode3D":"None","markerPlacement":{"type":"CIMMarkerPlacementAtExtremities","angleToLine":true,"extremityPlacement":"JustEnd"},"frame":{"xmin":-8.52,"ymin":-5.47,"xmax":2.61,"ymax":5.66},"markerGraphics":[{"type":"CIMMarkerGraphic","geometry":{"rings":[[[-7.93,-5.47],[-7.95,5.66],[2.04,0.02],[-7.93,-5.47]]]},"symbol":{"type":"CIMPolygonSymbol","symbolLayers":[{"type":"CIMSolidFill","enable":true,"primitiveName":"cm_color","color":[0,0,0,255]}]}}],"scaleSymbolsProportionally":true,"respectFrame":true},{"type":"CIMVectorMarker","effects":[{"type":"CIMGeometricEffectOffset","method":"Square","offset":30,"option":"Fast"}],"enable":true,"anchorPoint":{"x":0.26560382389806564,"y":-0.0083831478030205308},"anchorPointUnits":"Relative","dominantSizeAxis3D":"Z","size":10,"billboardMode3D":"None","markerPlacement":{"type":"CIMMarkerPlacementAtExtremities","angleToLine":true,"extremityPlacement":"JustEnd"},"frame":{"xmin":-8.52,"ymin":-5.47,"xmax":2.61,"ymax":5.66},"markerGraphics":[{"type":"CIMMarkerGraphic","geometry":{"rings":[[[-7.93,-5.47],[-7.95,5.66],[2.04,0.02],[-7.93,-5.47]]]},"symbol":{"type":"CIMPolygonSymbol","symbolLayers":[{"type":"CIMSolidFill","enable":true,"primitiveName":"cm_color","color":[0,0,0,255]}]}}],"scaleSymbolsProportionally":true,"respectFrame":true},{"type":"CIMSolidStroke","effects":[{"type":"CIMGeometricEffectOffset","method":"Square","offset":30,"option":"Fast"}],"enable":true,"primitiveName":"cm_color","capStyle":"Round","joinStyle":"Round","lineStyle3D":"Strip","miterLimit":10,"width":2,"color":[0,0,0,255]},{"type":"CIMSolidStroke","effects":[{"type":"CIMGeometricEffectOffset","method":"Square","offset":-30,"option":"Fast"}],"enable":true,"primitiveName":"cm_color","capStyle":"Round","joinStyle":"Round","lineStyle3D":"Strip","miterLimit":10,"width":2,"color":[0,0,0,255]}],"version":"2.0.0","build":"8933"}