{"type":"CIMLineSymbol","symbolLayers":[{"type":"CIMVectorMarker","enable":true,"anchorPoint":{"x":0.10606060606060599,"y":-0.0098801825031119735},"anchorPointUnits":"Relative","dominantSizeAxis3D":"Z","size":12,"billboardMode3D":"None","markerPlacement":{"type":"CIMMarkerPlacementOnLine","angleToLine":true,"relativeTo":"LineEnd"},"frame":{"xmin":-8.0,"ymin":-6.47,"xmax":5.2,"ymax":6.73},"markerGraphics":[{"type":"CIMMarkerGraphic","geometry":{"rings":[[[-7.97,-5.4],[-8.0,5.66],[5.2,0.05],[-7.97,-5.4]]]},"symbol":{"type":"CIMPolygonSymbol","symbolLayers":[{"type":"CIMSolidFill","enable":true,"color":[0,226,0,255]}]}}],"scaleSymbolsProportionally":true,"respectFrame":true},{"type":"CIMVectorMarker","enable":true,"anchorPoint":{"x":-0.375,"y":2.7755575615628914e-17},"anchorPointUnits":"Relative","dominantSizeAxis3D":"Z","size":10,"billboardMode3D":"None","markerPlacement":{"type":"CIMMarkerPlacementOnLine","angleToLine":true,"relativeTo":"LineBeginning"},"frame":{"xmin":-2.0,"ymin":-8.0,"xmax":14.0,"ymax":8.0},"markerGraphics":[{"type":"CIMMarkerGraphic","geometry":{"paths":[[[12.0,0.0],[0.0,0.0]]]},"symbol":{"type":"CIMLineSymbol","symbolLayers":[{"type":"CIMSolidStroke","enable":true,"capStyle":"Square","joinStyle":"Round","lineStyle3D":"Strip","miterLimit":10,"width":4,"color":[0,226,0,255]}]}}],"scaleSymbolsProportionally":true,"respectFrame":true},{"type":"CIMVectorMarker","enable":true,"anchorPoint":{"x":0.5892857142857143,"y":3.9650822308041306e-17},"anchorPointUnits":"Relative","dominantSizeAxis3D":"Z","size":12,"billboardMode3D":"None","markerPlacement":{"type":"CIMMarkerPlacementAtExtremities","angleToLine":true,"extremityPlacement":"JustEnd"},"frame":{"xmin":-12.2,"ymin":-5.6,"xmax":-1.0,"ymax":5.6},"markerGraphics":[{"type":"CIMMarkerGraphic","geometry":{"paths":[[[-2.0,0.0],[-11.2,0.0]]]},"symbol":{"type":"CIMLineSymbol","symbolLayers":[{"type":"CIMSolidStroke","enable":true,"capStyle":"Square","joinStyle":"Round","lineStyle3D":"Strip","miterLimit":10,"width":2,"color":[0,226,0,255]}]}}],"scaleSymbolsProportionally":true,"respectFrame":true},{"type":"CIMSolidStroke","effects":[{"type":"CIMGeometricEffectCut","beginCut":8,"endCut":13},{"type":"CIMGeometricEffectWave","amplitude":15,"period":10,"seed":1,"waveform":"Triangle"},{"type":"CIMGeometricEffectAddControlPoints","angleTolerance":120},{"type":"CIMGeometricEffectDashes","dashTemplate":[5,5],"lineDashEnding":"FullPattern","controlPointEnding":"NoConstraint"}],"enable":true,"capStyle":"Butt","joinStyle":"Miter","lineStyle3D":"Strip","miterLimit":10,"width":2,"color":[0,226,0,255]}],"version":"2.0.0","build":"8933"}