{"type":"CIMLineSymbol","symbolLayers":[{"type":"CIMSolidStroke","effects":[{"type":"CIMGeometricEffectCut","primitiveName":"echelon_cut","beginCut":0,"endCut":0},{"type":"CIMGeometricEffectAddControlPoints","angleTolerance":120},{"type":"CIMGeometricEffectDashes","dashTemplate":[5,3],"lineDashEnding":"HalfPattern","controlPointEnding":"NoConstraint"}],"enable":true,"colorLocked":true,"primitiveName":"1.0","capStyle":"Butt","joinStyle":"Round","lineStyle3D":"Strip","miterLimit":10,"width":2,"color":[255,0,0,255]}],"version":"2.0.0","build":"8933"}