{"type":"CIMPointSymbol","symbolLayers":[{"type":"CIMVectorMarker","enable":true,"colorLocked":true,"anchorPointUnits":"Relative","dominantSizeAxis3D":"Z","size":64,"billboardMode3D":"FaceNearPlane","frame":{"xmin":0,"ymin":0,"xmax":612,"ymax":792},"markerGraphics":[{"type":"CIMMarkerGraphic","geometry":{"rings":[[[301.6,332.4],[314.9,333.8],[327.6,337.6],[339.4,343.9],[349.7,352.4],[358.2,362.7],[364.4,374.4],[368.3,387.2],[369.6,400.4],[368.3,413.7],[364.4,426.5],[358.2,438.2],[349.7,448.5],[339.4,457.0],[327.6,463.3],[314.9,467.1],[301.6,468.4],[288.3,467.1],[275.6,463.3],[263.8,457.0],[253.5,448.5],[245.1,438.2],[238.8,426.5],[234.9,413.7],[233.6,400.4],[234.9,387.2],[238.8,374.4],[245.1,362.7],[253.5,352.4],[263.8,343.9],[275.6,337.6],[288.3,333.8],[301.6,332.4]]]},"symbol":{"type":"CIMPolygonSymbol","symbolLayers":[{"type":"CIMSolidFill","enable":true,"color":[0,226,0,255]}]}},{"type":"CIMMarkerGraphic","geometry":{"rings":[[[301.6,332.4],[314.9,333.8],[327.6,337.6],[339.4,343.9],[349.7,352.4],[358.2,362.7],[364.4,374.4],[368.3,387.2],[369.6,400.4],[368.3,413.7],[364.4,426.5],[358.2,438.2],[349.7,448.5],[339.4,457.0],[327.6,463.3],[314.9,467.1],[301.6,468.4],[288.3,467.1],[275.6,463.3],[263.8,457.0],[253.5,448.5],[245.1,438.2],[238.8,426.5],[234.9,413.7],[233.6,400.4],[234.9,387.2],[238.8,374.4],[245.1,362.7],[253.5,352.4],[263.8,343.9],[275.6,337.6],[288.3,333.8],[301.6,332.4]]]},"symbol":{"type":"CIMPolygonSymbol","symbolLayers":[{"type":"CIMSolidStroke","enable":true,"capStyle":"Round","joinStyle":"Miter","lineStyle3D":"Strip","miterLimit":10,"width":4,"color":[0,226,0,255]}]}},{"type":"CIMMarkerGraphic","geometry":{"paths":[[[316.3,334.4],[363.0,282.2],[409.6,334.4]]]},"symbol":{"type":"CIMPolygonSymbol","symbolLayers":[{"type":"CIMSolidStroke","enable":true,"capStyle":"Butt","joinStyle":"Miter","lineStyle3D":"Strip","miterLimit":10,"width":10,"color":[0,226,0,255]}]}},{"type":"CIMMarkerGraphic","geometry":{"paths":[[[282.6,334.4],[240.6,282.2],[200.0,334.4]]]},"symbol":{"type":"CIMPolygonSymbol","symbolLayers":[{"type":"CIMSolidStroke","enable":true,"capStyle":"Butt","joinStyle":"Miter","lineStyle3D":"Strip","miterLimit":10,"width":10,"color":[0,226,0,255]}]}}],"scaleSymbolsProportionally":true,"respectFrame":true}],"haloSize":1,"scaleX":1,"angleAlignment":"Display","version":"2.0.0","build":"8933"}