{"type":"CIMPolygonSymbol","symbolLayers":[{"type":"CIMVectorMarker","enable":true,"anchorPoint":{"x":-0.026414958431940024,"y":-0.002146326380668881},"anchorPointUnits":"Relative","dominantSizeAxis3D":"Z","size":18,"billboardMode3D":"None","markerPlacement":{"type":"CIMMarkerPlacementAlongLineSameSize","angleToLine":false,"controlPointPlacement":"WithMarkers","endings":"Custom","offsetAlongLine":25,"placementTemplate":[75]},"frame":{"xmin":-2.74,"ymin":-2.88,"xmax":3.04,"ymax":2.9},"markerGraphics":[{"type":"CIMMarkerGraphic","geometry":{"rings":[[[-1.955,0.174],[-1.789,0.174],[-1.622,0.192],[-1.513,0.244],[-1.453,0.32],[-1.433,0.418],[-1.45,0.513],[-1.501,0.593],[-1.544,0.625],[-1.601,0.648],[-1.761,0.666],[-1.955,0.666],[-1.955,0.174]],[[-2.637,1.113],[-1.508,1.113],[-1.336,1.102],[-1.186,1.069],[-1.059,1.014],[-0.955,0.937],[-0.874,0.84],[-0.817,0.724],[-0.782,0.59],[-0.771,0.437],[-0.783,0.279],[-0.821,0.14],[-0.884,0.019],[-0.971,-0.084],[-1.085,-0.166],[-1.225,-0.224],[-1.391,-0.26],[-1.582,-0.271],[-1.955,-0.271],[-1.955,-1.087],[-2.637,-1.087],[-2.637,1.113]]]},"symbol":{"type":"CIMPolygonSymbol","symbolLayers":[{"type":"CIMSolidFill","enable":true,"primitiveName":"cm_color","color":[0,0,0,255]},{"type":"CIMSolidStroke","enable":true,"capStyle":"Round","joinStyle":"Miter","lineStyle3D":"Strip","miterLimit":10,"width":0.40000000000000002,"color":[225,225,225,255]}]}},{"type":"CIMMarkerGraphic","geometry":{"rings":[[[0.201,-0.25],[0.012,0.543],[-0.177,-0.25],[0.201,-0.25]],[[0.312,-0.725],[-0.292,-0.725],[-0.374,-1.088],[-0.916,-1.088],[-0.272,1.112],[0.306,1.112],[0.95,-1.088],[0.396,-1.088],[0.312,-0.725]]]},"symbol":{"type":"CIMPolygonSymbol","symbolLayers":[{"type":"CIMSolidFill","enable":true,"primitiveName":"cm_color","color":[0,0,0,255]},{"type":"CIMSolidStroke","enable":true,"capStyle":"Round","joinStyle":"Miter","lineStyle3D":"Strip","miterLimit":10,"width":0.40000000000000002,"color":[225,225,225,255]}]}},{"type":"CIMMarkerGraphic","geometry":{"rings":[[[2.193,-0.25],[2.004,0.543],[1.815,-0.25],[2.193,-0.25]],[[2.304,-0.725],[1.7,-0.725],[1.618,-1.088],[1.076,-1.088],[1.72,1.112],[2.298,1.112],[2.943,-1.088],[2.388,-1.088],[2.304,-0.725]]]},"symbol":{"type":"CIMPolygonSymbol","symbolLayers":[{"type":"CIMSolidFill","enable":true,"primitiveName":"cm_color","color":[0,0,0,255]},{"type":"CIMSolidStroke","enable":true,"capStyle":"Round","joinStyle":"Miter","lineStyle3D":"Strip","miterLimit":10,"width":0.40000000000000002,"color":[225,225,225,255]}]}}],"scaleSymbolsProportionally":true,"respectFrame":true},{"type":"CIMSolidStroke","effects":[{"type":"CIMGeometricEffectAddControlPoints","angleTolerance":120},{"type":"CIMGeometricEffectDashes","dashTemplate":[5,5],"lineDashEnding":"FullPattern","controlPointEnding":"NoConstraint"}],"enable":true,"primitiveName":"cm_color","capStyle":"Butt","joinStyle":"Round","lineStyle3D":"Strip","miterLimit":10,"width":2,"color":[0,0,0,255]}],"version":"2.0.0","build":"8933"}