{"type":"CIMPointSymbol","symbolLayers":[{"type":"CIMVectorMarker","enable":true,"anchorPointUnits":"Relative","dominantSizeAxis3D":"Z","size":64,"billboardMode3D":"FaceNearPlane","frame":{"xmin":0,"ymin":0,"xmax":612,"ymax":792},"markerGraphics":[{"type":"CIMMarkerGraphic","geometry":{"rings":[[[304.0,327.3],[317.3,328.6],[330.0,332.5],[341.8,338.8],[352.1,347.2],[360.5,357.5],[366.8,369.3],[370.7,382.0],[372.0,395.3],[370.7,408.6],[366.8,421.3],[360.5,433.1],[352.1,443.4],[341.8,451.8],[330.0,458.1],[317.3,462.0],[304.0,463.3],[290.7,462.0],[278.0,458.1],[266.2,451.8],[255.9,443.4],[247.5,433.1],[241.2,421.3],[237.3,408.6],[236.0,395.3],[237.3,382.0],[241.2,369.3],[247.5,357.5],[255.9,347.2],[266.2,338.8],[278.0,332.5],[290.7,328.6],[304.0,327.3]]]},"symbol":{"type":"CIMPolygonSymbol","symbolLayers":[{"type":"CIMSolidFill","enable":true,"color":[0,226,0,255]}]}},{"type":"CIMMarkerGraphic","geometry":{"rings":[[[304.0,327.3],[317.3,328.6],[330.0,332.5],[341.8,338.8],[352.1,347.2],[360.5,357.5],[366.8,369.3],[370.7,382.0],[372.0,395.3],[370.7,408.6],[366.8,421.3],[360.5,433.1],[352.1,443.4],[341.8,451.8],[330.0,458.1],[317.3,462.0],[304.0,463.3],[290.7,462.0],[278.0,458.1],[266.2,451.8],[255.9,443.4],[247.5,433.1],[241.2,421.3],[237.3,408.6],[236.0,395.3],[237.3,382.0],[241.2,369.3],[247.5,357.5],[255.9,347.2],[266.2,338.8],[278.0,332.5],[290.7,328.6],[304.0,327.3]]]},"symbol":{"type":"CIMPolygonSymbol","symbolLayers":[{"type":"CIMSolidStroke","enable":true,"capStyle":"Round","joinStyle":"Miter","lineStyle3D":"Strip","miterLimit":10,"width":4,"color":[0,226,0,255]}]}},{"type":"CIMMarkerGraphic","geometry":{"paths":[[[262.0,448.3],[199.0,524.3]]]},"symbol":{"type":"CIMPolygonSymbol","symbolLayers":[{"type":"CIMSolidStroke","effects":[{"type":"CIMGeometricEffectAddControlPoints","angleTolerance":120},{"type":"CIMGeometricEffectDashes","dashTemplate":[30.9375,30.9375],"lineDashEnding":"FullPattern","controlPointEnding":"NoConstraint"}],"enable":true,"capStyle":"Butt","joinStyle":"Miter","lineStyle3D":"Strip","miterLimit":10,"width":10,"color":[0,226,0,255]}]}},{"type":"CIMMarkerGraphic","geometry":{"paths":[[[342.0,450.3],[403.0,524.3]]]},"symbol":{"type":"CIMPolygonSymbol","symbolLayers":[{"type":"CIMSolidStroke","effects":[{"type":"CIMGeometricEffectAddControlPoints","angleTolerance":120},{"type":"CIMGeometricEffectDashes","dashTemplate":[30.9375,30.9375],"lineDashEnding":"FullPattern","controlPointEnding":"NoConstraint"}],"enable":true,"capStyle":"Butt","joinStyle":"Miter","lineStyle3D":"Strip","miterLimit":10,"width":10,"color":[0,226,0,255]}]}}],"scaleSymbolsProportionally":true,"respectFrame":true}],"haloSize":1,"scaleX":1,"angleAlignment":"Display","version":"2.0.0","build":"8933"}