{"type":"CIMPointSymbol","symbolLayers":[{"type":"CIMVectorMarker","enable":true,"colorLocked":true,"anchorPointUnits":"Relative","dominantSizeAxis3D":"Z","size":30,"billboardMode3D":"FaceNearPlane","frame":{"xmin":0,"ymin":0,"xmax":320,"ymax":320},"markerGraphics":[{"type":"CIMMarkerGraphic","geometry":{"rings":[[[160.0,312.0],[181.9,309.9],[202.8,303.6],[222.2,293.3],[239.2,279.3],[253.2,262.4],[263.5,243.1],[269.9,222.2],[272.0,200.4],[48.0,200.4],[50.1,222.2],[56.5,243.1],[66.8,262.4],[80.8,279.3],[97.8,293.3],[117.2,303.6],[138.1,309.9],[160.0,312.0]]]},"symbol":{"type":"CIMPolygonSymbol","symbolLayers":[{"type":"CIMSolidStroke","effects":[{"type":"CIMGeometricEffectDashes","dashTemplate":[11.179258972295736,5.5754785254234429],"lineDashEnding":"NoConstraint","controlPointEnding":"NoConstraint"}],"enable":true,"capStyle":"Butt","joinStyle":"Miter","lineStyle3D":"Strip","miterLimit":282,"width":5.5754785254234429,"color":[255,0,0,255]}]}},{"type":"CIMMarkerGraphic","geometry":{"rings":[[[120.0,200.4],[200.0,200.4],[200.0,40.9],[120.0,40.9],[120.0,200.4]]]},"symbol":{"type":"CIMPolygonSymbol","symbolLayers":[{"type":"CIMSolidStroke","effects":[{"type":"CIMGeometricEffectDashes","dashTemplate":[11.179258972295736,5.5754785254234429],"lineDashEnding":"NoConstraint","controlPointEnding":"NoConstraint"}],"enable":true,"capStyle":"Butt","joinStyle":"Miter","lineStyle3D":"Strip","miterLimit":282,"width":5.5754785254234429,"color":[255,0,0,255]}]}},{"type":"CIMMarkerGraphic","geometry":{"rings":[[[103.2,230.8],[103.2,271.9],[133.1,271.9],[133.1,267.0],[108.7,267.0],[108.7,254.4],[131.5,254.4],[131.5,249.6],[108.7,249.6],[108.7,235.6],[134.0,235.6],[134.0,230.8],[103.2,230.8]]]},"symbol":{"type":"CIMPolygonSymbol","symbolLayers":[{"type":"CIMSolidStroke","enable":true,"capStyle":"Butt","joinStyle":"Miter","lineStyle3D":"Strip","miterLimit":282,"width":0.79245380056779902,"color":[255,0,0,255]},{"type":"CIMSolidFill","enable":true,"color":[255,0,0,255]}]}},{"type":"CIMMarkerGraphic","geometry":{"rings":[[[141.6,230.8],[141.6,271.9],[147.1,271.9],[168.8,239.6],[168.8,271.9],[174.0,271.9],[174.0,230.8],[168.4,230.8],[146.8,263.1],[146.8,230.8],[141.6,230.8]]]},"symbol":{"type":"CIMPolygonSymbol","symbolLayers":[{"type":"CIMSolidStroke","enable":true,"capStyle":"Butt","joinStyle":"Miter","lineStyle3D":"Strip","miterLimit":282,"width":0.79245380056779902,"color":[255,0,0,255]},{"type":"CIMSolidFill","enable":true,"color":[255,0,0,255]}]}},{"type":"CIMMarkerGraphic","geometry":{"rings":[[[194.9,230.8],[194.9,248.2],[178.9,271.9],[185.6,271.9],[193.7,259.5],[197.9,252.5],[202.4,259.8],[210.4,271.9],[216.8,271.9],[200.3,248.2],[200.3,230.8],[194.9,230.8]]]},"symbol":{"type":"CIMPolygonSymbol","symbolLayers":[{"type":"CIMSolidStroke","enable":true,"capStyle":"Butt","joinStyle":"Miter","lineStyle3D":"Strip","miterLimit":282,"width":0.79245380056779902,"color":[255,0,0,255]},{"type":"CIMSolidFill","enable":true,"color":[255,0,0,255]}]}}],"scaleSymbolsProportionally":true,"respectFrame":true}],"haloSize":1,"scaleX":1,"angleAlignment":"Display","version":"2.0.0","build":"8933"}