{"type":"CIMPointSymbol","symbolLayers":[{"type":"CIMVectorMarker","enable":true,"anchorPointUnits":"Relative","dominantSizeAxis3D":"Z","size":64,"billboardMode3D":"FaceNearPlane","frame":{"xmin":0,"ymin":0,"xmax":612,"ymax":792},"markerGraphics":[{"type":"CIMMarkerGraphic","geometry":{"x":234.613296508789063,"y":410.066375732421875},"symbol":{"type":"CIMTextSymbol","blockProgression":"TTB","depth3D":1,"extrapolateBaselines":true,"fontEffects":"Normal","fontEncoding":"Unicode","fontFamilyName":"Arial","fontType":"Unspecified","haloSize":1,"height":72,"hinting":"Default","horizontalAlignment":"Left","kerning":true,"letterWidth":100,"ligatures":true,"lineGapType":"ExtraLeading","symbol":{"type":"CIMPolygonSymbol","symbolLayers":[{"type":"CIMSolidFill","enable":true,"color":[0,0,0,255]}]},"textCase":"Normal","textDirection":"LTR","verticalAlignment":"Baseline","verticalGlyphOrientation":"Right","wordSpacing":100,"billboardMode3D":"FaceNearPlane"},"textString":"CCP","primitiveName":"cm_color"},{"type":"CIMMarkerGraphic","geometry":{"rings":[[[311.3,269.1],[330.9,270.6],[349.9,275.2],[368.1,282.7],[384.8,292.9],[399.7,305.7],[412.4,320.6],[422.7,337.3],[430.2,355.4],[434.8,374.5],[436.3,394.1],[434.8,413.6],[430.2,432.7],[422.7,450.8],[412.4,467.5],[399.7,482.5],[384.8,495.2],[368.1,505.4],[349.9,513.0],[330.9,517.5],[311.3,519.1],[289.6,517.2],[268.6,511.5],[248.8,502.3],[231.0,489.8],[215.6,474.4],[203.1,456.6],[193.9,436.8],[188.2,415.8],[186.3,394.1],[188.2,372.4],[193.9,351.3],[203.1,331.6],[215.6,313.7],[231.0,298.3],[248.8,285.8],[268.6,276.6],[289.6,271.0],[311.3,269.1]]]},"symbol":{"type":"CIMPolygonSymbol","symbolLayers":[{"type":"CIMSolidStroke","enable":true,"primitiveName":"cm_color","capStyle":"Round","joinStyle":"Miter","lineStyle3D":"Strip","miterLimit":10,"width":5,"color":[0,0,0,255]}]}}],"scaleSymbolsProportionally":true,"respectFrame":true}],"haloSize":1,"scaleX":1,"angleAlignment":"Display","version":"2.0.0","build":"8933"}