{"type":"CIMPolygonSymbol","symbolLayers":[{"type":"CIMVectorMarker","enable":true,"anchorPoint":{"x":0.055484246968576734,"y":0},"anchorPointUnits":"Relative","dominantSizeAxis3D":"Z","size":35,"billboardMode3D":"None","markerPlacement":{"type":"CIMMarkerPlacementPolygonCenter","method":"OnPolygon"},"frame":{"xmin":-1.167,"ymin":-1.05,"xmax":0.933,"ymax":1.05},"markerGraphics":[{"type":"CIMMarkerGraphic","geometry":{"rings":[[[-0.2,1.0],[-0.2,0.0],[-0.8,-1.0],[0.8,-1.0],[0.2,0.0],[0.2,1.0],[-0.2,1.0]]]},"symbol":{"type":"CIMLineSymbol","symbolLayers":[{"type":"CIMSolidFill","enable":true,"color":[255,255,0,255]},{"type":"CIMSolidStroke","enable":true,"capStyle":"Round","joinStyle":"Miter","lineStyle3D":"Strip","miterLimit":10,"width":2,"color":[0,0,0,255]}]}},{"type":"CIMMarkerGraphic","geometry":{"rings":[[[0.002,-0.732],[0.065,-0.732],[0.093,-0.727],[0.111,-0.715],[0.121,-0.696],[0.124,-0.67],[0.121,-0.647],[0.111,-0.629],[0.093,-0.617],[0.065,-0.613],[0.002,-0.613],[0.002,-0.732]],[[0.002,-0.502],[0.056,-0.502],[0.081,-0.498],[0.097,-0.488],[0.105,-0.47],[0.108,-0.445],[0.105,-0.423],[0.097,-0.406],[0.081,-0.395],[0.057,-0.391],[0.002,-0.391],[0.002,-0.502]],[[-0.124,-0.273],[0.109,-0.273],[0.137,-0.276],[0.161,-0.283],[0.182,-0.297],[0.199,-0.315],[0.213,-0.337],[0.223,-0.362],[0.229,-0.389],[0.23,-0.418],[0.225,-0.466],[0.208,-0.507],[0.19,-0.529],[0.164,-0.546],[0.202,-0.567],[0.229,-0.598],[0.244,-0.64],[0.249,-0.691],[0.245,-0.734],[0.235,-0.772],[0.217,-0.805],[0.194,-0.83],[0.175,-0.841],[0.147,-0.849],[0.091,-0.857],[-0.124,-0.857],[-0.124,-0.273]]]},"symbol":{"type":"CIMPolygonSymbol","symbolLayers":[{"type":"CIMSolidFill","enable":true,"color":[0,0,0,255]}]}},{"type":"CIMMarkerGraphic","geometry":{"rings":[[[-0.98,-0.107],[-0.935,-0.107],[-0.915,-0.104],[-0.903,-0.095],[-0.896,-0.081],[-0.893,-0.062],[-0.896,-0.045],[-0.903,-0.032],[-0.915,-0.023],[-0.935,-0.02],[-0.98,-0.02],[-0.98,-0.107]],[[-0.98,0.062],[-0.941,0.062],[-0.924,0.065],[-0.913,0.073],[-0.907,0.086],[-0.905,0.104],[-0.907,0.121],[-0.913,0.133],[-0.924,0.141],[-0.941,0.144],[-0.98,0.144],[-0.98,0.062]],[[-1.068,0.231],[-0.904,0.231],[-0.884,0.229],[-0.868,0.223],[-0.853,0.214],[-0.841,0.2],[-0.831,0.184],[-0.824,0.166],[-0.82,0.146],[-0.819,0.124],[-0.823,0.088],[-0.834,0.058],[-0.847,0.042],[-0.865,0.029],[-0.839,0.014],[-0.82,-0.009],[-0.809,-0.04],[-0.805,-0.077],[-0.808,-0.109],[-0.816,-0.138],[-0.828,-0.162],[-0.844,-0.18],[-0.858,-0.189],[-0.877,-0.194],[-0.917,-0.2],[-1.068,-0.2],[-1.068,0.231]]]},"symbol":{"type":"CIMPolygonSymbol","symbolLayers":[{"type":"CIMSolidFill","enable":true,"color":[0,0,0,255]}]}},{"type":"CIMMarkerGraphic","geometry":{"rings":[[[-0.787,0.231],[-0.686,0.231],[-0.686,-0.2],[-0.787,-0.2],[-0.787,0.231]]]},"symbol":{"type":"CIMPolygonSymbol","symbolLayers":[{"type":"CIMSolidFill","enable":true,"color":[0,0,0,255]}]}},{"type":"CIMMarkerGraphic","geometry":{"rings":[[[-0.559,0.024],[-0.554,-0.032],[-0.549,-0.054],[-0.541,-0.071],[-0.53,-0.083],[-0.519,-0.092],[-0.505,-0.098],[-0.49,-0.099],[-0.475,-0.098],[-0.461,-0.092],[-0.45,-0.084],[-0.44,-0.071],[-0.432,-0.054],[-0.427,-0.032],[-0.422,0.03],[-0.427,0.084],[-0.433,0.104],[-0.441,0.12],[-0.451,0.132],[-0.463,0.141],[-0.476,0.147],[-0.491,0.149],[-0.506,0.147],[-0.519,0.141],[-0.53,0.132],[-0.54,0.12],[-0.548,0.103],[-0.554,0.081],[-0.559,0.024]],[[-0.66,0.025],[-0.657,0.075],[-0.649,0.12],[-0.635,0.158],[-0.615,0.191],[-0.591,0.217],[-0.562,0.235],[-0.529,0.247],[-0.491,0.25],[-0.452,0.247],[-0.419,0.236],[-0.39,0.218],[-0.365,0.192],[-0.346,0.16],[-0.332,0.122],[-0.324,0.078],[-0.321,0.028],[-0.326,-0.041],[-0.332,-0.071],[-0.34,-0.097],[-0.351,-0.12],[-0.364,-0.14],[-0.379,-0.158],[-0.396,-0.173],[-0.415,-0.185],[-0.437,-0.193],[-0.461,-0.198],[-0.487,-0.2],[-0.514,-0.199],[-0.538,-0.194],[-0.559,-0.187],[-0.579,-0.177],[-0.596,-0.163],[-0.611,-0.147],[-0.625,-0.126],[-0.638,-0.102],[-0.647,-0.075],[-0.654,-0.045],[-0.659,-0.012],[-0.66,0.025]]]},"symbol":{"type":"CIMPolygonSymbol","symbolLayers":[{"type":"CIMSolidFill","enable":true,"color":[0,0,0,255]}]}}],"respectFrame":true},{"type":"CIMSolidStroke","enable":true,"primitiveName":"cm_color","capStyle":"Round","joinStyle":"Round","lineStyle3D":"Strip","miterLimit":10,"width":2,"color":[0,0,0,255]},{"type":"CIMHatchFill","enable":true,"lineSymbol":{"type":"CIMLineSymbol","symbolLayers":[{"type":"CIMSolidStroke","enable":true,"primitiveName":"cm_color","capStyle":"Butt","joinStyle":"Round","lineStyle3D":"Strip","miterLimit":10,"width":1,"color":[104,104,104,255]}]},"rotation":45,"separation":10}],"version":"2.0.0","build":"8933"}