{"type":"CIMLineSymbol","symbolLayers":[{"type":"CIMVectorMarker","enable":true,"anchorPoint":{"x":0,"y":0},"anchorPointUnits":"Relative","dominantSizeAxis3D":"Z","size":25,"billboardMode3D":"None","markerPlacement":{"type":"CIMMarkerPlacementAtExtremities","angleToLine":true,"extremityPlacement":"Both"},"frame":{"xmin":-4.25,"ymin":-4.25,"xmax":4.25,"ymax":4.25},"markerGraphics":[{"type":"CIMMarkerGraphic","geometry":{"paths":[[[0.0,4.0],[0.0,-4.0]]]},"symbol":{"type":"CIMLineSymbol","symbolLayers":[{"type":"CIMSolidStroke","enable":true,"primitiveName":"cm_color","capStyle":"Square","joinStyle":"Round","lineStyle3D":"Strip","miterLimit":10,"width":0.5,"color":[0,0,0,255]}]}}],"scaleSymbolsProportionally":true,"respectFrame":true},{"type":"CIMSolidStroke","enable":true,"primitiveName":"cm_color","capStyle":"Butt","joinStyle":"Round","lineStyle3D":"Strip","miterLimit":10,"width":2,"color":[0,0,0,255]}],"version":"2.0.0","build":"8933"}