{"type":"CIMPointSymbol","symbolLayers":[{"type":"CIMVectorMarker","enable":true,"anchorPointUnits":"Relative","dominantSizeAxis3D":"Z","size":64,"billboardMode3D":"FaceNearPlane","frame":{"xmin":0,"ymin":0,"xmax":612,"ymax":792},"markerGraphics":[{"type":"CIMMarkerGraphic","geometry":{"rings":[[[358.5,326.5],[323.5,401.5],[323.5,476.5],[293.5,476.5],[293.5,401.5],[258.5,326.5],[358.5,326.5]]]},"symbol":{"type":"CIMPolygonSymbol","symbolLayers":[{"type":"CIMSolidFill","enable":true,"colorLocked":true,"color":[255,255,128,255]}]}},{"type":"CIMMarkerGraphic","geometry":{"rings":[[[293.5,476.5],[323.5,476.5],[323.5,401.5],[358.5,326.5],[258.5,326.5],[293.5,401.5],[293.5,476.5]]]},"symbol":{"type":"CIMPolygonSymbol","symbolLayers":[{"type":"CIMSolidStroke","enable":true,"primitiveName":"cm_color","capStyle":"Round","joinStyle":"Miter","lineStyle3D":"Strip","miterLimit":10,"width":5,"color":[0,0,0,255]}]}},{"type":"CIMMarkerGraphic","geometry":{"x":297.5,"y":352.21875},"symbol":{"type":"CIMTextSymbol","blockProgression":"TTB","depth3D":1,"extrapolateBaselines":true,"fontEffects":"Normal","fontEncoding":"Unicode","fontFamilyName":"Arial","fontType":"Unspecified","haloSize":1,"height":32,"hinting":"Default","horizontalAlignment":"Left","kerning":true,"letterWidth":100,"ligatures":true,"lineGapType":"ExtraLeading","symbol":{"type":"CIMPolygonSymbol","symbolLayers":[{"type":"CIMSolidFill","enable":true,"color":[0,0,0,255]}]},"textCase":"Normal","textDirection":"LTR","verticalAlignment":"Baseline","verticalGlyphOrientation":"Right","wordSpacing":100,"billboardMode3D":"FaceNearPlane"},"textString":"B","primitiveName":"cm_color"},{"type":"CIMMarkerGraphic","geometry":{"rings":[[[299.84,351.5],[299.84,374.5],[308.44,374.5],[310.8,374.34],[312.64,373.84],[314.06,373.02],[315.13,371.84],[315.8,370.47],[316.03,369.03],[315.83,367.7],[315.23,366.45],[314.23,365.36],[312.83,364.5],[313.81,364.12],[314.66,363.62],[315.4,363.01],[316.02,362.28],[316.51,361.46],[316.86,360.57],[317.14,358.58],[316.97,356.92],[316.45,355.39],[315.7,354.09],[314.78,353.11],[313.65,352.41],[312.27,351.91],[310.59,351.6],[308.58,351.5],[299.84,351.5]],[[302.88,365.5],[307.83,365.5],[309.56,365.56],[310.72,365.73],[311.73,366.13],[312.45,366.72],[312.9,367.5],[313.05,368.45],[312.91,369.38],[312.5,370.19],[311.84,370.82],[310.94,371.22],[309.56,371.43],[307.45,371.5],[302.88,371.5],[302.88,365.5]],[[302.88,354.5],[308.58,354.5],[310.64,354.61],[311.6,354.86],[312.39,355.23],[313.03,355.79],[313.55,356.53],[313.89,357.45],[314.0,358.5],[313.84,359.71],[313.34,360.75],[312.56,361.57],[311.52,362.11],[310.1,362.4],[308.17,362.5],[302.88,362.5],[302.88,354.5]]]},"symbol":{"type":"CIMPolygonSymbol","symbolLayers":[{"type":"CIMSolidStroke","enable":true,"primitiveName":"cm_color","capStyle":"Round","joinStyle":"Miter","lineStyle3D":"Strip","miterLimit":10,"width":1,"color":[0,0,0,255]}]}},{"type":"CIMMarkerGraphic","geometry":{"rings":[[[159.5,383.5],[225.5,383.5],[225.5,415.5],[159.5,415.5],[159.5,383.5]]]},"symbol":{"type":"CIMPolygonSymbol","symbolLayers":[{"type":"CIMSolidFill","enable":true,"colorLocked":true,"color":[255,255,255,255]}]}},{"type":"CIMMarkerGraphic","geometry":{"rings":[[[159.5,383.5],[225.5,383.5],[225.5,415.5],[159.5,415.5],[159.5,383.5]]]},"symbol":{"type":"CIMPolygonSymbol","symbolLayers":[{"type":"CIMSolidStroke","enable":true,"colorLocked":true,"capStyle":"Round","joinStyle":"Miter","lineStyle3D":"Strip","miterLimit":10,"width":1,"color":[255,255,255,255]}]}},{"type":"CIMMarkerGraphic","geometry":{"x":161.5,"y":387.30859375},"symbol":{"type":"CIMTextSymbol","blockProgression":"TTB","depth3D":1,"extrapolateBaselines":true,"fontEffects":"Normal","fontEncoding":"Unicode","fontFamilyName":"Arial","fontType":"Unspecified","haloSize":1,"height":36,"hinting":"Default","horizontalAlignment":"Left","kerning":true,"letterWidth":100,"ligatures":true,"lineGapType":"ExtraLeading","symbol":{"type":"CIMPolygonSymbol","symbolLayers":[{"type":"CIMSolidFill","enable":true,"color":[0,0,0,255]}]},"textCase":"Normal","textDirection":"LTR","verticalAlignment":"Baseline","verticalGlyphOrientation":"Right","wordSpacing":100,"billboardMode3D":"FaceNearPlane"},"textString":"BIO","primitiveName":"cm_color"},{"type":"CIMMarkerGraphic","geometry":{"rings":[[[164.14,386.5],[164.14,412.5],[173.8,412.5],[176.46,412.3],[178.53,411.72],[180.13,410.73],[181.33,409.31],[182.09,407.66],[182.34,405.94],[182.12,404.34],[181.45,402.84],[180.33,401.53],[178.75,400.5],[180.81,399.55],[181.64,398.89],[182.33,398.11],[182.88,397.23],[183.28,396.27],[183.59,394.13],[183.4,392.34],[182.83,390.69],[181.97,389.29],[180.94,388.23],[179.67,387.48],[178.11,386.94],[176.23,386.61],[173.97,386.5],[164.14,386.5]],[[167.55,401.5],[173.13,401.5],[175.07,401.58],[176.38,401.81],[177.51,402.34],[178.33,403.13],[178.82,404.16],[178.98,405.44],[178.83,406.67],[178.36,407.75],[177.62,408.6],[176.61,409.13],[175.06,409.41],[172.69,409.5],[167.55,409.5],[167.55,401.5]],[[167.55,389.5],[173.97,389.5],[176.28,389.63],[177.37,389.91],[178.25,390.34],[178.97,390.96],[179.55,391.8],[179.93,392.82],[180.06,394.0],[179.88,395.37],[179.33,396.55],[178.45,397.46],[177.28,398.06],[175.68,398.39],[173.52,398.5],[167.55,398.5],[167.55,389.5]]]},"symbol":{"type":"CIMPolygonSymbol","symbolLayers":[{"type":"CIMSolidStroke","enable":true,"primitiveName":"cm_color","capStyle":"Round","joinStyle":"Miter","lineStyle3D":"Strip","miterLimit":10,"width":1,"color":[0,0,0,255]}]}},{"type":"CIMMarkerGraphic","geometry":{"rings":[[[188.87,386.5],[188.87,412.5],[192.28,412.5],[192.28,386.5],[188.87,386.5]]]},"symbol":{"type":"CIMPolygonSymbol","symbolLayers":[{"type":"CIMSolidStroke","enable":true,"primitiveName":"cm_color","capStyle":"Round","joinStyle":"Miter","lineStyle3D":"Strip","miterLimit":10,"width":1,"color":[0,0,0,255]}]}},{"type":"CIMMarkerGraphic","geometry":{"rings":[[[197.25,399.17],[197.46,402.13],[198.11,404.74],[199.18,407.02],[200.69,408.95],[202.54,410.5],[204.64,411.61],[206.99,412.28],[209.59,412.5],[211.34,412.4],[212.99,412.08],[214.55,411.56],[216.03,410.83],[217.38,409.92],[218.56,408.84],[219.57,407.61],[220.4,406.2],[221.06,404.67],[221.53,403.03],[221.81,401.29],[221.9,399.45],[221.8,397.6],[221.51,395.84],[221.01,394.18],[220.31,392.63],[219.44,391.21],[218.4,389.97],[217.2,388.92],[215.83,388.05],[214.35,387.37],[212.82,386.89],[211.23,386.6],[209.58,386.5],[207.8,386.61],[206.13,386.93],[204.55,387.46],[203.06,388.2],[201.72,389.14],[200.54,390.23],[199.54,391.48],[198.72,392.89],[198.07,394.4],[197.62,395.95],[197.34,397.54],[197.25,399.17]],[[200.76,399.13],[200.92,397.01],[201.39,395.13],[202.17,393.49],[203.26,392.08],[204.6,390.95],[206.1,390.14],[207.75,389.66],[209.56,389.5],[211.4,389.66],[213.06,390.15],[214.56,390.96],[215.89,392.09],[216.98,393.53],[217.76,395.25],[218.23,397.23],[218.39,399.48],[218.12,402.31],[217.33,404.75],[216.73,405.82],[216.01,406.76],[215.17,407.57],[214.2,408.25],[212.03,409.19],[209.61,409.5],[207.86,409.35],[206.24,408.9],[204.74,408.16],[203.37,407.11],[202.23,405.71],[201.42,403.92],[200.93,401.72],[200.76,399.13]]]},"symbol":{"type":"CIMPolygonSymbol","symbolLayers":[{"type":"CIMSolidStroke","enable":true,"primitiveName":"cm_color","capStyle":"Round","joinStyle":"Miter","lineStyle3D":"Strip","miterLimit":10,"width":1,"color":[0,0,0,255]}]}}],"scaleSymbolsProportionally":true,"respectFrame":true}],"haloSize":1,"scaleX":1,"angleAlignment":"Display","version":"2.0.0","build":"8933"}