{"type":"CIMPolygonSymbol","symbolLayers":[{"type":"CIMVectorMarker","enable":true,"primitiveName":"7.0","anchorPoint":{"x":0.082623403074914975,"y":-0.37435360983568639},"anchorPointUnits":"Relative","dominantSizeAxis3D":"Z","size":15,"billboardMode3D":"FaceNearPlane","markerPlacement":{"type":"CIMMarkerPlacementOnLine","primitiveName":"10.1","angleToLine":false,"relativeTo":"LineBeginning","startPointOffset":20},"frame":{"xmin":-2.4,"ymin":-0.52,"xmax":1.72,"ymax":3.6},"markerGraphics":[{"type":"CIMMarkerGraphic","geometry":{"rings":[[[0.025,1.148],[0.29,1.171],[0.322,1.025],[0.377,0.91],[0.465,0.816],[0.591,0.744],[0.746,0.696],[0.918,0.68],[1.069,0.692],[1.202,0.728],[1.31,0.785],[1.387,0.86],[1.432,0.947],[1.447,1.042],[1.432,1.136],[1.39,1.217],[1.313,1.285],[1.197,1.342],[0.818,1.446],[0.569,1.515],[0.407,1.579],[0.275,1.668],[0.18,1.778],[0.125,1.902],[0.106,2.043],[0.129,2.199],[0.197,2.344],[0.309,2.467],[0.464,2.557],[0.651,2.611],[0.854,2.629],[1.079,2.61],[1.272,2.553],[1.432,2.458],[1.551,2.329],[1.625,2.172],[1.655,1.993],[1.385,1.973],[1.367,2.068],[1.336,2.151],[1.293,2.22],[1.237,2.277],[1.167,2.322],[1.082,2.354],[0.866,2.382],[0.643,2.357],[0.56,2.328],[0.494,2.287],[0.407,2.184],[0.385,2.125],[0.377,2.062],[0.398,1.957],[0.46,1.873],[0.518,1.835],[0.608,1.797],[0.884,1.721],[1.172,1.649],[1.355,1.585],[1.516,1.488],[1.631,1.368],[1.697,1.226],[1.719,1.065],[1.695,0.9],[1.621,0.746],[1.504,0.612],[1.342,0.511],[1.149,0.449],[0.931,0.429],[0.665,0.449],[0.447,0.511],[0.272,0.618],[0.201,0.687],[0.14,0.766],[0.056,0.947],[0.025,1.148]]]},"symbol":{"type":"CIMPolygonSymbol","symbolLayers":[{"type":"CIMSolidFill","enable":true,"colorLocked":true,"color":[0,226,0,255]}]}},{"type":"CIMMarkerGraphic","geometry":{"rings":[[[-1.401,2.656],[-1.197,2.656],[-1.197,1.654],[-0.2,1.654],[-0.2,1.451],[-1.197,1.451],[-1.197,0.456],[-1.401,0.456],[-1.401,1.451],[-2.4,1.451],[-2.4,1.654],[-1.401,1.654],[-1.401,2.656]]]},"symbol":{"type":"CIMPolygonSymbol","symbolLayers":[{"type":"CIMSolidFill","enable":true,"colorLocked":true,"color":[0,226,0,255]}]}}],"respectFrame":true},{"type":"CIMVectorMarker","enable":true,"primitiveName":"5.0","anchorPoint":{"x":0,"y":-0.065592606013800472},"anchorPointUnits":"Relative","dominantSizeAxis3D":"Z","size":35,"billboardMode3D":"FaceNearPlane","markerPlacement":{"type":"CIMMarkerPlacementPolygonCenter","primitiveName":"6.1","method":"OnPolygon"},"frame":{"xmin":-4.07,"ymin":-3.53,"xmax":4.07,"ymax":4.6},"markerGraphics":[{"type":"CIMMarkerGraphic","geometry":{"rings":[[[0.0,1.0],[0.195,0.981],[0.382,0.924],[0.555,0.832],[0.707,0.707],[0.832,0.555],[0.924,0.382],[0.981,0.195],[1.0,0.0],[0.981,-0.195],[0.924,-0.382],[0.832,-0.555],[0.707,-0.707],[0.555,-0.832],[0.382,-0.924],[0.195,-0.981],[0.0,-1.0],[-0.195,-0.981],[-0.382,-0.924],[-0.555,-0.832],[-0.707,-0.707],[-0.832,-0.555],[-0.924,-0.382],[-0.981,-0.195],[-1.0,0.0],[-0.981,0.195],[-0.924,0.382],[-0.832,0.555],[-0.707,0.707],[-0.555,0.832],[-0.382,0.924],[-0.195,0.981],[0.0,1.0]]]},"symbol":{"type":"CIMPolygonSymbol","symbolLayers":[{"type":"CIMSolidFill","enable":true,"colorLocked":true,"color":[0,226,0,255]}]}},{"type":"CIMMarkerGraphic","geometry":{"rings":[[[-3.0,1.0],[-2.805,0.981],[-2.618,0.924],[-2.445,0.832],[-2.293,0.707],[-2.168,0.555],[-2.076,0.382],[-2.019,0.195],[-2.0,0.0],[-2.019,-0.195],[-2.076,-0.382],[-2.168,-0.555],[-2.293,-0.707],[-2.445,-0.832],[-2.618,-0.924],[-2.805,-0.981],[-3.0,-1.0],[-3.195,-0.981],[-3.382,-0.924],[-3.555,-0.832],[-3.707,-0.707],[-3.832,-0.555],[-3.924,-0.382],[-3.981,-0.195],[-4.0,0.0],[-3.981,0.195],[-3.924,0.382],[-3.832,0.555],[-3.707,0.707],[-3.555,0.832],[-3.382,0.924],[-3.195,0.981],[-3.0,1.0]]]},"symbol":{"type":"CIMPolygonSymbol","symbolLayers":[{"type":"CIMSolidFill","enable":true,"colorLocked":true,"color":[0,226,0,255]}]}},{"type":"CIMMarkerGraphic","geometry":{"rings":[[[3.0,1.0],[3.195,0.981],[3.382,0.924],[3.555,0.832],[3.707,0.707],[3.832,0.555],[3.924,0.382],[3.981,0.195],[4.0,0.0],[3.981,-0.195],[3.924,-0.382],[3.832,-0.555],[3.707,-0.707],[3.555,-0.832],[3.382,-0.924],[3.195,-0.981],[3.0,-1.0],[2.805,-0.981],[2.618,-0.924],[2.445,-0.832],[2.293,-0.707],[2.168,-0.555],[2.076,-0.382],[2.019,-0.195],[2.0,0.0],[2.019,0.195],[2.076,0.382],[2.168,0.555],[2.293,0.707],[2.445,0.832],[2.618,0.924],[2.805,0.981],[3.0,1.0]]]},"symbol":{"type":"CIMPolygonSymbol","symbolLayers":[{"type":"CIMSolidFill","enable":true,"colorLocked":true,"color":[0,226,0,255]}]}},{"type":"CIMMarkerGraphic","geometry":{"paths":[[[-4.0,2.0],[-3.4,0.8]]]},"symbol":{"type":"CIMLineSymbol","symbolLayers":[{"type":"CIMSolidStroke","enable":true,"colorLocked":true,"capStyle":"Round","joinStyle":"Round","lineStyle3D":"Strip","miterLimit":10,"width":0.10000000000000001,"color":[0,226,0,255]}]}},{"type":"CIMMarkerGraphic","geometry":{"paths":[[[-2.0,2.0],[-2.6,0.8]]]},"symbol":{"type":"CIMLineSymbol","symbolLayers":[{"type":"CIMSolidStroke","enable":true,"colorLocked":true,"capStyle":"Round","joinStyle":"Round","lineStyle3D":"Strip","miterLimit":10,"width":0.10000000000000001,"color":[0,226,0,255]}]}},{"type":"CIMMarkerGraphic","geometry":{"paths":[[[2.0,2.0],[2.6,0.8]]]},"symbol":{"type":"CIMLineSymbol","symbolLayers":[{"type":"CIMSolidStroke","enable":true,"colorLocked":true,"capStyle":"Round","joinStyle":"Round","lineStyle3D":"Strip","miterLimit":10,"width":0.10000000000000001,"color":[0,226,0,255]}]}},{"type":"CIMMarkerGraphic","geometry":{"paths":[[[-1.0,2.0],[-0.4,0.8]]]},"symbol":{"type":"CIMLineSymbol","symbolLayers":[{"type":"CIMSolidStroke","enable":true,"colorLocked":true,"capStyle":"Round","joinStyle":"Round","lineStyle3D":"Strip","miterLimit":10,"width":0.10000000000000001,"color":[0,226,0,255]}]}},{"type":"CIMMarkerGraphic","geometry":{"paths":[[[4.0,2.0],[3.4,0.8]]]},"symbol":{"type":"CIMLineSymbol","symbolLayers":[{"type":"CIMSolidStroke","enable":true,"colorLocked":true,"capStyle":"Round","joinStyle":"Round","lineStyle3D":"Strip","miterLimit":10,"width":0.10000000000000001,"color":[0,226,0,255]}]}},{"type":"CIMMarkerGraphic","geometry":{"paths":[[[1.0,2.0],[0.4,0.8]]]},"symbol":{"type":"CIMLineSymbol","symbolLayers":[{"type":"CIMSolidStroke","enable":true,"colorLocked":true,"capStyle":"Round","joinStyle":"Round","lineStyle3D":"Strip","miterLimit":10,"width":0.10000000000000001,"color":[0,226,0,255]}]}}],"respectFrame":true},{"type":"CIMSolidStroke","enable":true,"colorLocked":true,"primitiveName":"2.0","capStyle":"Round","joinStyle":"Round","lineStyle3D":"Strip","miterLimit":10,"width":2,"color":[0,226,0,255]}],"version":"2.0.0","build":"8933"}