{"type":"CIMPolygonSymbol","symbolLayers":[{"type":"CIMSolidStroke","effects":[{"type":"CIMGeometricEffectAddControlPoints","primitiveName":"4.0","angleTolerance":120},{"type":"CIMGeometricEffectCut","primitiveName":"echelon_cut","beginCut":0,"endCut":0},{"type":"CIMGeometricEffectDashes","dashTemplate":[20,10],"lineDashEnding":"HalfPattern","controlPointEnding":"NoConstraint"}],"enable":true,"primitiveName":"cm_color","capStyle":"Butt","joinStyle":"Miter","lineStyle3D":"Strip","miterLimit":10,"width":2,"color":[44,41,42,255]}],"version":"2.0.0","build":"8933"}