{"type":"CIMPointSymbol","symbolLayers":[{"type":"CIMVectorMarker","enable":true,"anchorPointUnits":"Relative","dominantSizeAxis3D":"Z","size":84,"billboardMode3D":"FaceNearPlane","frame":{"xmin":0,"ymin":0,"xmax":612,"ymax":792},"markerGraphics":[{"type":"CIMMarkerGraphic","geometry":{"paths":[[[264.3,503.0],[344.3,503.0]]]},"symbol":{"type":"CIMPolygonSymbol","symbolLayers":[{"type":"CIMSolidStroke","enable":true,"primitiveName":"cm_color","capStyle":"Butt","joinStyle":"Miter","lineStyle3D":"Strip","miterLimit":10,"width":5,"color":[0,0,0,255]}]}},{"type":"CIMMarkerGraphic","geometry":{"paths":[[[304.3,503.0],[304.3,588.0]]]},"symbol":{"type":"CIMPolygonSymbol","symbolLayers":[{"type":"CIMSolidStroke","enable":true,"primitiveName":"cm_color","capStyle":"Butt","joinStyle":"Miter","lineStyle3D":"Strip","miterLimit":10,"width":5,"color":[0,0,0,255]}]}},{"type":"CIMMarkerGraphic","geometry":{"paths":[[[304.3,588.0],[354.3,638.0]]]},"symbol":{"type":"CIMPolygonSymbol","symbolLayers":[{"type":"CIMSolidStroke","enable":true,"primitiveName":"cm_color","capStyle":"Butt","joinStyle":"Miter","lineStyle3D":"Strip","miterLimit":10,"width":5,"color":[0,0,0,255]}]}},{"type":"CIMMarkerGraphic","geometry":{"paths":[[[304.3,588.0],[254.3,638.0]]]},"symbol":{"type":"CIMPolygonSymbol","symbolLayers":[{"type":"CIMSolidStroke","enable":true,"primitiveName":"cm_color","capStyle":"Butt","joinStyle":"Miter","lineStyle3D":"Strip","miterLimit":10,"width":5,"color":[0,0,0,255]}]}},{"type":"CIMMarkerGraphic","geometry":{"rings":[[[304.3,608.0],[309.1,608.5],[313.8,609.9],[318.1,612.2],[321.9,615.3],[325.0,619.1],[327.3,623.5],[328.8,628.1],[329.3,633.0],[328.8,637.9],[327.3,642.6],[325.0,646.9],[321.9,650.7],[318.1,653.8],[313.8,656.1],[309.1,657.5],[304.3,658.0],[299.4,657.5],[294.7,656.1],[290.4,653.8],[286.6,650.7],[283.5,646.9],[281.2,642.6],[279.7,637.9],[279.3,633.0],[279.7,628.1],[281.2,623.5],[283.5,619.1],[286.6,615.3],[290.4,612.2],[294.7,609.9],[299.4,608.5],[304.3,608.0]]]},"symbol":{"type":"CIMPolygonSymbol","symbolLayers":[{"type":"CIMSolidFill","enable":true,"primitiveName":"cm_color","color":[0,0,0,255]}]}},{"type":"CIMMarkerGraphic","geometry":{"rings":[[[304.3,608.0],[309.1,608.5],[313.8,609.9],[318.1,612.2],[321.9,615.3],[325.0,619.1],[327.3,623.5],[328.8,628.1],[329.3,633.0],[328.8,637.9],[327.3,642.6],[325.0,646.9],[321.9,650.7],[318.1,653.8],[313.8,656.1],[309.1,657.5],[304.3,658.0],[299.4,657.5],[294.7,656.1],[290.4,653.8],[286.6,650.7],[283.5,646.9],[281.2,642.6],[279.7,637.9],[279.3,633.0],[279.7,628.1],[281.2,623.5],[283.5,619.1],[286.6,615.3],[290.4,612.2],[294.7,609.9],[299.4,608.5],[304.3,608.0]]]},"symbol":{"type":"CIMPolygonSymbol","symbolLayers":[{"type":"CIMSolidStroke","enable":true,"primitiveName":"cm_color","capStyle":"Round","joinStyle":"Miter","lineStyle3D":"Strip","miterLimit":10,"width":1,"color":[0,0,0,255]}]}},{"type":"CIMMarkerGraphic","geometry":{"rings":[[[235.8,490.0],[375.8,490.0],[375.8,670.0],[235.8,670.0],[235.8,490.0]]]},"symbol":{"type":"CIMPolygonSymbol","symbolLayers":[{"type":"CIMSolidStroke","enable":true,"primitiveName":"cm_color","capStyle":"Round","joinStyle":"Miter","lineStyle3D":"Strip","miterLimit":10,"width":5,"color":[0,0,0,255]}]}},{"type":"CIMMarkerGraphic","geometry":{"paths":[[[235.8,489.0],[305.8,395.0],[375.8,489.0]]]},"symbol":{"type":"CIMPolygonSymbol","symbolLayers":[{"type":"CIMSolidStroke","enable":true,"primitiveName":"cm_color","capStyle":"Butt","joinStyle":"Miter","lineStyle3D":"Strip","miterLimit":10,"width":5,"color":[0,0,0,255]}]}}],"scaleSymbolsProportionally":true,"respectFrame":true}],"haloSize":1,"scaleX":1,"angleAlignment":"Display","version":"2.0.0","build":"8933"}