{"type":"CIMLineSymbol","symbolLayers":[{"type":"CIMVectorMarker","enable":true,"anchorPoint":{"x":0.26819472447880999,"y":-0.0036764705882353131},"anchorPointUnits":"Relative","dominantSizeAxis3D":"Z","size":55,"billboardMode3D":"None","markerPlacement":{"type":"CIMMarkerPlacementAtExtremities","angleToLine":true,"extremityPlacement":"JustEnd"},"frame":{"xmin":-20.89,"ymin":-13.5,"xmax":6.31,"ymax":13.7},"markerGraphics":[{"type":"CIMMarkerGraphic","geometry":{"paths":[[[-14.99,13.2],[0.41,0.0],[-14.59,-13.0]]]},"symbol":{"type":"CIMLineSymbol","symbolLayers":[{"type":"CIMSolidStroke","effects":[{"type":"CIMGeometricEffectAddControlPoints","angleTolerance":120},{"type":"CIMGeometricEffectDashes","dashTemplate":[3,1],"lineDashEnding":"HalfPattern","offsetAlongLine":-1.5,"controlPointEnding":"HalfPattern"}],"enable":true,"primitiveName":"cm_color","capStyle":"Butt","joinStyle":"Miter","lineStyle3D":"Strip","miterLimit":10,"width":1,"color":[0,0,0,255]}]}}],"scaleSymbolsProportionally":true,"respectFrame":true},{"type":"CIMSolidStroke","effects":[{"type":"CIMGeometricEffectCut","beginCut":0,"endCut":10},{"type":"CIMGeometricEffectArrow","geometricEffectArrowType":"OpenEnded","width":25}],"enable":true,"primitiveName":"cm_color","capStyle":"Square","joinStyle":"Miter","lineStyle3D":"Strip","miterLimit":10,"width":2,"color":[0,0,0,255]}],"version":"2.0.0","build":"8933"}