{"type":"CIMPointSymbol","symbolLayers":[{"type":"CIMVectorMarker","enable":true,"anchorPointUnits":"Relative","dominantSizeAxis3D":"Z","size":70,"billboardMode3D":"FaceNearPlane","frame":{"xmin":0,"ymin":0,"xmax":612,"ymax":792},"markerGraphics":[{"type":"CIMMarkerGraphic","geometry":{"rings":[[[304.3,329.4],[317.5,330.7],[330.3,334.6],[342.1,340.9],[352.4,349.3],[360.8,359.6],[367.1,371.4],[371.0,384.1],[372.3,397.4],[371.0,410.7],[367.1,423.4],[360.8,435.2],[352.4,445.5],[342.1,453.9],[330.3,460.2],[317.5,464.1],[304.3,465.4],[291.0,464.1],[278.3,460.2],[266.5,453.9],[256.2,445.5],[247.7,435.2],[241.5,423.4],[237.6,410.7],[236.3,397.4],[237.6,384.1],[241.5,371.4],[247.7,359.6],[256.2,349.3],[266.5,340.9],[278.3,334.6],[291.0,330.7],[304.3,329.4]]]},"symbol":{"type":"CIMPolygonSymbol","symbolLayers":[{"type":"CIMSolidStroke","effects":[{"type":"CIMGeometricEffectAddControlPoints","angleTolerance":120},{"type":"CIMGeometricEffectDashes","dashTemplate":[28.285714285714288,28.285714285714288],"lineDashEnding":"FullPattern","controlPointEnding":"NoConstraint"}],"enable":true,"capStyle":"Butt","joinStyle":"Miter","lineStyle3D":"Strip","miterLimit":10,"width":10,"color":[0,226,0,255]}]}}],"scaleSymbolsProportionally":true,"respectFrame":true}],"haloSize":1,"scaleX":1,"angleAlignment":"Display","version":"2.0.0","build":"8933"}