{"type":"CIMLineSymbol","symbolLayers":[{"type":"CIMSolidStroke","effects":[{"type":"CIMGeometricEffectOffset","method":"Square","offset":-12,"option":"Fast"}],"enable":true,"primitiveName":"cm_color","capStyle":"Butt","joinStyle":"Round","lineStyle3D":"Strip","miterLimit":10,"width":2,"color":[0,0,0,255]},{"type":"CIMSolidStroke","effects":[{"type":"CIMGeometricEffectOffset","method":"Square","offset":12,"option":"Fast"}],"enable":true,"primitiveName":"cm_color","capStyle":"Butt","joinStyle":"Round","lineStyle3D":"Strip","miterLimit":10,"width":2,"color":[0,0,0,255]}],"version":"2.0.0","build":"8933"}