{"type":"CIMLineSymbol","symbolLayers":[{"type":"CIMVectorMarker","enable":true,"anchorPoint":{"x":0.0017246529041744884,"y":0.51097877282329196},"anchorPointUnits":"Relative","dominantSizeAxis3D":"Z","rotateClockwise":true,"rotation":180,"size":11,"billboardMode3D":"None","markerPlacement":{"type":"CIMMarkerPlacementAlongLineSameSize","angleToLine":true,"controlPointPlacement":"WithHalfGap","customEndingOffset":10,"endings":"WithHalfGap","offsetAlongLine":9,"placementTemplate":[18]},"frame":{"xmin":-5.58,"ymin":-11.24,"xmax":5.54,"ymax":-0.12},"markerGraphics":[{"type":"CIMMarkerGraphic","geometry":{"rings":[[[-5.58,-0.79],[5.54,-0.8],[-0.12,-10.57],[-5.58,-0.79]]]},"symbol":{"type":"CIMPolygonSymbol","symbolLayers":[{"type":"CIMSolidFill","enable":true,"color":[0,226,0,255]}]}}],"scaleSymbolsProportionally":true,"respectFrame":true},{"type":"CIMSolidStroke","effects":[{"type":"CIMGeometricEffectAddControlPoints","angleTolerance":120},{"type":"CIMGeometricEffectDashes","dashTemplate":[9,9],"lineDashEnding":"HalfPattern","controlPointEnding":"NoConstraint"}],"enable":true,"capStyle":"Butt","joinStyle":"Round","lineStyle3D":"Strip","miterLimit":10,"width":2,"color":[0,226,0,255]}],"version":"2.0.0","build":"8933"}