{"type":"CIMPointSymbol","symbolLayers":[{"type":"CIMVectorMarker","enable":true,"anchorPointUnits":"Relative","dominantSizeAxis3D":"Z","size":64,"billboardMode3D":"FaceNearPlane","frame":{"xmin":0,"ymin":0,"xmax":612,"ymax":792},"markerGraphics":[{"type":"CIMMarkerGraphic","geometry":{"rings":[[[302.2,326.1],[315.5,327.5],[328.2,331.3],[340.0,337.6],[350.3,346.1],[358.7,356.4],[365.0,368.1],[368.9,380.9],[370.2,394.1],[368.9,407.4],[365.0,420.2],[358.7,431.9],[350.3,442.2],[340.0,450.7],[328.2,457.0],[315.5,460.8],[302.2,462.1],[288.9,460.8],[276.2,457.0],[264.4,450.7],[254.1,442.2],[245.7,431.9],[239.4,420.2],[235.5,407.4],[234.2,394.1],[235.5,380.9],[239.4,368.1],[245.7,356.4],[254.1,346.1],[264.4,337.6],[276.2,331.3],[288.9,327.5],[302.2,326.1]]]},"symbol":{"type":"CIMPolygonSymbol","symbolLayers":[{"type":"CIMSolidFill","enable":true,"color":[0,226,0,255]}]}},{"type":"CIMMarkerGraphic","geometry":{"rings":[[[302.2,326.1],[315.5,327.5],[328.2,331.3],[340.0,337.6],[350.3,346.1],[358.7,356.4],[365.0,368.1],[368.9,380.9],[370.2,394.1],[368.9,407.4],[365.0,420.2],[358.7,431.9],[350.3,442.2],[340.0,450.7],[328.2,457.0],[315.5,460.8],[302.2,462.1],[288.9,460.8],[276.2,457.0],[264.4,450.7],[254.1,442.2],[245.7,431.9],[239.4,420.2],[235.5,407.4],[234.2,394.1],[235.5,380.9],[239.4,368.1],[245.7,356.4],[254.1,346.1],[264.4,337.6],[276.2,331.3],[288.9,327.5],[302.2,326.1]]]},"symbol":{"type":"CIMPolygonSymbol","symbolLayers":[{"type":"CIMSolidStroke","enable":true,"capStyle":"Round","joinStyle":"Miter","lineStyle3D":"Strip","miterLimit":10,"width":2,"color":[0,226,0,255]}]}},{"type":"CIMMarkerGraphic","geometry":{"paths":[[[260.2,447.1],[197.2,523.1]]]},"symbol":{"type":"CIMPolygonSymbol","symbolLayers":[{"type":"CIMSolidStroke","effects":[{"type":"CIMGeometricEffectAddControlPoints","angleTolerance":120},{"type":"CIMGeometricEffectDashes","dashTemplate":[30.9375,30.9375],"lineDashEnding":"FullPattern","controlPointEnding":"NoConstraint"}],"enable":true,"capStyle":"Butt","joinStyle":"Miter","lineStyle3D":"Strip","miterLimit":10,"width":5,"color":[0,226,0,255]}]}},{"type":"CIMMarkerGraphic","geometry":{"paths":[[[340.2,449.1],[401.2,523.1]]]},"symbol":{"type":"CIMPolygonSymbol","symbolLayers":[{"type":"CIMSolidStroke","effects":[{"type":"CIMGeometricEffectAddControlPoints","angleTolerance":120},{"type":"CIMGeometricEffectDashes","dashTemplate":[30.9375,30.9375],"lineDashEnding":"FullPattern","controlPointEnding":"NoConstraint"}],"enable":true,"capStyle":"Butt","joinStyle":"Miter","lineStyle3D":"Strip","miterLimit":10,"width":5,"color":[0,226,0,255]}]}},{"type":"CIMMarkerGraphic","geometry":{"paths":[[[370.2,394.1],[424.9,394.0]]]},"symbol":{"type":"CIMPolygonSymbol","symbolLayers":[{"type":"CIMSolidStroke","effects":[{"type":"CIMGeometricEffectDashes","dashTemplate":[15,15],"lineDashEnding":"NoConstraint","controlPointEnding":"NoConstraint"}],"enable":true,"capStyle":"Butt","joinStyle":"Miter","lineStyle3D":"Strip","miterLimit":10,"width":5,"color":[0,226,0,255]}]}},{"type":"CIMMarkerGraphic","geometry":{"rings":[[[442.82,393.86],[421.27,406.4],[421.19,381.47],[442.82,393.86]]]},"symbol":{"type":"CIMPolygonSymbol","symbolLayers":[{"type":"CIMSolidFill","enable":true,"color":[0,226,0,255]}]}}],"scaleSymbolsProportionally":true,"respectFrame":true}],"haloSize":1,"scaleX":1,"angleAlignment":"Display","version":"2.0.0","build":"8933"}