{"type":"CIMLineSymbol","symbolLayers":[{"type":"CIMVectorMarker","enable":true,"anchorPoint":{"x":0,"y":0,"z":0},"anchorPointUnits":"Relative","dominantSizeAxis3D":"Z","size":8,"billboardMode3D":"None","markerPlacement":{"type":"CIMMarkerPlacementOnLine","angleToLine":false,"relativeTo":"LineMiddle"},"frame":{"xmin":-1.69,"ymin":-1.33,"xmax":1.65,"ymax":2.02},"markerGraphics":[{"type":"CIMMarkerGraphic","geometry":{"rings":[[[0.3,-0.01],[-0.03,1.06],[-0.36,-0.01],[0.3,-0.01]],[[0.49,-0.65],[-0.56,-0.65],[-0.7,-1.14],[-1.64,-1.14],[-0.53,1.84],[0.48,1.84],[1.6,-1.14],[0.64,-1.14],[0.49,-0.65]]]},"symbol":{"type":"CIMPolygonSymbol","symbolLayers":[{"type":"CIMSolidFill","enable":true,"primitiveName":"cm_color","color":[0,0,0,255]},{"type":"CIMSolidStroke","enable":true,"capStyle":"Round","joinStyle":"Miter","lineStyle3D":"Strip","miterLimit":10,"width":0.5,"color":[204,204,204,255]}]}}],"scaleSymbolsProportionally":true,"respectFrame":true},{"type":"CIMSolidStroke","effects":[{"type":"CIMGeometricEffectAddControlPoints","angleTolerance":120},{"type":"CIMGeometricEffectCut","beginCut":0,"endCut":0,"middleCut":20},{"type":"CIMGeometricEffectDashes","dashTemplate":[5,5],"lineDashEnding":"FullPattern","controlPointEnding":"NoConstraint"}],"enable":true,"primitiveName":"cm_color","capStyle":"Butt","joinStyle":"Miter","lineStyle3D":"Strip","miterLimit":10,"width":2,"color":[0,0,0,255]}],"version":"2.0.0","build":"8933"}