{"type":"CIMPointSymbol","symbolLayers":[{"type":"CIMVectorMarker","enable":true,"anchorPointUnits":"Relative","dominantSizeAxis3D":"Z","size":64,"billboardMode3D":"FaceNearPlane","frame":{"xmin":0,"ymin":0,"xmax":612,"ymax":792},"markerGraphics":[{"type":"CIMMarkerGraphic","geometry":{"x":234.294906616210938,"y":411.828582763671875},"symbol":{"type":"CIMTextSymbol","blockProgression":"TTB","depth3D":1,"extrapolateBaselines":true,"fontEffects":"Normal","fontEncoding":"Unicode","fontFamilyName":"Arial","fontType":"Unspecified","haloSize":1,"height":72,"hinting":"Default","horizontalAlignment":"Left","kerning":true,"letterWidth":100,"ligatures":true,"lineGapType":"ExtraLeading","symbol":{"type":"CIMPolygonSymbol","symbolLayers":[{"type":"CIMSolidFill","enable":true,"color":[0,0,0,255]}]},"textCase":"Normal","textDirection":"LTR","verticalAlignment":"Baseline","verticalGlyphOrientation":"Right","wordSpacing":100,"billboardMode3D":"FaceNearPlane"},"textString":"ACP","primitiveName":"cm_color"},{"type":"CIMMarkerGraphic","geometry":{"rings":[[[311.0,270.8],[330.6,272.4],[349.6,276.9],[367.7,284.5],[384.5,294.7],[399.4,307.4],[412.1,322.4],[422.4,339.1],[429.9,357.2],[434.5,376.3],[436.0,395.8],[434.5,415.4],[429.9,434.5],[422.4,452.6],[412.1,469.3],[399.4,484.2],[384.5,497.0],[367.7,507.2],[349.6,514.7],[330.6,519.3],[311.0,520.8],[289.3,518.9],[268.2,513.3],[248.5,504.1],[230.7,491.6],[215.2,476.2],[202.7,458.3],[193.5,438.6],[187.9,417.5],[186.0,395.8],[187.9,374.1],[193.5,353.1],[202.7,333.3],[215.2,315.5],[230.7,300.1],[248.5,287.6],[268.2,278.4],[289.3,272.7],[311.0,270.8]]]},"symbol":{"type":"CIMPolygonSymbol","symbolLayers":[{"type":"CIMSolidStroke","enable":true,"primitiveName":"cm_color","capStyle":"Round","joinStyle":"Miter","lineStyle3D":"Strip","miterLimit":10,"width":5,"color":[0,0,0,255]}]}}],"scaleSymbolsProportionally":true,"respectFrame":true}],"haloSize":1,"scaleX":1,"angleAlignment":"Display","version":"2.0.0","build":"8933"}