{"type":"CIMPointSymbol","symbolLayers":[{"type":"CIMVectorMarker","enable":true,"anchorPointUnits":"Relative","dominantSizeAxis3D":"Z","size":64,"billboardMode3D":"FaceNearPlane","frame":{"xmin":0,"ymin":0,"xmax":612,"ymax":792},"markerGraphics":[{"type":"CIMMarkerGraphic","geometry":{"rings":[[[166.4,313.7],[306.4,556.2],[446.4,313.7],[166.4,313.7]]]},"symbol":{"type":"CIMPolygonSymbol","symbolLayers":[{"type":"CIMSolidStroke","enable":true,"primitiveName":"cm_color","capStyle":"Round","joinStyle":"Miter","lineStyle3D":"Strip","miterLimit":10,"width":5,"color":[0,0,0,255]}]}},{"type":"CIMMarkerGraphic","geometry":{"rings":[[[306.4,353.9],[313.5,354.5],[320.4,356.4],[326.8,359.4],[332.6,363.5],[337.7,368.5],[341.7,374.3],[344.7,380.7],[346.6,387.6],[347.2,394.7],[346.6,401.8],[344.7,408.6],[341.7,415.1],[337.7,420.9],[332.6,425.9],[326.8,430.0],[320.4,433.0],[313.5,434.8],[306.4,435.4],[299.4,434.8],[292.5,433.0],[286.1,430.0],[280.2,425.9],[275.2,420.9],[271.1,415.1],[268.1,408.6],[266.3,401.8],[265.7,394.7],[266.3,387.6],[268.1,380.7],[271.1,374.3],[275.2,368.5],[280.2,363.5],[286.1,359.4],[292.5,356.4],[299.4,354.5],[306.4,353.9]]]},"symbol":{"type":"CIMPolygonSymbol","symbolLayers":[{"type":"CIMSolidFill","enable":true,"primitiveName":"cm_color","color":[0,0,0,255]}]}},{"type":"CIMMarkerGraphic","geometry":{"rings":[[[306.4,353.9],[313.5,354.5],[320.4,356.4],[326.8,359.4],[332.6,363.5],[337.7,368.5],[341.7,374.3],[344.7,380.7],[346.6,387.6],[347.2,394.7],[346.6,401.8],[344.7,408.6],[341.7,415.1],[337.7,420.9],[332.6,425.9],[326.8,430.0],[320.4,433.0],[313.5,434.8],[306.4,435.4],[299.4,434.8],[292.5,433.0],[286.1,430.0],[280.2,425.9],[275.2,420.9],[271.1,415.1],[268.1,408.6],[266.3,401.8],[265.7,394.7],[266.3,387.6],[268.1,380.7],[271.1,374.3],[275.2,368.5],[280.2,363.5],[286.1,359.4],[292.5,356.4],[299.4,354.5],[306.4,353.9]]]},"symbol":{"type":"CIMPolygonSymbol","symbolLayers":[{"type":"CIMSolidStroke","enable":true,"primitiveName":"cm_color","capStyle":"Round","joinStyle":"Miter","lineStyle3D":"Strip","miterLimit":10,"width":4.0749998092651367,"color":[0,0,0,255]}]}},{"type":"CIMMarkerGraphic","geometry":{"paths":[[[376.8,437.1],[167.8,314.1]]]},"symbol":{"type":"CIMPolygonSymbol","symbolLayers":[{"type":"CIMSolidStroke","enable":true,"primitiveName":"cm_color","capStyle":"Butt","joinStyle":"Miter","lineStyle3D":"Strip","miterLimit":10,"width":5,"color":[0,0,0,255]}]}}],"scaleSymbolsProportionally":true,"respectFrame":true}],"haloSize":1,"scaleX":1,"angleAlignment":"Display","version":"2.0.0","build":"8933"}