{"type":"CIMPolygonSymbol","symbolLayers":[{"type":"CIMVectorMarker","enable":true,"anchorPoint":{"x":-0.00648971396913721,"y":0.0064354958816112019},"anchorPointUnits":"Relative","dominantSizeAxis3D":"Z","size":20,"billboardMode3D":"None","markerPlacement":{"type":"CIMMarkerPlacementAlongLineSameSize","angleToLine":false,"controlPointPlacement":"WithHalfGap","endings":"WithHalfGap","offsetAlongLine":100,"placementTemplate":[200]},"frame":{"xmin":-3.08,"ymin":-3.16,"xmax":3.16,"ymax":3.08},"markerGraphics":[{"type":"CIMMarkerGraphic","geometry":{"rings":[[[-1.671,1.0],[-1.027,1.0],[-1.027,-0.229],[-1.042,-0.407],[-1.086,-0.575],[-1.16,-0.728],[-1.267,-0.859],[-1.391,-0.962],[-1.524,-1.03],[-1.731,-1.081],[-1.976,-1.098],[-2.308,-1.077],[-2.474,-1.046],[-2.609,-0.994],[-2.725,-0.919],[-2.831,-0.816],[-2.915,-0.699],[-2.968,-0.578],[-3.012,-0.392],[-3.027,-0.229],[-3.027,1.0],[-2.385,1.0],[-2.385,-0.259],[-2.361,-0.409],[-2.331,-0.47],[-2.29,-0.523],[-2.238,-0.564],[-2.177,-0.594],[-2.027,-0.618],[-1.879,-0.595],[-1.818,-0.565],[-1.766,-0.524],[-1.725,-0.472],[-1.695,-0.411],[-1.671,-0.259],[-1.671,1.0]]]},"symbol":{"type":"CIMPolygonSymbol","symbolLayers":[{"type":"CIMSolidStroke","enable":true,"capStyle":"Round","joinStyle":"Miter","lineStyle3D":"Strip","miterLimit":10,"width":0.10000000000000001,"color":[225,225,225,255]},{"type":"CIMSolidFill","enable":true,"color":[0,226,0,255]}]}},{"type":"CIMMarkerGraphic","geometry":{"rings":[[[-1.05,1.0],[-0.362,1.0],[-0.003,0.377],[0.345,1.0],[1.028,1.0],[0.398,0.02],[1.086,-1.024],[0.384,-1.024],[-0.015,-0.373],[-0.415,-1.024],[-1.114,-1.024],[-0.415,0.031],[-1.05,1.0]]]},"symbol":{"type":"CIMPolygonSymbol","symbolLayers":[{"type":"CIMSolidStroke","enable":true,"capStyle":"Round","joinStyle":"Miter","lineStyle3D":"Strip","miterLimit":10,"width":0.10000000000000001,"color":[225,225,225,255]},{"type":"CIMSolidFill","enable":true,"color":[0,226,0,255]}]}},{"type":"CIMMarkerGraphic","geometry":{"rings":[[[1.504,-0.036],[1.512,-0.178],[1.535,-0.299],[1.574,-0.399],[1.628,-0.477],[1.696,-0.536],[1.775,-0.578],[1.865,-0.603],[1.967,-0.611],[2.07,-0.603],[2.161,-0.579],[2.239,-0.537],[2.305,-0.479],[2.358,-0.401],[2.396,-0.296],[2.419,-0.165],[2.426,-0.007],[2.418,0.127],[2.395,0.241],[2.356,0.336],[2.301,0.411],[2.232,0.469],[2.152,0.511],[2.062,0.536],[1.961,0.544],[1.862,0.536],[1.774,0.51],[1.697,0.468],[1.629,0.409],[1.575,0.33],[1.535,0.23],[1.512,0.108],[1.504,-0.036]],[[0.824,-0.033],[0.842,0.203],[0.899,0.41],[0.992,0.589],[1.124,0.741],[1.289,0.863],[1.483,0.949],[1.707,1.001],[1.962,1.018],[2.222,1.001],[2.449,0.95],[2.645,0.865],[2.809,0.747],[2.94,0.596],[3.033,0.419],[3.089,0.215],[3.108,-0.015],[3.1,-0.185],[3.075,-0.339],[3.035,-0.477],[2.978,-0.599],[2.906,-0.706],[2.819,-0.801],[2.717,-0.883],[2.601,-0.953],[2.472,-1.009],[2.327,-1.048],[2.166,-1.072],[1.989,-1.08],[1.647,-1.052],[1.501,-1.018],[1.371,-0.971],[1.255,-0.909],[1.151,-0.831],[1.057,-0.736],[0.975,-0.625],[0.909,-0.499],[0.861,-0.359],[0.833,-0.203],[0.824,-0.033]]]},"symbol":{"type":"CIMPolygonSymbol","symbolLayers":[{"type":"CIMSolidStroke","enable":true,"capStyle":"Round","joinStyle":"Round","lineStyle3D":"Strip","miterLimit":10,"width":0.10000000000000001,"color":[225,225,225,255]},{"type":"CIMSolidFill","enable":true,"color":[0,226,0,255]}]}}],"scaleSymbolsProportionally":true,"respectFrame":true},{"type":"CIMSolidStroke","enable":true,"capStyle":"Round","joinStyle":"Round","lineStyle3D":"Strip","miterLimit":10,"width":2,"color":[0,226,0,255]}],"version":"2.0.0","build":"8933"}