{"type":"CIMPolygonSymbol","symbolLayers":[{"type":"CIMVectorMarker","effects":[{"type":"CIMGeometricEffectAddControlPoints","angleTolerance":120}],"enable":true,"anchorPoint":{"x":-8.2934323931509467e-05,"y":0.044484332092767954},"anchorPointUnits":"Relative","dominantSizeAxis3D":"Z","size":16,"billboardMode3D":"None","markerPlacement":{"type":"CIMMarkerPlacementAlongLineSameSize","angleToLine":true,"controlPointPlacement":"WithHalfGap","endings":"WithHalfGap","offsetAlongLine":10,"placementTemplate":[20]},"frame":{"xmin":-3.03,"ymin":-3.3,"xmax":3.03,"ymax":2.76},"markerGraphics":[{"type":"CIMMarkerGraphic","geometry":{"paths":[[[-1.4,0.0],[0.0,-2.902],[1.4,-0.04]]]},"symbol":{"type":"CIMLineSymbol","symbolLayers":[{"type":"CIMSolidStroke","enable":true,"capStyle":"Square","joinStyle":"Miter","lineStyle3D":"Strip","miterLimit":10,"width":0.80000000000000004,"color":[0,226,0,255]}]}}],"scaleSymbolsProportionally":true,"respectFrame":true},{"type":"CIMSolidStroke","effects":[{"type":"CIMGeometricEffectAddControlPoints","angleTolerance":120},{"type":"CIMGeometricEffectDashes","dashTemplate":[10,10],"lineDashEnding":"HalfPattern","offsetAlongLine":5,"controlPointEnding":"HalfPattern"}],"enable":true,"capStyle":"Square","joinStyle":"Round","lineStyle3D":"Strip","miterLimit":10,"width":2,"color":[0,226,0,255]},{"type":"CIMHatchFill","enable":true,"lineSymbol":{"type":"CIMLineSymbol","symbolLayers":[{"type":"CIMSolidStroke","enable":true,"capStyle":"Butt","joinStyle":"Round","lineStyle3D":"Strip","miterLimit":10,"width":1,"color":[0,226,0,255]}]},"rotation":45,"separation":10}],"version":"2.0.0","build":"8933"}