{"type":"CIMPointSymbol","symbolLayers":[{"type":"CIMVectorMarker","enable":true,"anchorPointUnits":"Relative","dominantSizeAxis3D":"Z","size":64,"billboardMode3D":"FaceNearPlane","frame":{"xmin":0,"ymin":0,"xmax":612,"ymax":792},"markerGraphics":[{"type":"CIMMarkerGraphic","geometry":{"rings":[[[305.5,325.9],[318.8,327.2],[331.5,331.0],[343.3,337.3],[353.6,345.8],[362.0,356.1],[368.3,367.8],[372.2,380.6],[373.5,393.9],[372.2,407.1],[368.3,419.9],[362.0,431.6],[353.6,441.9],[343.3,450.4],[331.5,456.7],[318.8,460.5],[305.5,461.9],[292.2,460.5],[279.5,456.7],[267.7,450.4],[257.4,441.9],[249.0,431.6],[242.7,419.9],[238.8,407.1],[237.5,393.9],[238.8,380.6],[242.7,367.8],[249.0,356.1],[257.4,345.8],[267.7,337.3],[279.5,331.0],[292.2,327.2],[305.5,325.9]]]},"symbol":{"type":"CIMPolygonSymbol","symbolLayers":[{"type":"CIMSolidFill","enable":true,"color":[0,226,0,255]}]}},{"type":"CIMMarkerGraphic","geometry":{"rings":[[[305.5,325.9],[318.8,327.2],[331.5,331.0],[343.3,337.3],[353.6,345.8],[362.0,356.1],[368.3,367.8],[372.2,380.6],[373.5,393.9],[372.2,407.1],[368.3,419.9],[362.0,431.6],[353.6,441.9],[343.3,450.4],[331.5,456.7],[318.8,460.5],[305.5,461.9],[292.2,460.5],[279.5,456.7],[267.7,450.4],[257.4,441.9],[249.0,431.6],[242.7,419.9],[238.8,407.1],[237.5,393.9],[238.8,380.6],[242.7,367.8],[249.0,356.1],[257.4,345.8],[267.7,337.3],[279.5,331.0],[292.2,327.2],[305.5,325.9]]]},"symbol":{"type":"CIMPolygonSymbol","symbolLayers":[{"type":"CIMSolidStroke","enable":true,"capStyle":"Round","joinStyle":"Miter","lineStyle3D":"Strip","miterLimit":10,"width":4,"color":[0,226,0,255]}]}}],"scaleSymbolsProportionally":true,"respectFrame":true}],"haloSize":1,"scaleX":1,"angleAlignment":"Display","version":"2.0.0","build":"8933"}