{"type":"CIMPointSymbol","symbolLayers":[{"type":"CIMVectorMarker","enable":true,"anchorPointUnits":"Relative","dominantSizeAxis3D":"Z","size":64,"billboardMode3D":"FaceNearPlane","frame":{"xmin":0,"ymin":0,"xmax":612,"ymax":792},"markerGraphics":[{"type":"CIMMarkerGraphic","geometry":{"rings":[[[307.5,326.5],[314.4,327.1],[321.2,328.9],[327.5,331.9],[333.2,335.9],[338.1,340.8],[342.1,346.5],[345.1,352.8],[346.9,359.6],[347.5,366.5],[346.9,373.4],[345.1,380.2],[342.1,386.5],[338.1,392.2],[333.2,397.1],[327.5,401.1],[321.2,404.1],[314.4,405.9],[307.5,406.5],[300.6,405.9],[293.8,404.1],[287.5,401.1],[281.8,397.1],[276.9,392.2],[272.9,386.5],[269.9,380.2],[268.1,373.4],[267.5,366.5],[268.1,359.6],[269.9,352.8],[272.9,346.5],[276.9,340.8],[281.8,335.9],[287.5,331.9],[293.8,328.9],[300.6,327.1],[307.5,326.5]]]},"symbol":{"type":"CIMPolygonSymbol","symbolLayers":[{"type":"CIMSolidFill","enable":true,"colorLocked":true,"color":[255,255,128,255]}]}},{"type":"CIMMarkerGraphic","geometry":{"rings":[[[307.5,326.5],[314.4,327.1],[321.2,328.9],[327.5,331.9],[333.2,335.9],[338.1,340.8],[342.1,346.5],[345.1,352.8],[346.9,359.6],[347.5,366.5],[346.9,373.4],[345.1,380.2],[342.1,386.5],[338.1,392.2],[333.2,397.1],[327.5,401.1],[321.2,404.1],[314.4,405.9],[307.5,406.5],[300.6,405.9],[293.8,404.1],[287.5,401.1],[281.8,397.1],[276.9,392.2],[272.9,386.5],[269.9,380.2],[268.1,373.4],[267.5,366.5],[268.1,359.6],[269.9,352.8],[272.9,346.5],[276.9,340.8],[281.8,335.9],[287.5,331.9],[293.8,328.9],[300.6,327.1],[307.5,326.5]]]},"symbol":{"type":"CIMPolygonSymbol","symbolLayers":[{"type":"CIMSolidStroke","enable":true,"primitiveName":"cm_color","capStyle":"Round","joinStyle":"Miter","lineStyle3D":"Strip","miterLimit":10,"width":5,"color":[0,0,0,255]}]}},{"type":"CIMMarkerGraphic","geometry":{"rings":[[[322.5,401.8],[322.5,476.5],[292.5,476.5],[292.5,401.8],[322.5,401.8]]]},"symbol":{"type":"CIMPolygonSymbol","symbolLayers":[{"type":"CIMSolidFill","enable":true,"colorLocked":true,"color":[255,255,128,255]}]}},{"type":"CIMMarkerGraphic","geometry":{"paths":[[[292.5,401.8],[292.5,476.5],[322.5,476.5],[322.5,401.8]]]},"symbol":{"type":"CIMPolygonSymbol","symbolLayers":[{"type":"CIMSolidStroke","enable":true,"primitiveName":"cm_color","capStyle":"Butt","joinStyle":"Miter","lineStyle3D":"Strip","miterLimit":10,"width":5,"color":[0,0,0,255]}]}},{"type":"CIMMarkerGraphic","geometry":{"x":295.5,"y":357.21875},"symbol":{"type":"CIMTextSymbol","blockProgression":"TTB","depth3D":1,"extrapolateBaselines":true,"fontEffects":"Normal","fontEncoding":"Unicode","fontFamilyName":"Arial","fontType":"Unspecified","haloSize":1,"height":32,"hinting":"Default","horizontalAlignment":"Left","kerning":true,"letterWidth":100,"ligatures":true,"lineGapType":"ExtraLeading","symbol":{"type":"CIMPolygonSymbol","symbolLayers":[{"type":"CIMSolidFill","enable":true,"color":[0,0,0,255]}]},"textCase":"Normal","textDirection":"LTR","verticalAlignment":"Baseline","verticalGlyphOrientation":"Right","wordSpacing":100,"billboardMode3D":"FaceNearPlane"},"textString":"C","primitiveName":"cm_color"},{"type":"CIMMarkerGraphic","geometry":{"rings":[[[314.31,364.86],[317.34,364.16],[316.77,362.4],[316.01,360.86],[315.05,359.55],[313.91,358.45],[312.6,357.6],[311.16,356.99],[309.58,356.62],[307.86,356.5],[306.09,356.59],[304.5,356.86],[303.08,357.32],[301.83,357.95],[300.74,358.77],[299.79,359.75],[298.97,360.89],[298.3,362.2],[297.77,363.62],[297.39,365.09],[297.17,366.6],[297.09,368.17],[297.18,369.85],[297.43,371.42],[297.86,372.87],[298.45,374.22],[299.21,375.44],[300.11,376.5],[301.16,377.41],[302.34,378.16],[303.64,378.74],[305.0,379.16],[306.42,379.42],[307.91,379.5],[309.56,379.39],[311.07,379.05],[312.45,378.5],[313.69,377.72],[314.77,376.75],[315.68,375.59],[316.4,374.26],[316.95,372.75],[313.97,372.11],[312.99,374.09],[312.37,374.85],[311.66,375.45],[310.85,375.91],[309.95,376.24],[307.84,376.5],[306.58,376.43],[305.42,376.21],[304.37,375.84],[303.42,375.33],[302.6,374.7],[301.92,373.97],[301.36,373.14],[300.94,372.2],[300.4,370.22],[300.22,368.17],[300.43,365.66],[301.06,363.48],[301.55,362.55],[302.16,361.73],[302.88,361.05],[303.72,360.48],[305.59,359.75],[307.61,359.5],[308.83,359.58],[309.96,359.84],[310.99,360.26],[311.92,360.84],[312.73,361.6],[313.4,362.53],[313.93,363.61],[314.31,364.86]]]},"symbol":{"type":"CIMPolygonSymbol","symbolLayers":[{"type":"CIMSolidStroke","enable":true,"primitiveName":"cm_color","capStyle":"Round","joinStyle":"Miter","lineStyle3D":"Strip","miterLimit":10,"width":1,"color":[0,0,0,255]}]}},{"type":"CIMMarkerGraphic","geometry":{"rings":[[[151.5,383.5],[231.5,383.5],[231.5,415.5],[151.5,415.5],[151.5,383.5]]]},"symbol":{"type":"CIMPolygonSymbol","symbolLayers":[{"type":"CIMSolidFill","enable":true,"colorLocked":true,"color":[255,255,255,255]}]}},{"type":"CIMMarkerGraphic","geometry":{"rings":[[[151.5,383.5],[231.5,383.5],[231.5,415.5],[151.5,415.5],[151.5,383.5]]]},"symbol":{"type":"CIMPolygonSymbol","symbolLayers":[{"type":"CIMSolidStroke","enable":true,"colorLocked":true,"capStyle":"Round","joinStyle":"Miter","lineStyle3D":"Strip","miterLimit":10,"width":1,"color":[255,255,255,255]}]}},{"type":"CIMMarkerGraphic","geometry":{"x":153.5,"y":387.30859375},"symbol":{"type":"CIMTextSymbol","blockProgression":"TTB","depth3D":1,"extrapolateBaselines":true,"fontEffects":"Normal","fontEncoding":"Unicode","fontFamilyName":"Arial","fontType":"Unspecified","haloSize":1,"height":36,"hinting":"Default","horizontalAlignment":"Left","kerning":true,"letterWidth":100,"ligatures":true,"lineGapType":"ExtraLeading","symbol":{"type":"CIMPolygonSymbol","symbolLayers":[{"type":"CIMSolidFill","enable":true,"color":[0,0,0,255]}]},"textCase":"Normal","textDirection":"LTR","verticalAlignment":"Baseline","verticalGlyphOrientation":"Right","wordSpacing":100,"billboardMode3D":"FaceNearPlane"},"textString":"CML","primitiveName":"cm_color"},{"type":"CIMMarkerGraphic","geometry":{"rings":[[[174.67,395.8],[178.08,394.97],[177.43,393.03],[176.57,391.33],[175.5,389.88],[174.22,388.67],[172.75,387.72],[171.13,387.04],[169.34,386.64],[167.41,386.5],[165.42,386.6],[163.63,386.91],[162.03,387.43],[160.63,388.16],[159.4,389.08],[158.33,390.18],[157.41,391.48],[156.66,392.95],[156.06,394.55],[155.64,396.21],[155.38,397.92],[155.3,399.69],[155.39,401.59],[155.68,403.36],[156.16,405.01],[156.83,406.53],[157.68,407.91],[158.7,409.11],[159.87,410.14],[161.2,410.98],[162.66,411.65],[164.19,412.12],[165.79,412.41],[167.47,412.5],[169.32,412.38],[171.02,412.01],[172.57,411.4],[173.97,410.55],[175.19,409.48],[176.21,408.21],[177.02,406.75],[177.64,405.09],[174.28,404.33],[173.18,406.66],[172.48,407.56],[171.67,408.27],[170.77,408.81],[169.75,409.19],[167.39,409.5],[165.97,409.41],[164.66,409.16],[163.48,408.73],[162.42,408.13],[161.5,407.39],[160.73,406.53],[160.1,405.55],[159.63,404.45],[159.02,402.12],[158.81,399.7],[159.05,396.75],[159.77,394.19],[160.32,393.08],[161.0,392.12],[161.81,391.32],[162.75,390.66],[164.85,389.79],[167.13,389.5],[168.51,389.6],[169.78,389.89],[170.94,390.39],[171.98,391.08],[172.9,391.97],[173.65,393.05],[174.24,394.33],[174.67,395.8]]]},"symbol":{"type":"CIMPolygonSymbol","symbolLayers":[{"type":"CIMSolidStroke","enable":true,"primitiveName":"cm_color","capStyle":"Round","joinStyle":"Miter","lineStyle3D":"Strip","miterLimit":10,"width":1,"color":[0,0,0,255]}]}},{"type":"CIMMarkerGraphic","geometry":{"rings":[[[182.17,386.5],[182.17,412.5],[187.31,412.5],[193.4,394.27],[194.64,390.44],[196.01,394.58],[202.17,412.5],[206.76,412.5],[206.76,386.5],[203.48,386.5],[203.48,409.5],[195.98,386.5],[192.9,386.5],[185.45,409.5],[185.45,386.5],[182.17,386.5]]]},"symbol":{"type":"CIMPolygonSymbol","symbolLayers":[{"type":"CIMSolidStroke","enable":true,"primitiveName":"cm_color","capStyle":"Round","joinStyle":"Miter","lineStyle3D":"Strip","miterLimit":10,"width":1,"color":[0,0,0,255]}]}},{"type":"CIMMarkerGraphic","geometry":{"rings":[[[212.13,386.5],[212.13,412.5],[215.53,412.5],[215.53,389.5],[228.22,389.5],[228.22,386.5],[212.13,386.5]]]},"symbol":{"type":"CIMPolygonSymbol","symbolLayers":[{"type":"CIMSolidStroke","enable":true,"primitiveName":"cm_color","capStyle":"Round","joinStyle":"Miter","lineStyle3D":"Strip","miterLimit":10,"width":1,"color":[0,0,0,255]}]}}],"scaleSymbolsProportionally":true,"respectFrame":true}],"haloSize":1,"scaleX":1,"angleAlignment":"Display","version":"2.0.0","build":"8933"}