{"type":"CIMPointSymbol","symbolLayers":[{"type":"CIMVectorMarker","enable":true,"anchorPointUnits":"Relative","dominantSizeAxis3D":"Z","size":64,"billboardMode3D":"FaceNearPlane","frame":{"xmin":0,"ymin":0,"xmax":612,"ymax":792},"markerGraphics":[{"type":"CIMMarkerGraphic","geometry":{"rings":[[[388.9,353.9],[380.9,394.2],[388.9,438.1],[365.5,438.1],[355.2,396.0],[365.5,353.9],[388.9,353.9]]]},"symbol":{"type":"CIMPolygonSymbol","symbolLayers":[{"type":"CIMSolidFill","enable":true,"primitiveName":"icon_element","color":[0,0,0,255]}]}},{"type":"CIMMarkerGraphic","geometry":{"rings":[[[380.9,394.2],[388.9,353.9],[365.5,353.9],[355.2,396.0],[365.5,438.1],[388.9,438.1],[380.9,394.2]]]},"symbol":{"type":"CIMPolygonSymbol","symbolLayers":[{"type":"CIMSolidStroke","enable":true,"primitiveName":"icon_element","capStyle":"Round","joinStyle":"Miter","lineStyle3D":"Strip","miterLimit":10,"width":5,"color":[0,0,0,255]}]}},{"type":"CIMMarkerGraphic","geometry":{"rings":[[[299.3,361.6],[318.9,362.3],[337.7,364.2],[355.1,367.4],[370.4,371.7],[382.9,376.9],[392.2,382.8],[397.9,389.3],[399.8,396.0],[397.9,402.7],[392.2,409.2],[382.9,415.1],[370.4,420.3],[355.1,424.6],[337.7,427.8],[318.9,429.7],[299.3,430.4],[279.6,429.7],[260.8,427.8],[243.4,424.6],[228.1,420.3],[215.6,415.1],[206.3,409.2],[200.6,402.7],[198.7,396.0],[200.6,389.3],[206.3,382.8],[215.6,376.9],[228.1,371.7],[243.4,367.4],[260.8,364.2],[279.6,362.3],[299.3,361.6]]]},"symbol":{"type":"CIMPolygonSymbol","symbolLayers":[{"type":"CIMSolidFill","enable":true,"primitiveName":"icon_element","color":[0,0,0,255]}]}},{"type":"CIMMarkerGraphic","geometry":{"rings":[[[299.3,361.6],[318.9,362.3],[337.7,364.2],[355.1,367.4],[370.4,371.7],[382.9,376.9],[392.2,382.8],[397.9,389.3],[399.8,396.0],[397.9,402.7],[392.2,409.2],[382.9,415.1],[370.4,420.3],[355.1,424.6],[337.7,427.8],[318.9,429.7],[299.3,430.4],[279.6,429.7],[260.8,427.8],[243.4,424.6],[228.1,420.3],[215.6,415.1],[206.3,409.2],[200.6,402.7],[198.7,396.0],[200.6,389.3],[206.3,382.8],[215.6,376.9],[228.1,371.7],[243.4,367.4],[260.8,364.2],[279.6,362.3],[299.3,361.6]]]},"symbol":{"type":"CIMPolygonSymbol","symbolLayers":[{"type":"CIMSolidStroke","enable":true,"primitiveName":"icon_element","capStyle":"Round","joinStyle":"Miter","lineStyle3D":"Strip","miterLimit":10,"width":5,"color":[0,0,0,255]}]}}],"scaleSymbolsProportionally":true,"respectFrame":true}],"haloSize":1,"scaleX":1,"angleAlignment":"Display"}