{"type":"CIMPointSymbol","symbolLayers":[{"type":"CIMVectorMarker","enable":true,"anchorPointUnits":"Relative","dominantSizeAxis3D":"Z","size":64,"billboardMode3D":"FaceNearPlane","frame":{"xmin":0,"ymin":0,"xmax":612,"ymax":792},"markerGraphics":[{"type":"CIMMarkerGraphic","geometry":{"rings":[[[251.8,348.65],[253.83,348.84],[255.77,349.39],[257.57,350.29],[259.14,351.5],[260.43,352.97],[261.39,354.65],[261.98,356.48],[262.18,358.37],[261.98,360.27],[261.39,362.09],[260.43,363.78],[259.14,365.25],[257.57,366.46],[255.77,367.36],[253.83,367.91],[251.8,368.1],[249.78,367.91],[247.83,367.36],[246.04,366.46],[244.46,365.25],[243.17,363.78],[242.22,362.09],[241.63,360.27],[241.43,358.37],[241.63,356.48],[242.22,354.65],[243.17,352.97],[244.46,351.5],[246.04,350.29],[247.83,349.39],[249.78,348.84],[251.8,348.65]]]},"symbol":{"type":"CIMPolygonSymbol","symbolLayers":[{"type":"CIMSolidFill","enable":true,"primitiveName":"icon_element","color":[0,0,0,255]}]}},{"type":"CIMMarkerGraphic","geometry":{"rings":[[[287.4,348.7],[321.6,348.7],[321.6,371.1],[287.4,371.1],[287.4,348.7]]]},"symbol":{"type":"CIMPolygonSymbol","symbolLayers":[{"type":"CIMSolidFill","enable":true,"primitiveName":"icon_element","color":[0,0,0,255]}]}},{"type":"CIMMarkerGraphic","geometry":{"rings":[[[304.8,367.6],[312.7,368.4],[320.3,370.5],[327.4,374.0],[333.5,378.8],[338.6,384.6],[342.3,391.1],[344.7,398.3],[345.4,405.7],[344.7,413.1],[342.3,420.3],[338.6,426.9],[333.5,432.6],[327.4,437.4],[320.3,440.9],[312.7,443.1],[304.8,443.8],[296.9,443.1],[289.3,440.9],[282.2,437.4],[276.1,432.6],[271.0,426.9],[267.3,420.3],[264.9,413.1],[264.2,405.7],[264.9,398.3],[267.3,391.1],[271.0,384.6],[276.1,378.8],[282.2,374.0],[289.3,370.5],[296.9,368.4],[304.8,367.6]]]},"symbol":{"type":"CIMPolygonSymbol","symbolLayers":[{"type":"CIMSolidFill","enable":true,"primitiveName":"icon_element","color":[0,0,0,255]}]}},{"type":"CIMMarkerGraphic","geometry":{"paths":[[[252.0,362.2],[267.0,406.0]]]},"symbol":{"type":"CIMPolygonSymbol","symbolLayers":[{"type":"CIMSolidStroke","enable":true,"primitiveName":"icon_element","capStyle":"Butt","joinStyle":"Miter","lineStyle3D":"Strip","miterLimit":10,"width":5,"color":[0,0,0,255]}]}}],"scaleSymbolsProportionally":true,"respectFrame":true}],"haloSize":1,"scaleX":1,"angleAlignment":"Display"}