{"type":"CIMPointSymbol","symbolLayers":[{"type":"CIMVectorMarker","enable":true,"colorLocked":true,"anchorPointUnits":"Relative","dominantSizeAxis3D":"Z","size":64,"billboardMode3D":"FaceNearPlane","frame":{"xmin":0,"ymin":0,"xmax":612,"ymax":792},"markerGraphics":[{"type":"CIMMarkerGraphic","geometry":{"rings":[[[306.8,334.4],[337.4,304.8],[337.4,341.2],[324.0,354.1],[324.0,478.8],[306.7,507.8],[289.9,478.8],[290.2,354.1],[277.2,341.5],[277.2,304.8],[306.8,334.4]]]},"symbol":{"type":"CIMPolygonSymbol","symbolLayers":[{"type":"CIMSolidFill","enable":true,"color":[230,230,92,255]}]}},{"type":"CIMMarkerGraphic","geometry":{"rings":[[[324.0,354.1],[337.4,341.2],[337.4,304.8],[306.8,334.4],[277.2,304.8],[277.2,341.5],[290.2,354.1],[289.9,478.8],[306.7,507.8],[324.0,478.8],[324.0,354.1]]]},"symbol":{"type":"CIMPolygonSymbol","symbolLayers":[{"type":"CIMSolidStroke","enable":true,"capStyle":"Round","joinStyle":"Miter","lineStyle3D":"Strip","miterLimit":10,"width":10,"color":[0,0,0,255]}]}}],"scaleSymbolsProportionally":true,"respectFrame":true}],"haloSize":1,"scaleX":1,"angleAlignment":"Display"}