{"type":"CIMPointSymbol","symbolLayers":[{"type":"CIMVectorMarker","enable":true,"anchorPointUnits":"Relative","dominantSizeAxis3D":"Z","size":64,"billboardMode3D":"FaceNearPlane","frame":{"xmin":0,"ymin":0,"xmax":612,"ymax":792},"markerGraphics":[{"type":"CIMMarkerGraphic","geometry":{"rings":[[[286.0,402.0],[289.7,402.4],[293.3,403.4],[296.6,405.2],[299.5,407.6],[301.9,410.5],[303.6,413.8],[304.7,417.4],[305.1,421.1],[304.7,424.9],[303.6,428.4],[301.9,431.7],[299.5,434.6],[296.6,437.0],[293.3,438.8],[289.7,439.9],[286.0,440.2],[282.2,439.9],[278.6,438.8],[275.3,437.0],[272.4,434.6],[270.1,431.7],[268.3,428.4],[267.2,424.9],[266.8,421.1],[267.2,417.4],[268.3,413.8],[270.1,410.5],[272.4,407.6],[275.3,405.2],[278.6,403.4],[282.2,402.4],[286.0,402.0]]]},"symbol":{"type":"CIMPolygonSymbol","symbolLayers":[{"type":"CIMSolidFill","enable":true,"primitiveName":"icon_element","color":[0,0,0,255]}]}},{"type":"CIMMarkerGraphic","geometry":{"rings":[[[286.0,402.0],[289.7,402.4],[293.3,403.4],[296.6,405.2],[299.5,407.6],[301.9,410.5],[303.6,413.8],[304.7,417.4],[305.1,421.1],[304.7,424.9],[303.6,428.4],[301.9,431.7],[299.5,434.6],[296.6,437.0],[293.3,438.8],[289.7,439.9],[286.0,440.2],[282.2,439.9],[278.6,438.8],[275.3,437.0],[272.4,434.6],[270.1,431.7],[268.3,428.4],[267.2,424.9],[266.8,421.1],[267.2,417.4],[268.3,413.8],[270.1,410.5],[272.4,407.6],[275.3,405.2],[278.6,403.4],[282.2,402.4],[286.0,402.0]]]},"symbol":{"type":"CIMPolygonSymbol","symbolLayers":[{"type":"CIMSolidStroke","enable":true,"primitiveName":"icon_element","capStyle":"Round","joinStyle":"Miter","lineStyle3D":"Strip","miterLimit":10,"width":5,"color":[0,0,0,255]}]}},{"type":"CIMMarkerGraphic","geometry":{"rings":[[[340.1,411.9],[292.7,438.8],[286.9,428.6],[334.3,401.6],[340.1,411.9]]]},"symbol":{"type":"CIMPolygonSymbol","symbolLayers":[{"type":"CIMSolidFill","enable":true,"primitiveName":"icon_element","color":[0,0,0,255]}]}},{"type":"CIMMarkerGraphic","geometry":{"rings":[[[340.1,411.9],[292.7,438.8],[286.9,428.6],[334.3,401.6],[340.1,411.9]]]},"symbol":{"type":"CIMPolygonSymbol","symbolLayers":[{"type":"CIMSolidStroke","enable":true,"primitiveName":"icon_element","capStyle":"Round","joinStyle":"Miter","lineStyle3D":"Strip","miterLimit":10,"width":4.9999701799909193,"color":[0,0,0,255]}]}},{"type":"CIMMarkerGraphic","geometry":{"rings":[[[204.2,351.9],[279.6,351.9],[279.6,396.9],[204.2,396.9],[204.2,351.9]]]},"symbol":{"type":"CIMPolygonSymbol","symbolLayers":[{"type":"CIMSolidFill","enable":true,"primitiveName":"icon_element","color":[0,0,0,255]}]}},{"type":"CIMMarkerGraphic","geometry":{"rings":[[[288.3,351.9],[322.9,351.9],[322.9,396.9],[288.3,396.9],[288.3,351.9]]]},"symbol":{"type":"CIMPolygonSymbol","symbolLayers":[{"type":"CIMSolidFill","enable":true,"primitiveName":"icon_element","color":[0,0,0,255]}]}},{"type":"CIMMarkerGraphic","geometry":{"rings":[[[331.7,351.9],[407.1,351.9],[407.1,396.9],[331.7,396.9],[331.7,351.9]]]},"symbol":{"type":"CIMPolygonSymbol","symbolLayers":[{"type":"CIMSolidFill","enable":true,"primitiveName":"icon_element","color":[0,0,0,255]}]}},{"type":"CIMMarkerGraphic","geometry":{"paths":[[[278.7,374.4],[333.5,374.4]]]},"symbol":{"type":"CIMPolygonSymbol","symbolLayers":[{"type":"CIMSolidStroke","enable":true,"primitiveName":"icon_element","capStyle":"Butt","joinStyle":"Miter","lineStyle3D":"Strip","miterLimit":10,"width":5,"color":[0,0,0,255]}]}}],"scaleSymbolsProportionally":true,"respectFrame":true}],"haloSize":1,"scaleX":1,"angleAlignment":"Display"}