{"type":"CIMPointSymbol","symbolLayers":[{"type":"CIMVectorMarker","enable":true,"anchorPointUnits":"Relative","dominantSizeAxis3D":"Z","size":64,"billboardMode3D":"FaceNearPlane","frame":{"xmin":0,"ymin":0,"xmax":612,"ymax":792},"markerGraphics":[{"type":"CIMMarkerGraphic","geometry":{"rings":[[[204.2,393.9],[279.6,393.9],[279.6,438.9],[204.2,438.9],[204.2,393.9]]]},"symbol":{"type":"CIMPolygonSymbol","symbolLayers":[{"type":"CIMSolidFill","enable":true,"primitiveName":"icon_element","color":[0,0,0,255]}]}},{"type":"CIMMarkerGraphic","geometry":{"rings":[[[288.3,393.9],[322.9,393.9],[322.9,438.9],[288.3,438.9],[288.3,393.9]]]},"symbol":{"type":"CIMPolygonSymbol","symbolLayers":[{"type":"CIMSolidFill","enable":true,"primitiveName":"icon_element","color":[0,0,0,255]}]}},{"type":"CIMMarkerGraphic","geometry":{"rings":[[[331.7,393.9],[407.1,393.9],[407.1,438.9],[331.7,438.9],[331.7,393.9]]]},"symbol":{"type":"CIMPolygonSymbol","symbolLayers":[{"type":"CIMSolidFill","enable":true,"primitiveName":"icon_element","color":[0,0,0,255]}]}},{"type":"CIMMarkerGraphic","geometry":{"paths":[[[278.7,416.4],[333.5,416.4]]]},"symbol":{"type":"CIMPolygonSymbol","symbolLayers":[{"type":"CIMSolidStroke","enable":true,"primitiveName":"icon_element","capStyle":"Butt","joinStyle":"Miter","lineStyle3D":"Strip","miterLimit":10,"width":5,"color":[0,0,0,255]}]}},{"type":"CIMMarkerGraphic","geometry":{"paths":[[[305.64,393.89],[305.64,390.25]]]},"symbol":{"type":"CIMPolygonSymbol","symbolLayers":[{"type":"CIMSolidStroke","enable":true,"primitiveName":"icon_element","capStyle":"Butt","joinStyle":"Miter","lineStyle3D":"Strip","miterLimit":10,"width":5,"color":[0,0,0,255]}]}},{"type":"CIMMarkerGraphic","geometry":{"paths":[[[284.5,377.5],[292.3,390.3],[317.5,390.3],[325.8,377.5]]]},"symbol":{"type":"CIMPolygonSymbol","symbolLayers":[{"type":"CIMSolidStroke","enable":true,"primitiveName":"icon_element","capStyle":"Butt","joinStyle":"Miter","lineStyle3D":"Strip","miterLimit":10,"width":5,"color":[0,0,0,255]}]}},{"type":"CIMMarkerGraphic","geometry":{"rings":[[[305.08,351.72],[307.4,351.9],[309.65,352.44],[311.79,353.33],[313.77,354.54],[315.54,356.05],[317.04,357.81],[318.25,359.79],[319.14,361.93],[319.68,364.19],[319.87,366.5],[319.68,368.81],[319.14,371.07],[318.25,373.21],[317.04,375.19],[315.54,376.95],[313.77,378.46],[311.79,379.67],[309.65,380.56],[307.4,381.1],[305.08,381.28],[302.77,381.1],[300.52,380.56],[298.37,379.67],[296.39,378.46],[294.63,376.95],[293.12,375.19],[291.91,373.21],[291.02,371.07],[290.48,368.81],[290.3,366.5],[290.48,364.19],[291.02,361.93],[291.91,359.79],[293.12,357.81],[294.63,356.05],[296.39,354.54],[298.37,353.33],[300.52,352.44],[302.77,351.9],[305.08,351.72]]]},"symbol":{"type":"CIMPolygonSymbol","symbolLayers":[{"type":"CIMSolidFill","enable":true,"primitiveName":"icon_element","color":[0,0,0,255]}]}},{"type":"CIMMarkerGraphic","geometry":{"rings":[[[305.08,351.72],[307.4,351.9],[309.65,352.44],[311.79,353.33],[313.77,354.54],[315.54,356.05],[317.04,357.81],[318.25,359.79],[319.14,361.93],[319.68,364.19],[319.87,366.5],[319.68,368.81],[319.14,371.07],[318.25,373.21],[317.04,375.19],[315.54,376.95],[313.77,378.46],[311.79,379.67],[309.65,380.56],[307.4,381.1],[305.08,381.28],[302.77,381.1],[300.52,380.56],[298.37,379.67],[296.39,378.46],[294.63,376.95],[293.12,375.19],[291.91,373.21],[291.02,371.07],[290.48,368.81],[290.3,366.5],[290.48,364.19],[291.02,361.93],[291.91,359.79],[293.12,357.81],[294.63,356.05],[296.39,354.54],[298.37,353.33],[300.52,352.44],[302.77,351.9],[305.08,351.72]]]},"symbol":{"type":"CIMPolygonSymbol","symbolLayers":[{"type":"CIMSolidStroke","enable":true,"primitiveName":"icon_element","capStyle":"Round","joinStyle":"Miter","lineStyle3D":"Strip","miterLimit":10,"width":5,"color":[0,0,0,255]}]}}],"scaleSymbolsProportionally":true,"respectFrame":true}],"haloSize":1,"scaleX":1,"angleAlignment":"Display"}