{"type":"CIMPointSymbol","symbolLayers":[{"type":"CIMVectorMarker","enable":true,"anchorPointUnits":"Relative","dominantSizeAxis3D":"Z","size":64,"billboardMode3D":"FaceNearPlane","frame":{"xmin":0,"ymin":0,"xmax":612,"ymax":792},"markerGraphics":[{"type":"CIMMarkerGraphic","geometry":{"rings":[[[339.7,352.9],[335.1,371.6],[327.9,394.2],[320.2,415.5],[313.9,429.7],[311.1,434.6],[308.5,438.1],[306.0,440.2],[303.7,440.9],[301.4,440.2],[298.8,438.0],[296.1,434.4],[293.2,429.4],[287.1,415.1],[280.4,395.2],[273.7,371.1],[270.4,352.9],[339.7,352.9]]]},"symbol":{"type":"CIMPolygonSymbol","symbolLayers":[{"type":"CIMSolidFill","enable":true,"primitiveName":"icon_element","color":[0,0,0,255]}]}},{"type":"CIMMarkerGraphic","geometry":{"paths":[[[270.4,352.9],[273.7,371.1],[280.4,395.2],[287.1,415.1],[293.2,429.4],[296.1,434.4],[298.8,438.0],[301.4,440.2],[303.7,440.9],[306.0,440.2],[308.5,438.1],[311.1,434.6],[313.9,429.7],[320.2,415.5],[327.9,394.2],[335.1,371.6],[339.7,352.9]]]},"symbol":{"type":"CIMPolygonSymbol","symbolLayers":[{"type":"CIMSolidStroke","enable":true,"primitiveName":"icon_element","capStyle":"Butt","joinStyle":"Miter","lineStyle3D":"Strip","miterLimit":10,"width":5,"color":[0,0,0,255]}]}},{"type":"CIMMarkerGraphic","geometry":{"rings":[[[303.3,351.08],[306.87,351.08],[306.87,354.74],[303.3,354.74],[303.3,351.08]]]},"symbol":{"type":"CIMPolygonSymbol","symbolLayers":[{"type":"CIMSolidFill","enable":true,"primitiveName":"icon_element","color":[0,0,0,255]}]}},{"type":"CIMMarkerGraphic","geometry":{"rings":[[[303.3,351.08],[306.87,351.08],[306.87,354.74],[303.3,354.74],[303.3,351.08]]]},"symbol":{"type":"CIMPolygonSymbol","symbolLayers":[{"type":"CIMSolidStroke","enable":true,"primitiveName":"icon_element","capStyle":"Round","joinStyle":"Miter","lineStyle3D":"Strip","miterLimit":10,"width":5,"color":[0,0,0,255]}]}}],"scaleSymbolsProportionally":true,"respectFrame":true}],"haloSize":1,"scaleX":1,"angleAlignment":"Display"}