{"type":"CIMPointSymbol","symbolLayers":[{"type":"CIMVectorMarker","enable":true,"anchorPointUnits":"Relative","dominantSizeAxis3D":"Z","size":64,"billboardMode3D":"FaceNearPlane","frame":{"xmin":0,"ymin":0,"xmax":612,"ymax":792},"markerGraphics":[{"type":"CIMMarkerGraphic","geometry":{"rings":[[[306.5,365.5],[321.0,366.0],[335.0,367.7],[347.9,370.3],[359.2,373.8],[368.4,378.2],[375.3,383.1],[379.5,388.4],[381.0,394.0],[379.5,399.6],[375.3,404.9],[368.4,409.8],[359.2,414.2],[347.9,417.7],[335.0,420.3],[321.0,422.0],[306.5,422.5],[291.9,422.0],[278.0,420.3],[265.1,417.7],[253.8,414.2],[244.5,409.8],[237.7,404.9],[233.4,399.6],[232.0,394.0],[233.4,388.4],[237.7,383.1],[244.5,378.2],[253.8,373.8],[265.1,370.3],[278.0,367.7],[291.9,366.0],[306.5,365.5]]]},"symbol":{"type":"CIMPolygonSymbol","symbolLayers":[{"type":"CIMSolidFill","enable":true,"colorLocked":true,"color":[0,0,0,255]}]}},{"type":"CIMMarkerGraphic","geometry":{"rings":[[[306.5,365.5],[321.0,366.0],[335.0,367.7],[347.9,370.3],[359.2,373.8],[368.4,378.2],[375.3,383.1],[379.5,388.4],[381.0,394.0],[379.5,399.6],[375.3,404.9],[368.4,409.8],[359.2,414.2],[347.9,417.7],[335.0,420.3],[321.0,422.0],[306.5,422.5],[291.9,422.0],[278.0,420.3],[265.1,417.7],[253.8,414.2],[244.5,409.8],[237.7,404.9],[233.4,399.6],[232.0,394.0],[233.4,388.4],[237.7,383.1],[244.5,378.2],[253.8,373.8],[265.1,370.3],[278.0,367.7],[291.9,366.0],[306.5,365.5]]]},"symbol":{"type":"CIMPolygonSymbol","symbolLayers":[{"type":"CIMSolidStroke","enable":true,"colorLocked":true,"capStyle":"Round","joinStyle":"Miter","lineStyle3D":"Strip","miterLimit":10,"width":5,"color":[0,0,0,255]}]}},{"type":"CIMMarkerGraphic","geometry":{"rings":[[[306.5,381.5],[329.1,382.5],[348.3,385.5],[355.7,387.5],[361.1,389.8],[364.5,392.4],[365.6,395.0],[364.5,397.6],[361.1,400.2],[355.7,402.5],[348.3,404.5],[329.1,407.5],[306.5,408.5],[283.8,407.5],[264.6,404.5],[257.3,402.5],[251.8,400.2],[248.4,397.6],[247.3,395.0],[248.4,392.4],[251.8,389.8],[257.3,387.5],[264.6,385.5],[283.8,382.5],[306.5,381.5]]]},"symbol":{"type":"CIMPolygonSymbol","symbolLayers":[{"type":"CIMSolidFill","enable":true,"primitiveName":"icon_element","color":[255,255,255,255]}]}},{"type":"CIMMarkerGraphic","geometry":{"rings":[[[306.5,381.5],[329.1,382.5],[348.3,385.5],[355.7,387.5],[361.1,389.8],[364.5,392.4],[365.6,395.0],[364.5,397.6],[361.1,400.2],[355.7,402.5],[348.3,404.5],[329.1,407.5],[306.5,408.5],[283.8,407.5],[264.6,404.5],[257.3,402.5],[251.8,400.2],[248.4,397.6],[247.3,395.0],[248.4,392.4],[251.8,389.8],[257.3,387.5],[264.6,385.5],[283.8,382.5],[306.5,381.5]]]},"symbol":{"type":"CIMPolygonSymbol","symbolLayers":[{"type":"CIMSolidStroke","enable":true,"colorLocked":true,"capStyle":"Round","joinStyle":"Miter","lineStyle3D":"Strip","miterLimit":10,"width":5,"color":[0,0,0,255]}]}},{"type":"CIMMarkerGraphic","geometry":{"rings":[[[301.5,351.1],[311.5,351.1],[311.5,440.9],[301.5,440.9],[301.5,351.1]]]},"symbol":{"type":"CIMPolygonSymbol","symbolLayers":[{"type":"CIMSolidFill","enable":true,"colorLocked":true,"color":[0,0,0,255]}]}},{"type":"CIMMarkerGraphic","geometry":{"rings":[[[301.5,351.1],[311.5,351.1],[311.5,440.9],[301.5,440.9],[301.5,351.1]]]},"symbol":{"type":"CIMPolygonSymbol","symbolLayers":[{"type":"CIMSolidStroke","enable":true,"colorLocked":true,"capStyle":"Round","joinStyle":"Miter","lineStyle3D":"Strip","miterLimit":10,"width":7,"color":[0,0,0,255]}]}}],"scaleSymbolsProportionally":true,"respectFrame":true}],"haloSize":1,"scaleX":1,"angleAlignment":"Display"}