{"type":"CIMPointSymbol","symbolLayers":[{"type":"CIMVectorMarker","enable":true,"anchorPointUnits":"Relative","dominantSizeAxis3D":"Z","size":64,"billboardMode3D":"FaceNearPlane","frame":{"xmin":0,"ymin":0,"xmax":612,"ymax":792},"markerGraphics":[{"type":"CIMMarkerGraphic","geometry":{"rings":[[[206.2,394.3],[280.1,394.3],[280.1,438.4],[206.2,438.4],[206.2,394.3]]]},"symbol":{"type":"CIMPolygonSymbol","symbolLayers":[{"type":"CIMSolidFill","enable":true,"primitiveName":"icon_element","color":[255,255,255,255]}]}},{"type":"CIMMarkerGraphic","geometry":{"rings":[[[206.2,394.3],[280.1,394.3],[280.1,438.4],[206.2,438.4],[206.2,394.3]]]},"symbol":{"type":"CIMPolygonSymbol","symbolLayers":[{"type":"CIMSolidStroke","enable":true,"colorLocked":true,"capStyle":"Round","joinStyle":"Miter","lineStyle3D":"Strip","miterLimit":10,"width":5,"color":[0,0,0,255]}]}},{"type":"CIMMarkerGraphic","geometry":{"rings":[[[288.7,394.3],[322.6,394.3],[322.6,438.4],[288.7,438.4],[288.7,394.3]]]},"symbol":{"type":"CIMPolygonSymbol","symbolLayers":[{"type":"CIMSolidFill","enable":true,"primitiveName":"icon_element","color":[255,255,255,255]}]}},{"type":"CIMMarkerGraphic","geometry":{"rings":[[[288.7,394.3],[322.6,394.3],[322.6,438.4],[288.7,438.4],[288.7,394.3]]]},"symbol":{"type":"CIMPolygonSymbol","symbolLayers":[{"type":"CIMSolidStroke","enable":true,"colorLocked":true,"capStyle":"Round","joinStyle":"Miter","lineStyle3D":"Strip","miterLimit":10,"width":5,"color":[0,0,0,255]}]}},{"type":"CIMMarkerGraphic","geometry":{"rings":[[[331.2,394.3],[405.0,394.3],[405.0,438.4],[331.2,438.4],[331.2,394.3]]]},"symbol":{"type":"CIMPolygonSymbol","symbolLayers":[{"type":"CIMSolidFill","enable":true,"primitiveName":"icon_element","color":[255,255,255,255]}]}},{"type":"CIMMarkerGraphic","geometry":{"rings":[[[331.2,394.3],[405.0,394.3],[405.0,438.4],[331.2,438.4],[331.2,394.3]]]},"symbol":{"type":"CIMPolygonSymbol","symbolLayers":[{"type":"CIMSolidStroke","enable":true,"colorLocked":true,"capStyle":"Round","joinStyle":"Miter","lineStyle3D":"Strip","miterLimit":10,"width":5,"color":[0,0,0,255]}]}},{"type":"CIMMarkerGraphic","geometry":{"paths":[[[279.2,416.38],[288.69,416.38]]]},"symbol":{"type":"CIMPolygonSymbol","symbolLayers":[{"type":"CIMSolidStroke","enable":true,"colorLocked":true,"capStyle":"Butt","joinStyle":"Miter","lineStyle3D":"Strip","miterLimit":10,"width":5,"color":[0,0,0,255]}]}},{"type":"CIMMarkerGraphic","geometry":{"paths":[[[322.59,416.38],[332.08,416.38]]]},"symbol":{"type":"CIMPolygonSymbol","symbolLayers":[{"type":"CIMSolidStroke","enable":true,"colorLocked":true,"capStyle":"Butt","joinStyle":"Miter","lineStyle3D":"Strip","miterLimit":10,"width":5,"color":[0,0,0,255]}]}},{"type":"CIMMarkerGraphic","geometry":{"paths":[[[305.62,393.34],[305.62,388.37]]]},"symbol":{"type":"CIMPolygonSymbol","symbolLayers":[{"type":"CIMSolidStroke","enable":true,"colorLocked":true,"capStyle":"Butt","joinStyle":"Miter","lineStyle3D":"Strip","miterLimit":10,"width":5,"color":[0,0,0,255]}]}},{"type":"CIMMarkerGraphic","geometry":{"paths":[[[285.5,375.3],[292.9,387.4],[316.9,387.4],[324.8,375.3]]]},"symbol":{"type":"CIMPolygonSymbol","symbolLayers":[{"type":"CIMSolidStroke","enable":true,"colorLocked":true,"capStyle":"Butt","joinStyle":"Miter","lineStyle3D":"Strip","miterLimit":10,"width":5,"color":[0,0,0,255]}]}},{"type":"CIMMarkerGraphic","geometry":{"rings":[[[305.09,350.77],[307.53,350.99],[309.89,351.62],[312.11,352.65],[314.11,354.06],[315.84,355.79],[317.25,357.79],[318.28,360.01],[318.92,362.38],[319.13,364.82],[318.92,367.25],[318.28,369.62],[317.25,371.84],[315.84,373.84],[314.11,375.57],[312.11,376.98],[309.89,378.01],[307.53,378.65],[305.09,378.86],[302.65,378.65],[300.28,378.01],[298.07,376.98],[296.06,375.57],[294.33,373.84],[292.93,371.84],[291.89,369.62],[291.26,367.25],[291.04,364.82],[291.26,362.38],[291.89,360.01],[292.93,357.79],[294.33,355.79],[296.06,354.06],[298.07,352.65],[300.28,351.62],[302.65,350.99],[305.09,350.77]]]},"symbol":{"type":"CIMPolygonSymbol","symbolLayers":[{"type":"CIMSolidFill","enable":true,"primitiveName":"icon_element","color":[255,255,255,255]}]}},{"type":"CIMMarkerGraphic","geometry":{"rings":[[[305.09,350.77],[307.53,350.99],[309.89,351.62],[312.11,352.65],[314.11,354.06],[315.84,355.79],[317.25,357.79],[318.28,360.01],[318.92,362.38],[319.13,364.82],[318.92,367.25],[318.28,369.62],[317.25,371.84],[315.84,373.84],[314.11,375.57],[312.11,376.98],[309.89,378.01],[307.53,378.65],[305.09,378.86],[302.65,378.65],[300.28,378.01],[298.07,376.98],[296.06,375.57],[294.33,373.84],[292.93,371.84],[291.89,369.62],[291.26,367.25],[291.04,364.82],[291.26,362.38],[291.89,360.01],[292.93,357.79],[294.33,355.79],[296.06,354.06],[298.07,352.65],[300.28,351.62],[302.65,350.99],[305.09,350.77]]]},"symbol":{"type":"CIMPolygonSymbol","symbolLayers":[{"type":"CIMSolidStroke","enable":true,"colorLocked":true,"capStyle":"Round","joinStyle":"Miter","lineStyle3D":"Strip","miterLimit":10,"width":5,"color":[0,0,0,255]}]}}],"scaleSymbolsProportionally":true,"respectFrame":true}],"haloSize":1,"scaleX":1,"angleAlignment":"Display"}