{"type":"CIMPointSymbol","symbolLayers":[{"type":"CIMVectorMarker","enable":true,"anchorPointUnits":"Relative","dominantSizeAxis3D":"Z","size":64,"billboardMode3D":"FaceNearPlane","frame":{"xmin":0,"ymin":0,"xmax":612,"ymax":792},"markerGraphics":[{"type":"CIMMarkerGraphic","geometry":{"rings":[[[339.2,413.7],[292.4,440.1],[304.4,420.1],[333.5,403.7],[339.2,413.7]]]},"symbol":{"type":"CIMPolygonSymbol","symbolLayers":[{"type":"CIMSolidFill","enable":true,"primitiveName":"icon_element","color":[255,255,255,255]}]}},{"type":"CIMMarkerGraphic","geometry":{"paths":[[[292.4,440.1],[339.2,413.7],[333.5,403.7],[304.4,420.1]]]},"symbol":{"type":"CIMPolygonSymbol","symbolLayers":[{"type":"CIMSolidStroke","enable":true,"colorLocked":true,"capStyle":"Butt","joinStyle":"Miter","lineStyle3D":"Strip","miterLimit":10,"width":5,"color":[0,0,0,255]}]}},{"type":"CIMMarkerGraphic","geometry":{"rings":[[[285.7,404.0],[289.4,404.3],[293.0,405.4],[296.2,407.1],[299.1,409.4],[301.5,412.3],[303.2,415.5],[304.3,419.0],[304.6,422.7],[304.3,426.3],[303.2,429.8],[301.5,433.1],[299.1,435.9],[296.2,438.2],[293.0,440.0],[289.4,441.0],[285.7,441.4],[282.0,441.0],[278.5,440.0],[275.2,438.2],[272.4,435.9],[270.0,433.1],[268.3,429.8],[267.2,426.3],[266.8,422.7],[267.2,419.0],[268.3,415.5],[270.0,412.3],[272.4,409.4],[275.2,407.1],[278.5,405.4],[282.0,404.3],[285.7,404.0]]]},"symbol":{"type":"CIMPolygonSymbol","symbolLayers":[{"type":"CIMSolidFill","enable":true,"primitiveName":"icon_element","color":[255,255,255,255]}]}},{"type":"CIMMarkerGraphic","geometry":{"rings":[[[285.7,404.0],[289.4,404.3],[293.0,405.4],[296.2,407.1],[299.1,409.4],[301.5,412.3],[303.2,415.5],[304.3,419.0],[304.6,422.7],[304.3,426.3],[303.2,429.8],[301.5,433.1],[299.1,435.9],[296.2,438.2],[293.0,440.0],[289.4,441.0],[285.7,441.4],[282.0,441.0],[278.5,440.0],[275.2,438.2],[272.4,435.9],[270.0,433.1],[268.3,429.8],[267.2,426.3],[266.8,422.7],[267.2,419.0],[268.3,415.5],[270.0,412.3],[272.4,409.4],[275.2,407.1],[278.5,405.4],[282.0,404.3],[285.7,404.0]]]},"symbol":{"type":"CIMPolygonSymbol","symbolLayers":[{"type":"CIMSolidStroke","enable":true,"colorLocked":true,"capStyle":"Round","joinStyle":"Miter","lineStyle3D":"Strip","miterLimit":10,"width":5,"color":[0,0,0,255]}]}},{"type":"CIMMarkerGraphic","geometry":{"rings":[[[206.2,353.0],[279.4,353.0],[279.4,396.6],[206.2,396.6],[206.2,353.0]]]},"symbol":{"type":"CIMPolygonSymbol","symbolLayers":[{"type":"CIMSolidFill","enable":true,"primitiveName":"icon_element","color":[255,255,255,255]}]}},{"type":"CIMMarkerGraphic","geometry":{"rings":[[[206.2,353.0],[279.4,353.0],[279.4,396.6],[206.2,396.6],[206.2,353.0]]]},"symbol":{"type":"CIMPolygonSymbol","symbolLayers":[{"type":"CIMSolidStroke","enable":true,"colorLocked":true,"capStyle":"Round","joinStyle":"Miter","lineStyle3D":"Strip","miterLimit":10,"width":5,"color":[0,0,0,255]}]}},{"type":"CIMMarkerGraphic","geometry":{"rings":[[[287.9,353.0],[321.5,353.0],[321.5,396.6],[287.9,396.6],[287.9,353.0]]]},"symbol":{"type":"CIMPolygonSymbol","symbolLayers":[{"type":"CIMSolidFill","enable":true,"primitiveName":"icon_element","color":[255,255,255,255]}]}},{"type":"CIMMarkerGraphic","geometry":{"rings":[[[287.9,353.0],[321.5,353.0],[321.5,396.6],[287.9,396.6],[287.9,353.0]]]},"symbol":{"type":"CIMPolygonSymbol","symbolLayers":[{"type":"CIMSolidStroke","enable":true,"colorLocked":true,"capStyle":"Round","joinStyle":"Miter","lineStyle3D":"Strip","miterLimit":10,"width":5,"color":[0,0,0,255]}]}},{"type":"CIMMarkerGraphic","geometry":{"rings":[[[330.0,353.0],[403.2,353.0],[403.2,396.6],[330.0,396.6],[330.0,353.0]]]},"symbol":{"type":"CIMPolygonSymbol","symbolLayers":[{"type":"CIMSolidFill","enable":true,"primitiveName":"icon_element","color":[255,255,255,255]}]}},{"type":"CIMMarkerGraphic","geometry":{"rings":[[[330.0,353.0],[403.2,353.0],[403.2,396.6],[330.0,396.6],[330.0,353.0]]]},"symbol":{"type":"CIMPolygonSymbol","symbolLayers":[{"type":"CIMSolidStroke","enable":true,"colorLocked":true,"capStyle":"Round","joinStyle":"Miter","lineStyle3D":"Strip","miterLimit":10,"width":5,"color":[0,0,0,255]}]}},{"type":"CIMMarkerGraphic","geometry":{"paths":[[[321.48,374.81],[331.77,374.81]]]},"symbol":{"type":"CIMPolygonSymbol","symbolLayers":[{"type":"CIMSolidStroke","enable":true,"colorLocked":true,"capStyle":"Butt","joinStyle":"Miter","lineStyle3D":"Strip","miterLimit":10,"width":5,"color":[0,0,0,255]}]}},{"type":"CIMMarkerGraphic","geometry":{"paths":[[[278.49,374.81],[287.9,374.81]]]},"symbol":{"type":"CIMPolygonSymbol","symbolLayers":[{"type":"CIMSolidStroke","enable":true,"colorLocked":true,"capStyle":"Butt","joinStyle":"Miter","lineStyle3D":"Strip","miterLimit":10,"width":5,"color":[0,0,0,255]}]}}],"scaleSymbolsProportionally":true,"respectFrame":true}],"haloSize":1,"scaleX":1,"angleAlignment":"Display"}