{"type":"CIMPointSymbol","symbolLayers":[{"type":"CIMVectorMarker","enable":true,"anchorPointUnits":"Relative","dominantSizeAxis3D":"Z","size":64,"billboardMode3D":"FaceNearPlane","frame":{"xmin":0,"ymin":0,"xmax":612,"ymax":792},"markerGraphics":[{"type":"CIMMarkerGraphic","geometry":{"rings":[[[306.5,365.5],[321.0,366.0],[335.0,367.7],[347.8,370.3],[359.2,373.8],[368.4,378.2],[375.3,383.1],[379.6,388.4],[381.0,394.0],[379.7,399.3],[375.8,404.5],[369.4,409.3],[360.8,413.5],[350.2,417.1],[338.1,419.8],[325.0,421.6],[311.1,422.4],[310.9,407.8],[327.6,406.5],[341.5,403.6],[350.6,399.5],[353.0,397.2],[353.8,394.8],[352.9,392.3],[350.2,389.8],[340.0,385.6],[324.6,382.8],[306.5,381.8],[288.4,382.8],[273.0,385.6],[262.7,389.8],[260.1,392.3],[259.1,394.8],[260.0,397.3],[262.4,399.6],[271.8,403.7],[286.0,406.6],[303.0,407.9],[302.8,422.5],[288.8,421.7],[275.5,419.9],[263.2,417.2],[252.5,413.6],[243.8,409.4],[237.3,404.6],[233.3,399.4],[232.0,394.0],[233.4,388.4],[237.6,383.1],[244.5,378.2],[253.8,373.8],[265.1,370.3],[278.0,367.7],[291.9,366.0],[306.5,365.5]]]},"symbol":{"type":"CIMPolygonSymbol","symbolLayers":[{"type":"CIMSolidFill","enable":true,"primitiveName":"icon_element","color":[255,255,255,255]}]}},{"type":"CIMMarkerGraphic","geometry":{"paths":[[[310.9,407.8],[327.6,406.5],[341.5,403.6],[350.6,399.5],[353.0,397.2],[353.8,394.8],[352.9,392.3],[350.2,389.8],[340.0,385.6],[324.6,382.8],[306.5,381.8],[288.4,382.8],[273.0,385.6],[262.7,389.8],[260.1,392.3],[259.1,394.8],[260.0,397.3],[262.4,399.6],[271.8,403.7],[286.0,406.6],[303.0,407.9],[302.8,422.5],[288.8,421.7],[275.5,419.9],[263.2,417.2],[252.5,413.6],[243.8,409.4],[237.3,404.6],[233.3,399.4],[232.0,394.0],[233.4,388.4],[237.6,383.1],[244.5,378.2],[253.8,373.8],[265.1,370.3],[278.0,367.7],[291.9,366.0],[306.5,365.5],[321.0,366.0],[335.0,367.7],[347.8,370.3],[359.2,373.8],[368.4,378.2],[375.3,383.1],[379.6,388.4],[381.0,394.0],[379.7,399.3],[375.8,404.5],[369.4,409.3],[360.8,413.5],[350.2,417.1],[338.1,419.8],[325.0,421.6],[311.1,422.4]]]},"symbol":{"type":"CIMPolygonSymbol","symbolLayers":[{"type":"CIMSolidStroke","enable":true,"colorLocked":true,"capStyle":"Butt","joinStyle":"Miter","lineStyle3D":"Strip","miterLimit":10,"width":5,"color":[0,0,0,255]}]}},{"type":"CIMMarkerGraphic","geometry":{"rings":[[[300.4,381.8],[311.6,381.8],[311.6,443.1],[300.4,443.1],[300.4,381.8]]]},"symbol":{"type":"CIMPolygonSymbol","symbolLayers":[{"type":"CIMSolidFill","enable":true,"primitiveName":"icon_element","color":[255,255,255,255]}]}},{"type":"CIMMarkerGraphic","geometry":{"rings":[[[300.4,381.8],[311.6,381.8],[311.6,443.1],[300.4,443.1],[300.4,381.8]]]},"symbol":{"type":"CIMPolygonSymbol","symbolLayers":[{"type":"CIMSolidStroke","enable":true,"colorLocked":true,"capStyle":"Round","joinStyle":"Miter","lineStyle3D":"Strip","miterLimit":10,"width":5,"color":[0,0,0,255]}]}},{"type":"CIMMarkerGraphic","geometry":{"rings":[[[300.38,351.75],[311.63,351.75],[311.63,365.5],[300.38,365.5],[300.38,351.75]]]},"symbol":{"type":"CIMPolygonSymbol","symbolLayers":[{"type":"CIMSolidFill","enable":true,"primitiveName":"icon_element","color":[255,255,255,255]}]}},{"type":"CIMMarkerGraphic","geometry":{"rings":[[[300.38,351.75],[311.63,351.75],[311.63,365.5],[300.38,365.5],[300.38,351.75]]]},"symbol":{"type":"CIMPolygonSymbol","symbolLayers":[{"type":"CIMSolidStroke","enable":true,"colorLocked":true,"capStyle":"Round","joinStyle":"Miter","lineStyle3D":"Strip","miterLimit":10,"width":5,"color":[0,0,0,255]}]}}],"scaleSymbolsProportionally":true,"respectFrame":true}],"haloSize":1,"scaleX":1,"angleAlignment":"Display"}