{"type":"CIMPointSymbol","symbolLayers":[{"type":"CIMVectorMarker","enable":true,"anchorPointUnits":"Relative","dominantSizeAxis3D":"Z","size":64,"billboardMode3D":"FaceNearPlane","frame":{"xmin":0,"ymin":0,"xmax":612,"ymax":792},"markerGraphics":[{"type":"CIMMarkerGraphic","geometry":{"rings":[[[334.8,372.3],[327.9,394.3],[320.2,415.6],[313.9,429.7],[311.1,434.6],[308.5,438.1],[306.0,440.2],[303.7,440.9],[301.4,440.2],[298.8,438.1],[296.1,434.5],[293.2,429.4],[287.1,415.1],[280.4,395.3],[273.7,371.1],[270.4,352.9],[339.7,352.8],[334.8,372.3]]]},"symbol":{"type":"CIMPolygonSymbol","symbolLayers":[{"type":"CIMSolidFill","enable":true,"primitiveName":"icon_element","color":[255,255,255,255]}]}},{"type":"CIMMarkerGraphic","geometry":{"paths":[[[270.4,352.9],[273.7,371.1],[280.4,395.3],[287.1,415.1],[293.2,429.4],[296.1,434.5],[298.8,438.1],[301.4,440.2],[303.7,440.9],[306.0,440.2],[308.5,438.1],[311.1,434.6],[313.9,429.7],[320.2,415.6],[327.9,394.3],[335.0,371.7],[339.7,352.8]]]},"symbol":{"type":"CIMPolygonSymbol","symbolLayers":[{"type":"CIMSolidStroke","enable":true,"colorLocked":true,"capStyle":"Butt","joinStyle":"Miter","lineStyle3D":"Strip","miterLimit":10,"width":5,"color":[0,0,0,255]}]}},{"type":"CIMMarkerGraphic","geometry":{"paths":[[[272.8,354.9],[337.4,354.9]]]},"symbol":{"type":"CIMPolygonSymbol","symbolLayers":[{"type":"CIMSolidStroke","enable":true,"colorLocked":true,"capStyle":"Butt","joinStyle":"Miter","lineStyle3D":"Strip","miterLimit":10,"width":5,"color":[0,0,0,255]}]}},{"type":"CIMMarkerGraphic","geometry":{"rings":[[[303.3,351.35],[306.87,351.35],[306.87,355.01],[303.3,355.01],[303.3,351.35]]]},"symbol":{"type":"CIMPolygonSymbol","symbolLayers":[{"type":"CIMSolidStroke","enable":true,"colorLocked":true,"capStyle":"Round","joinStyle":"Miter","lineStyle3D":"Strip","miterLimit":10,"width":5,"color":[0,0,0,255]}]}}],"scaleSymbolsProportionally":true,"respectFrame":true}],"haloSize":1,"scaleX":1,"angleAlignment":"Display"}