{"type":"CIMPointSymbol","symbolLayers":[{"type":"CIMVectorMarker","enable":true,"anchorPointUnits":"Relative","dominantSizeAxis3D":"Z","size":64,"billboardMode3D":"FaceNearPlane","frame":{"xmin":0,"ymin":0,"xmax":612,"ymax":792},"markerGraphics":[{"type":"CIMMarkerGraphic","geometry":{"rings":[[[306,226],[323,228],[339,233],[353,240],[366,251],[377,264],[384,279],[389,294],[391,311],[392,312],[409,313],[425,318],[439,326],[452,336],[463,349],[471,364],[476,380],[477,396],[476,413],[471,428],[463,443],[452,456],[439,466],[425,474],[409,479],[392,481],[391,483],[389,500],[384,516],[377,530],[366,543],[353,554],[339,562],[323,566],[306,568],[290,566],[274,562],[259,554],[246,543],[236,530],[228,516],[223,500],[222,483],[220,481],[204,479],[188,474],[173,466],[160,456],[150,443],[142,428],[137,413],[135,396],[137,380],[142,364],[150,349],[160,336],[173,326],[188,318],[204,313],[220,312],[222,311],[223,294],[228,279],[236,264],[246,251],[259,240],[274,233],[290,228],[306,226]]]},"symbol":{"type":"CIMPolygonSymbol","symbolLayers":[{"type":"CIMSolidFill","enable":true,"primitiveName":"frame_fill","color":[250,241,131,255]}]}},{"type":"CIMMarkerGraphic","geometry":{"paths":[[[392,481],[409,479],[425,474],[439,466],[452,456],[463,443],[471,428],[476,413],[477,396],[476,380],[471,364],[463,349],[452,336],[439,326],[425,318],[409,313],[392,312],[391,311],[389,294],[384,279],[377,264],[366,251],[353,240],[339,233],[323,228],[306,226],[290,228],[274,233],[259,240],[246,251],[236,264],[228,279],[223,294],[222,311],[220,312],[204,313],[188,318],[173,326],[160,336],[150,349],[142,364],[137,380],[135,396],[137,413],[142,428],[150,443],[160,456],[173,466],[188,474],[204,479],[220,481],[222,483],[223,500],[228,516],[236,530],[246,543],[259,554],[274,562],[290,566],[306,568],[323,566],[339,562],[353,554],[366,543],[377,530],[384,516],[389,500],[391,483]]]},"symbol":{"type":"CIMPolygonSymbol","symbolLayers":[{"type":"CIMSolidStroke","effects":[{"type":"CIMGeometricEffectDashes","dashTemplate":[5,5],"lineDashEnding":"NoConstraint","controlPointEnding":"NoConstraint"}],"enable":true,"primitiveName":"frame_outline","capStyle":"Butt","joinStyle":"Miter","lineStyle3D":"Strip","miterLimit":10,"width":5,"color":[0,0,0,255]}]}},{"type":"CIMMarkerGraphic","geometry":{"x":227.414093017578125,"y":305.355438232421875},"symbol":{"type":"CIMTextSymbol","blockProgression":"TTB","depth3D":1,"extrapolateBaselines":true,"fontEffects":"Normal","fontEncoding":"Unicode","fontFamilyName":"Arial","fontType":"Unspecified","haloSize":1,"height":288,"hinting":"Default","horizontalAlignment":"Left","kerning":true,"letterWidth":100,"ligatures":true,"lineGapType":"ExtraLeading","symbol":{"type":"CIMPolygonSymbol","symbolLayers":[{"type":"CIMSolidFill","enable":true,"color":[0,0,0,255]}]},"textCase":"Normal","textDirection":"LTR","verticalAlignment":"Baseline","verticalGlyphOrientation":"Right","wordSpacing":100,"billboardMode3D":"FaceNearPlane"},"textString":"?"}],"scaleSymbolsProportionally":true,"respectFrame":true}],"haloSize":1,"scaleX":1,"angleAlignment":"Display"}