{"type":"CIMPointSymbol","symbolLayers":[{"type":"CIMVectorMarker","enable":true,"anchorPointUnits":"Relative","dominantSizeAxis3D":"Z","size":64,"billboardMode3D":"FaceNearPlane","frame":{"xmin":0,"ymin":0,"xmax":612,"ymax":792},"markerGraphics":[{"type":"CIMMarkerGraphic","geometry":{"rings":[[[391,278],[410,280],[428,285],[444,294],[458,306],[469,322],[478,340],[483,360],[485,381],[483,402],[478,422],[469,440],[458,455],[444,467],[428,476],[410,482],[391,483],[390,505],[385,525],[378,542],[368,558],[355,570],[340,580],[323,586],[306,588],[289,586],[272,580],[257,570],[244,558],[234,542],[227,525],[222,505],[221,483],[202,482],[184,476],[168,467],[154,455],[143,440],[134,422],[129,402],[127,381],[129,360],[134,340],[143,322],[154,306],[168,294],[184,285],[202,280],[221,278],[391,278]]]},"symbol":{"type":"CIMPolygonSymbol","symbolLayers":[{"type":"CIMSolidFill","enable":true,"primitiveName":"frame_fill","color":[255,255,128,255]}]}},{"type":"CIMMarkerGraphic","geometry":{"paths":[[[391,278],[410,280],[428,285],[444,294],[458,306],[469,322],[478,340],[483,360],[485,381],[483,402],[478,422],[469,440],[458,455],[444,467],[428,476],[410,482],[391,483],[390,505],[385,525],[378,542],[368,558],[355,570],[340,580],[323,586],[306,588],[289,586],[272,580],[257,570],[244,558],[234,542],[227,525],[222,505],[221,483],[202,482],[184,476],[168,467],[154,455],[143,440],[134,422],[129,402],[127,381],[129,360],[134,340],[143,322],[154,306],[168,294],[184,285],[202,280],[221,278]]]},"symbol":{"type":"CIMPolygonSymbol","symbolLayers":[{"type":"CIMSolidStroke","effects":[{"type":"CIMGeometricEffectDashes","dashTemplate":[25,15],"lineDashEnding":"NoConstraint","controlPointEnding":"NoConstraint"}],"enable":true,"primitiveName":"frame_outline","capStyle":"Butt","joinStyle":"Miter","lineStyle3D":"Strip","miterLimit":10,"width":5,"color":[0,0,0,255]}]}},{"type":"CIMMarkerGraphic","geometry":{"rings":[[[386.0,515.4],[380.1,530.9],[372.8,544.8],[364.2,557.0],[354.3,567.3],[343.3,575.6],[331.4,581.7],[318.8,585.4],[306.0,586.6],[293.2,585.4],[280.6,581.7],[268.7,575.6],[257.7,567.3],[247.8,557.0],[239.2,544.8],[231.9,530.9],[226.0,515.4],[386.0,515.4]]]},"symbol":{"type":"CIMPolygonSymbol","symbolLayers":[{"type":"CIMSolidFill","enable":true,"primitiveName":"frame_outline","color":[0,0,0,255]}]}},{"type":"CIMMarkerGraphic","geometry":{"paths":[[[226.0,515.4],[231.9,530.9],[239.2,544.8],[247.8,557.0],[257.7,567.3],[268.7,575.6],[280.6,581.7],[293.2,585.4],[306.0,586.6],[318.8,585.4],[331.4,581.7],[343.3,575.6],[354.3,567.3],[364.2,557.0],[372.8,544.8],[380.1,530.9],[386.0,515.4]]]},"symbol":{"type":"CIMPolygonSymbol","symbolLayers":[{"type":"CIMSolidStroke","enable":true,"primitiveName":"frame_outline","capStyle":"Butt","joinStyle":"Miter","lineStyle3D":"Strip","miterLimit":10,"width":1,"color":[0,0,0,255]}]}}],"scaleSymbolsProportionally":true,"respectFrame":true}],"haloSize":1,"scaleX":1,"angleAlignment":"Display"}