{"type":"CIMPointSymbol","symbolLayers":[{"type":"CIMVectorMarker","enable":true,"anchorPointUnits":"Relative","dominantSizeAxis3D":"Z","size":64,"billboardMode3D":"FaceNearPlane","frame":{"xmin":0,"ymin":0,"xmax":612,"ymax":792},"markerGraphics":[{"type":"CIMMarkerGraphic","geometry":{"rings":[[[221,310],[222,288],[227,268],[234,251],[244,235],[257,223],[272,213],[289,207],[306,205],[323,207],[340,213],[355,223],[368,235],[378,251],[385,268],[390,288],[391,310],[410,311],[428,317],[444,326],[458,338],[469,353],[478,371],[483,391],[485,412],[483,433],[478,453],[469,471],[458,487],[444,499],[428,508],[410,513],[391,515],[221,515],[202,513],[184,508],[168,499],[154,487],[143,471],[134,453],[129,433],[127,412],[129,391],[134,371],[143,353],[154,338],[168,326],[184,317],[202,311],[221,310]]]},"symbol":{"type":"CIMPolygonSymbol","symbolLayers":[{"type":"CIMSolidFill","enable":true,"primitiveName":"frame_fill","color":[255,255,128,255]}]}},{"type":"CIMMarkerGraphic","geometry":{"paths":[[[221.0,514.63],[217.82,514.58],[214.68,514.45],[211.58,514.22],[208.52,513.91]]]},"symbol":{"type":"CIMPolygonSymbol","symbolLayers":[{"type":"CIMSolidStroke","enable":true,"primitiveName":"frame_outline","capStyle":"Butt","joinStyle":"Miter","lineStyle3D":"Strip","miterLimit":10,"width":5,"color":[0,0,0,255]}]}},{"type":"CIMMarkerGraphic","geometry":{"paths":[[[194.2,511.1],[179.5,505.6],[166.2,497.5],[154.6,487.1],[144.7,474.3],[136.8,459.5],[131.2,443.2],[128.0,425.6],[127.3,407.6],[129.2,389.9],[133.6,373.0],[140.3,357.4],[149.2,343.6],[159.8,332.0],[172.2,322.7],[186.1,315.8],[201.3,311.4]]]},"symbol":{"type":"CIMPolygonSymbol","symbolLayers":[{"type":"CIMSolidStroke","effects":[{"type":"CIMGeometricEffectDashes","dashTemplate":[24.267000198364258,14.560199737548828],"lineDashEnding":"NoConstraint","controlPointEnding":"NoConstraint"}],"enable":true,"primitiveName":"frame_outline","capStyle":"Butt","joinStyle":"Miter","lineStyle3D":"Strip","miterLimit":10,"width":5,"color":[0,0,0,255]}]}},{"type":"CIMMarkerGraphic","geometry":{"paths":[[[208.52,310.34],[211.58,310.03],[214.68,309.8],[217.82,309.67],[221.0,309.62],[221.12,303.31],[221.48,297.13]]]},"symbol":{"type":"CIMPolygonSymbol","symbolLayers":[{"type":"CIMSolidStroke","enable":true,"primitiveName":"frame_outline","capStyle":"Butt","joinStyle":"Miter","lineStyle3D":"Strip","miterLimit":10,"width":5,"color":[0,0,0,255]}]}},{"type":"CIMMarkerGraphic","geometry":{"paths":[[[223.2,283.2],[227.5,266.3],[234.0,250.9],[242.6,237.4],[253.1,225.9],[265.5,216.7],[279.2,210.1],[294.0,206.3],[309.2,205.4],[324.3,207.5],[338.6,212.5],[351.8,220.2],[363.4,230.3],[373.1,242.6],[380.8,256.8],[386.4,272.7],[389.8,290.2]]]},"symbol":{"type":"CIMPolygonSymbol","symbolLayers":[{"type":"CIMSolidStroke","effects":[{"type":"CIMGeometricEffectDashes","dashTemplate":[23.368200302124023,14.020899772644043],"lineDashEnding":"NoConstraint","controlPointEnding":"NoConstraint"}],"enable":true,"primitiveName":"frame_outline","capStyle":"Butt","joinStyle":"Miter","lineStyle3D":"Strip","miterLimit":10,"width":5,"color":[0,0,0,255]}]}},{"type":"CIMMarkerGraphic","geometry":{"paths":[[[390.52,297.13],[390.88,303.31],[391.0,309.62],[394.18,309.67],[397.32,309.8],[400.42,310.03],[403.48,310.34]]]},"symbol":{"type":"CIMPolygonSymbol","symbolLayers":[{"type":"CIMSolidStroke","enable":true,"primitiveName":"frame_outline","capStyle":"Butt","joinStyle":"Miter","lineStyle3D":"Strip","miterLimit":10,"width":5,"color":[0,0,0,255]}]}},{"type":"CIMMarkerGraphic","geometry":{"paths":[[[417.8,313.1],[432.5,318.7],[445.8,326.7],[457.4,337.2],[467.3,349.9],[475.2,364.7],[480.8,381.1],[484.0,398.6],[484.7,416.6],[482.8,434.3],[478.4,451.3],[471.7,466.9],[462.8,480.7],[452.2,492.3],[439.8,501.6],[425.9,508.5],[410.7,512.8]]]},"symbol":{"type":"CIMPolygonSymbol","symbolLayers":[{"type":"CIMSolidStroke","effects":[{"type":"CIMGeometricEffectDashes","dashTemplate":[24.267000198364258,14.560199737548828],"lineDashEnding":"NoConstraint","controlPointEnding":"NoConstraint"}],"enable":true,"primitiveName":"frame_outline","capStyle":"Butt","joinStyle":"Miter","lineStyle3D":"Strip","miterLimit":10,"width":5,"color":[0,0,0,255]}]}},{"type":"CIMMarkerGraphic","geometry":{"paths":[[[403.48,513.91],[400.42,514.22],[397.32,514.45],[394.18,514.58],[391.0,514.62]]]},"symbol":{"type":"CIMPolygonSymbol","symbolLayers":[{"type":"CIMSolidStroke","enable":true,"primitiveName":"frame_outline","capStyle":"Butt","joinStyle":"Miter","lineStyle3D":"Strip","miterLimit":10,"width":5,"color":[0,0,0,255]}]}}],"scaleSymbolsProportionally":true,"respectFrame":true}],"haloSize":1,"scaleX":1,"angleAlignment":"Display"}