{"type":"CIMPointSymbol","symbolLayers":[{"type":"CIMVectorMarker","enable":true,"anchorPointUnits":"Relative","dominantSizeAxis3D":"Z","size":64,"billboardMode3D":"FaceNearPlane","frame":{"xmin":0,"ymin":0,"xmax":612,"ymax":792},"markerGraphics":[{"type":"CIMMarkerGraphic","geometry":{"rings":[[[221,312],[222,294],[227,278],[234,263],[244,250],[257,240],[272,232],[289,227],[306,226],[323,227],[340,232],[355,240],[368,250],[378,263],[385,278],[390,294],[391,312],[409,313],[425,318],[440,325],[453,335],[463,348],[471,363],[476,380],[477,397],[476,414],[471,431],[463,446],[453,459],[440,469],[425,476],[409,481],[391,482],[390,500],[385,516],[378,531],[368,544],[355,554],[340,562],[323,567],[306,568],[289,567],[272,562],[257,554],[244,544],[234,531],[227,516],[222,500],[221,482],[203,481],[187,476],[172,469],[159,459],[149,446],[141,431],[136,414],[135,397],[136,380],[141,363],[149,348],[159,335],[172,325],[187,318],[203,313],[221,312]]]},"symbol":{"type":"CIMPolygonSymbol","symbolLayers":[{"type":"CIMSolidFill","enable":true,"primitiveName":"frame_fill","color":[255,255,128,255]}]}},{"type":"CIMMarkerGraphic","geometry":{"paths":[[[208.52,312.7],[211.58,312.39],[214.68,312.18],[217.82,312.04],[221.0,312.0],[221.04,308.82],[221.18,305.68],[221.39,302.58],[221.7,299.52]]]},"symbol":{"type":"CIMPolygonSymbol","symbolLayers":[{"type":"CIMSolidStroke","enable":true,"primitiveName":"frame_outline","capStyle":"Butt","joinStyle":"Miter","lineStyle3D":"Strip","miterLimit":10,"width":5,"color":[0,0,0,255]}]}},{"type":"CIMMarkerGraphic","geometry":{"paths":[[[224.4,285.3],[229.3,272.1],[236.1,260.3],[244.9,249.9],[255.4,241.1],[267.6,234.1],[281.0,229.1],[295.4,226.4],[310.0,225.8],[324.5,227.6],[338.3,231.6],[351.1,237.6],[362.4,245.5],[372.0,255.1],[379.7,266.2],[385.5,278.7],[389.2,292.4]]]},"symbol":{"type":"CIMPolygonSymbol","symbolLayers":[{"type":"CIMSolidStroke","effects":[{"type":"CIMGeometricEffectDashes","dashTemplate":[24.170200347900391,14.502099990844727],"lineDashEnding":"NoConstraint","controlPointEnding":"NoConstraint"}],"enable":true,"primitiveName":"frame_outline","capStyle":"Butt","joinStyle":"Miter","lineStyle3D":"Strip","miterLimit":10,"width":5,"color":[0,0,0,255]}]}},{"type":"CIMMarkerGraphic","geometry":{"paths":[[[390.3,299.52],[390.61,302.58],[390.82,305.68],[390.96,308.82],[391.0,312.0],[394.18,312.04],[397.32,312.18],[400.42,312.39],[403.48,312.7]]]},"symbol":{"type":"CIMPolygonSymbol","symbolLayers":[{"type":"CIMSolidStroke","enable":true,"primitiveName":"frame_outline","capStyle":"Butt","joinStyle":"Miter","lineStyle3D":"Strip","miterLimit":10,"width":5,"color":[0,0,0,255]}]}},{"type":"CIMMarkerGraphic","geometry":{"paths":[[[417.7,315.4],[430.9,320.3],[442.7,327.1],[453.1,335.9],[461.9,346.4],[468.9,358.6],[473.9,372.0],[476.6,386.4],[477.2,401.0],[475.4,415.5],[471.4,429.3],[465.4,442.1],[457.5,453.4],[447.9,463.0],[436.8,470.7],[424.3,476.5],[410.6,480.2]]]},"symbol":{"type":"CIMPolygonSymbol","symbolLayers":[{"type":"CIMSolidStroke","effects":[{"type":"CIMGeometricEffectDashes","dashTemplate":[24.170200347900391,14.502099990844727],"lineDashEnding":"NoConstraint","controlPointEnding":"NoConstraint"}],"enable":true,"primitiveName":"frame_outline","capStyle":"Butt","joinStyle":"Miter","lineStyle3D":"Strip","miterLimit":10,"width":5,"color":[0,0,0,255]}]}},{"type":"CIMMarkerGraphic","geometry":{"paths":[[[403.48,481.3],[400.42,481.61],[397.32,481.82],[394.18,481.96],[391.0,482.0],[390.96,485.18],[390.82,488.32],[390.61,491.42],[390.3,494.48]]]},"symbol":{"type":"CIMPolygonSymbol","symbolLayers":[{"type":"CIMSolidStroke","enable":true,"primitiveName":"frame_outline","capStyle":"Butt","joinStyle":"Miter","lineStyle3D":"Strip","miterLimit":10,"width":5,"color":[0,0,0,255]}]}},{"type":"CIMMarkerGraphic","geometry":{"paths":[[[387.6,508.7],[382.7,521.9],[375.9,533.7],[367.1,544.1],[356.6,552.9],[344.4,559.9],[331.0,564.9],[316.6,567.6],[302.0,568.2],[287.5,566.4],[273.7,562.4],[260.9,556.4],[249.6,548.5],[240.0,538.9],[232.3,527.8],[226.5,515.3],[222.8,501.6]]]},"symbol":{"type":"CIMPolygonSymbol","symbolLayers":[{"type":"CIMSolidStroke","effects":[{"type":"CIMGeometricEffectDashes","dashTemplate":[24.170200347900391,14.502099990844727],"lineDashEnding":"NoConstraint","controlPointEnding":"NoConstraint"}],"enable":true,"primitiveName":"frame_outline","capStyle":"Butt","joinStyle":"Miter","lineStyle3D":"Strip","miterLimit":10,"width":5,"color":[0,0,0,255]}]}},{"type":"CIMMarkerGraphic","geometry":{"paths":[[[221.7,494.48],[221.39,491.42],[221.18,488.32],[221.04,485.18],[221.0,482.0],[217.82,481.96],[214.68,481.82],[211.58,481.61],[208.52,481.3]]]},"symbol":{"type":"CIMPolygonSymbol","symbolLayers":[{"type":"CIMSolidStroke","enable":true,"primitiveName":"frame_outline","capStyle":"Butt","joinStyle":"Miter","lineStyle3D":"Strip","miterLimit":10,"width":5,"color":[0,0,0,255]}]}},{"type":"CIMMarkerGraphic","geometry":{"paths":[[[194.3,478.6],[181.1,473.7],[169.3,466.9],[158.9,458.1],[150.1,447.6],[143.1,435.4],[138.1,422.0],[135.4,407.6],[134.8,393.0],[136.6,378.5],[140.6,364.7],[146.6,351.9],[154.5,340.6],[164.1,331.0],[175.2,323.3],[187.7,317.5],[201.4,313.8]]]},"symbol":{"type":"CIMPolygonSymbol","symbolLayers":[{"type":"CIMSolidStroke","effects":[{"type":"CIMGeometricEffectDashes","dashTemplate":[24.170200347900391,14.502099990844727],"lineDashEnding":"NoConstraint","controlPointEnding":"NoConstraint"}],"enable":true,"primitiveName":"frame_outline","capStyle":"Butt","joinStyle":"Miter","lineStyle3D":"Strip","miterLimit":10,"width":5,"color":[0,0,0,255]}]}},{"type":"CIMMarkerGraphic","geometry":{"rings":[[[295.5,545.5],[316.5,545.5],[316.5,566.5],[295.5,566.5],[295.5,545.5]]]},"symbol":{"type":"CIMPolygonSymbol","symbolLayers":[{"type":"CIMSolidFill","enable":true,"primitiveName":"frame_outline","color":[0,0,0,255]}]}},{"type":"CIMMarkerGraphic","geometry":{"rings":[[[455.0,386.5],[476.0,386.5],[476.0,407.5],[455.0,407.5],[455.0,386.5]]]},"symbol":{"type":"CIMPolygonSymbol","symbolLayers":[{"type":"CIMSolidFill","enable":true,"primitiveName":"frame_outline","color":[0,0,0,255]}]}},{"type":"CIMMarkerGraphic","geometry":{"rings":[[[295.5,227.0],[316.5,227.0],[316.5,248.0],[295.5,248.0],[295.5,227.0]]]},"symbol":{"type":"CIMPolygonSymbol","symbolLayers":[{"type":"CIMSolidFill","enable":true,"primitiveName":"frame_outline","color":[0,0,0,255]}]}},{"type":"CIMMarkerGraphic","geometry":{"rings":[[[136.0,386.5],[157.0,386.5],[157.0,407.5],[136.0,407.5],[136.0,386.5]]]},"symbol":{"type":"CIMPolygonSymbol","symbolLayers":[{"type":"CIMSolidFill","enable":true,"primitiveName":"frame_outline","color":[0,0,0,255]}]}}],"scaleSymbolsProportionally":true,"respectFrame":true}],"haloSize":1,"scaleX":1,"angleAlignment":"Display"}