{"type":"CIMPointSymbol","symbolLayers":[{"type":"CIMVectorMarker","enable":true,"anchorPointUnits":"Relative","dominantSizeAxis3D":"Z","size":64,"billboardMode3D":"FaceNearPlane","frame":{"xmin":0,"ymin":0,"xmax":612,"ymax":792},"markerGraphics":[{"type":"CIMMarkerGraphic","geometry":{"rings":[[[306.0,252.0],[328.5,253.7],[350.5,259.0],[371.4,267.7],[390.6,279.5],[407.8,294.1],[422.5,311.3],[434.3,330.6],[443.0,351.5],[448.2,373.4],[450.0,396.0],[448.2,418.5],[443.0,440.5],[434.3,461.3],[422.5,480.6],[407.8,497.8],[390.6,512.5],[371.4,524.3],[350.5,532.9],[328.5,538.2],[306.0,540.0],[283.5,538.2],[261.5,532.9],[240.6,524.3],[221.4,512.5],[204.2,497.8],[189.5,480.6],[177.7,461.3],[169.0,440.5],[163.8,418.5],[162.0,396.0],[163.8,373.4],[169.0,351.5],[177.7,330.6],[189.5,311.3],[204.2,294.1],[221.4,279.5],[240.6,267.7],[261.5,259.0],[283.5,253.7],[306.0,252.0]]]},"symbol":{"type":"CIMPolygonSymbol","symbolLayers":[{"type":"CIMSolidFill","enable":true,"primitiveName":"frame_fill","color":[128,224,255,255]}]}},{"type":"CIMMarkerGraphic","geometry":{"rings":[[[306.0,252.0],[328.5,253.7],[350.5,259.0],[371.4,267.7],[390.6,279.5],[407.8,294.1],[422.5,311.3],[434.3,330.6],[443.0,351.5],[448.2,373.4],[450.0,396.0],[448.2,418.5],[443.0,440.5],[434.3,461.3],[422.5,480.6],[407.8,497.8],[390.6,512.5],[371.4,524.3],[350.5,532.9],[328.5,538.2],[306.0,540.0],[283.5,538.2],[261.5,532.9],[240.6,524.3],[221.4,512.5],[204.2,497.8],[189.5,480.6],[177.7,461.3],[169.0,440.5],[163.8,418.5],[162.0,396.0],[163.8,373.4],[169.0,351.5],[177.7,330.6],[189.5,311.3],[204.2,294.1],[221.4,279.5],[240.6,267.7],[261.5,259.0],[283.5,253.7],[306.0,252.0]]]},"symbol":{"type":"CIMPolygonSymbol","symbolLayers":[{"type":"CIMSolidStroke","effects":[{"type":"CIMGeometricEffectDashes","dashTemplate":[5,5],"lineDashEnding":"NoConstraint","controlPointEnding":"NoConstraint"}],"enable":true,"primitiveName":"frame_outline","capStyle":"Butt","joinStyle":"Miter","lineStyle3D":"Strip","miterLimit":10,"width":5,"color":[0,0,0,255]}]}},{"type":"CIMMarkerGraphic","geometry":{"x":226.662094116210938,"y":296.146453857421875},"symbol":{"type":"CIMTextSymbol","blockProgression":"TTB","depth3D":1,"extrapolateBaselines":true,"fontEffects":"Normal","fontEncoding":"Unicode","fontFamilyName":"Arial","fontType":"Unspecified","haloSize":1,"height":288,"hinting":"Default","horizontalAlignment":"Left","kerning":true,"letterWidth":100,"ligatures":true,"lineGapType":"ExtraLeading","symbol":{"type":"CIMPolygonSymbol","symbolLayers":[{"type":"CIMSolidFill","enable":true,"color":[0,0,0,255]}]},"textCase":"Normal","textDirection":"LTR","verticalAlignment":"Baseline","verticalGlyphOrientation":"Right","wordSpacing":100,"billboardMode3D":"FaceNearPlane"},"textString":"?"}],"scaleSymbolsProportionally":true,"respectFrame":true}],"haloSize":1,"scaleX":1,"angleAlignment":"Display"}