{"type":"CIMPointSymbol","symbolLayers":[{"type":"CIMVectorMarker","enable":true,"anchorPointUnits":"Relative","dominantSizeAxis3D":"Z","size":64,"billboardMode3D":"FaceNearPlane","frame":{"xmin":0,"ymin":0,"xmax":612,"ymax":792},"markerGraphics":[{"type":"CIMMarkerGraphic","geometry":{"rings":[[[437,274],[435,336],[427,395],[415,450],[399,498],[379,537],[368,553],[357,566],[345,577],[332,584],[320,589],[307,590],[294,589],[281,584],[269,577],[257,566],[246,553],[235,537],[215,498],[198,450],[186,395],[179,336],[177,274],[437,274]]]},"symbol":{"type":"CIMPolygonSymbol","symbolLayers":[{"type":"CIMSolidFill","enable":true,"primitiveName":"frame_fill","color":[128,224,255,255]}]}},{"type":"CIMMarkerGraphic","geometry":{"paths":[[[177,274],[179,336],[186,395],[198,450],[215,498],[235,537],[246,553],[257,566],[269,577],[281,584],[294,589],[307,590],[320,589],[332,584],[345,577],[357,566],[368,553],[379,537],[399,498],[415,450],[427,395],[435,336],[437,274]]]},"symbol":{"type":"CIMPolygonSymbol","symbolLayers":[{"type":"CIMSolidStroke","effects":[{"type":"CIMGeometricEffectDashes","dashTemplate":[5.1812000274658203,5.1812000274658203],"lineDashEnding":"NoConstraint","controlPointEnding":"NoConstraint"}],"enable":true,"primitiveName":"frame_outline","capStyle":"Butt","joinStyle":"Miter","lineStyle3D":"Strip","miterLimit":10,"width":5,"color":[0,0,0,255]}]}},{"type":"CIMMarkerGraphic","geometry":{"rings":[[[375.2,539.6],[369.2,550.4],[362.2,560.0],[354.5,568.4],[346.0,575.4],[336.8,581.0],[327.2,585.1],[317.1,587.5],[306.9,588.4],[296.8,587.5],[286.7,585.1],[277.1,581.0],[267.9,575.4],[259.4,568.4],[251.7,560.0],[244.7,550.4],[238.7,539.6],[375.2,539.6]]]},"symbol":{"type":"CIMPolygonSymbol","symbolLayers":[{"type":"CIMSolidFill","enable":true,"primitiveName":"frame_outline","color":[0,0,0,255]}]}},{"type":"CIMMarkerGraphic","geometry":{"paths":[[[238.7,539.6],[244.7,550.4],[251.7,560.0],[259.4,568.4],[267.9,575.4],[277.1,581.0],[286.7,585.1],[296.8,587.5],[306.9,588.4],[317.1,587.5],[327.2,585.1],[336.8,581.0],[346.0,575.4],[354.5,568.4],[362.2,560.0],[369.2,550.4],[375.2,539.6]]]},"symbol":{"type":"CIMPolygonSymbol","symbolLayers":[{"type":"CIMSolidStroke","enable":true,"primitiveName":"frame_outline","capStyle":"Butt","joinStyle":"Miter","lineStyle3D":"Strip","miterLimit":10,"width":1,"color":[0,0,0,255]}]}}],"scaleSymbolsProportionally":true,"respectFrame":true}],"haloSize":1,"scaleX":1,"angleAlignment":"Display"}