{"type":"CIMPointSymbol","symbolLayers":[{"type":"CIMVectorMarker","enable":true,"anchorPointUnits":"Relative","dominantSizeAxis3D":"Z","size":64,"billboardMode3D":"FaceNearPlane","frame":{"xmin":0,"ymin":0,"xmax":612,"ymax":792},"markerGraphics":[{"type":"CIMMarkerGraphic","geometry":{"rings":[[[436,275],[434,337],[426,396],[414,451],[398,499],[378,538],[367,554],[356,567],[344,578],[331,585],[319,590],[306,591],[293,590],[280,585],[268,578],[256,567],[245,554],[234,538],[214,499],[197,451],[185,396],[178,337],[176,275],[436,275]]]},"symbol":{"type":"CIMPolygonSymbol","symbolLayers":[{"type":"CIMSolidFill","enable":true,"primitiveName":"frame_fill","color":[128,224,255,255]}]}},{"type":"CIMMarkerGraphic","geometry":{"paths":[[[176,275],[178,337],[185,396],[197,451],[214,499],[234,538],[245,554],[256,567],[268,578],[280,585],[293,590],[306,591],[319,590],[331,585],[344,578],[356,567],[367,554],[378,538],[398,499],[414,451],[426,396],[434,337],[436,275]]]},"symbol":{"type":"CIMPolygonSymbol","symbolLayers":[{"type":"CIMSolidStroke","effects":[{"type":"CIMGeometricEffectDashes","dashTemplate":[5.1812000274658203,5.1812000274658203],"lineDashEnding":"NoConstraint","controlPointEnding":"NoConstraint"}],"enable":true,"primitiveName":"frame_outline","capStyle":"Butt","joinStyle":"Miter","lineStyle3D":"Strip","miterLimit":10,"width":5,"color":[0,0,0,255]}]}}],"scaleSymbolsProportionally":true,"respectFrame":true}],"haloSize":1,"scaleX":1,"angleAlignment":"Display"}