{"type":"CIMPointSymbol","symbolLayers":[{"type":"CIMVectorMarker","enable":true,"anchorPointUnits":"Relative","dominantSizeAxis3D":"Z","size":64,"billboardMode3D":"FaceNearPlane","frame":{"xmin":0,"ymin":0,"xmax":612,"ymax":792},"markerGraphics":[{"type":"CIMMarkerGraphic","geometry":{"rings":[[[307,202],[320,204],[332,208],[345,216],[357,226],[368,240],[379,255],[399,295],[415,343],[427,397],[435,456],[437,518],[177,518],[179,456],[186,397],[198,343],[215,295],[235,255],[246,240],[257,226],[269,216],[281,208],[294,204],[307,202]]]},"symbol":{"type":"CIMPolygonSymbol","symbolLayers":[{"type":"CIMSolidFill","enable":true,"primitiveName":"frame_fill","color":[128,224,255,255]}]}},{"type":"CIMMarkerGraphic","geometry":{"paths":[[[437,518],[435,456],[427,397],[415,343],[399,295],[379,255],[368,240],[357,226],[345,216],[332,208],[320,204],[307,202],[294,204],[281,208],[269,216],[257,226],[246,240],[235,255],[215,295],[198,343],[186,397],[179,456],[177,518]]]},"symbol":{"type":"CIMPolygonSymbol","symbolLayers":[{"type":"CIMSolidStroke","effects":[{"type":"CIMGeometricEffectDashes","dashTemplate":[5.1812000274658203,5.1812000274658203],"lineDashEnding":"NoConstraint","controlPointEnding":"NoConstraint"}],"enable":true,"primitiveName":"frame_outline","capStyle":"Butt","joinStyle":"Miter","lineStyle3D":"Strip","miterLimit":10,"width":5,"color":[0,0,0,255]}]}}],"scaleSymbolsProportionally":true,"respectFrame":true}],"haloSize":1,"scaleX":1,"angleAlignment":"Display"}