{"type":"CIMPointSymbol","symbolLayers":[{"type":"CIMVectorMarker","enable":true,"anchorPointUnits":"Relative","dominantSizeAxis3D":"Z","size":64,"billboardMode3D":"FaceNearPlane","frame":{"xmin":0,"ymin":0,"xmax":612,"ymax":792},"markerGraphics":[{"type":"CIMMarkerGraphic","geometry":{"rings":[[[436,275],[434,337],[426,396],[414,451],[398,499],[378,538],[367,554],[356,567],[344,578],[331,585],[319,590],[306,591],[293,590],[280,585],[268,578],[256,567],[245,554],[234,538],[214,499],[197,451],[185,396],[178,337],[176,275],[436,275]]]},"symbol":{"type":"CIMPolygonSymbol","symbolLayers":[{"type":"CIMSolidFill","enable":true,"primitiveName":"frame_fill","color":[128,224,255,255]}]}},{"type":"CIMMarkerGraphic","geometry":{"paths":[[[176,275],[178,337],[185,396],[197,451],[214,499],[234,538],[245,554],[256,567],[268,578],[280,585],[293,590],[306,591],[319,590],[331,585],[344,578],[356,567],[367,554],[378,538],[398,499],[414,451],[426,396],[434,337],[436,275]]]},"symbol":{"type":"CIMPolygonSymbol","symbolLayers":[{"type":"CIMSolidStroke","enable":true,"primitiveName":"frame_outline","capStyle":"Butt","joinStyle":"Miter","lineStyle3D":"Strip","miterLimit":10,"width":5,"color":[0,0,0,255]}]}},{"type":"CIMMarkerGraphic","geometry":{"rings":[[[374.2,540.6],[368.2,551.4],[361.2,561.0],[353.5,569.4],[345.0,576.4],[335.8,582.0],[326.2,586.1],[316.1,588.5],[305.9,589.4],[295.8,588.5],[285.7,586.1],[276.1,582.0],[266.9,576.4],[258.4,569.4],[250.7,561.0],[243.7,551.4],[237.7,540.6],[374.2,540.6]]]},"symbol":{"type":"CIMPolygonSymbol","symbolLayers":[{"type":"CIMSolidFill","enable":true,"primitiveName":"frame_outline","color":[0,0,0,255]}]}},{"type":"CIMMarkerGraphic","geometry":{"paths":[[[237.7,540.6],[243.7,551.4],[250.7,561.0],[258.4,569.4],[266.9,576.4],[276.1,582.0],[285.7,586.1],[295.8,588.5],[305.9,589.4],[316.1,588.5],[326.2,586.1],[335.8,582.0],[345.0,576.4],[353.5,569.4],[361.2,561.0],[368.2,551.4],[374.2,540.6]]]},"symbol":{"type":"CIMPolygonSymbol","symbolLayers":[{"type":"CIMSolidStroke","enable":true,"primitiveName":"frame_outline","capStyle":"Butt","joinStyle":"Miter","lineStyle3D":"Strip","miterLimit":10,"width":1,"color":[0,0,0,255]}]}}],"scaleSymbolsProportionally":true,"respectFrame":true}],"haloSize":1,"scaleX":1,"angleAlignment":"Display"}