{"type":"CIMPointSymbol","symbolLayers":[{"type":"CIMVectorMarker","enable":true,"anchorPointUnits":"Relative","dominantSizeAxis3D":"Z","size":64,"billboardMode3D":"FaceNearPlane","frame":{"xmin":0,"ymin":0,"xmax":612,"ymax":792},"markerGraphics":[{"type":"CIMMarkerGraphic","geometry":{"paths":[[[234.0,309.5],[378.0,309.5]]]},"symbol":{"type":"CIMPolygonSymbol","symbolLayers":[{"type":"CIMSolidStroke","enable":true,"primitiveName":"icon_element","capStyle":"Butt","joinStyle":"Miter","lineStyle3D":"Strip","miterLimit":10,"width":5,"color":[0,0,0,255]}]}},{"type":"CIMMarkerGraphic","geometry":{"paths":[[[236.0,339.5],[233.67,339.24],[231.53,338.46],[229.62,337.17],[227.97,335.39],[226.61,333.14],[225.59,330.5],[224.96,327.58],[224.75,324.5],[224.96,321.42],[225.59,318.5],[226.61,315.86],[227.97,313.61],[229.62,311.83],[231.53,310.54],[233.67,309.76],[236.0,309.5]]]},"symbol":{"type":"CIMPolygonSymbol","symbolLayers":[{"type":"CIMSolidStroke","enable":true,"primitiveName":"icon_element","capStyle":"Butt","joinStyle":"Miter","lineStyle3D":"Strip","miterLimit":10,"width":5,"color":[0,0,0,255]}]}},{"type":"CIMMarkerGraphic","geometry":{"paths":[[[376.0,339.5],[378.33,339.24],[380.47,338.46],[382.38,337.17],[384.03,335.39],[385.39,333.14],[386.41,330.5],[387.04,327.58],[387.25,324.5],[387.04,321.42],[386.41,318.5],[385.39,315.86],[384.03,313.61],[382.38,311.83],[380.47,310.54],[378.33,309.76],[376.0,309.5]]]},"symbol":{"type":"CIMPolygonSymbol","symbolLayers":[{"type":"CIMSolidStroke","enable":true,"primitiveName":"icon_element","capStyle":"Butt","joinStyle":"Miter","lineStyle3D":"Strip","miterLimit":10,"width":5,"color":[0,0,0,255]}]}}],"scaleSymbolsProportionally":true,"respectFrame":true}],"haloSize":1,"scaleX":1,"angleAlignment":"Display"}