{"type":"CIMPointSymbol","symbolLayers":[{"type":"CIMVectorMarker","enable":true,"anchorPointUnits":"Relative","dominantSizeAxis3D":"Z","size":64,"billboardMode3D":"FaceNearPlane","frame":{"xmin":0,"ymin":0,"xmax":612,"ymax":792},"markerGraphics":[{"type":"CIMMarkerGraphic","geometry":{"paths":[[[305.0,438.3],[305.0,382.5]]]},"symbol":{"type":"CIMPolygonSymbol","symbolLayers":[{"type":"CIMSolidStroke","enable":true,"primitiveName":"icon_element","capStyle":"Butt","joinStyle":"Miter","lineStyle3D":"Strip","miterLimit":10,"width":5,"color":[0,0,0,255]}]}},{"type":"CIMMarkerGraphic","geometry":{"rings":[[[305.0,350.3],[308.0,350.6],[311.0,351.5],[313.7,352.9],[316.0,354.9],[318.0,357.2],[319.4,359.9],[320.3,362.9],[320.6,365.9],[320.3,368.9],[319.4,371.9],[318.0,374.5],[316.0,376.9],[313.7,378.8],[311.0,380.3],[308.0,381.2],[305.0,381.5],[302.0,381.2],[299.0,380.3],[296.3,378.8],[294.0,376.9],[292.0,374.5],[290.6,371.9],[289.7,368.9],[289.4,365.9],[289.7,362.9],[290.6,359.9],[292.0,357.2],[294.0,354.9],[296.3,352.9],[299.0,351.5],[302.0,350.6],[305.0,350.3]]]},"symbol":{"type":"CIMPolygonSymbol","symbolLayers":[{"type":"CIMSolidStroke","enable":true,"primitiveName":"icon_element","capStyle":"Round","joinStyle":"Miter","lineStyle3D":"Strip","miterLimit":10,"width":5,"color":[0,0,0,255]}]}},{"type":"CIMMarkerGraphic","geometry":{"paths":[[[272.5,426.0],[281.3,438.5],[292.3,424.1],[304.2,438.5],[317.1,424.1],[329.0,438.5],[339.5,424.2]]]},"symbol":{"type":"CIMPolygonSymbol","symbolLayers":[{"type":"CIMSolidStroke","enable":true,"primitiveName":"icon_element","capStyle":"Butt","joinStyle":"Miter","lineStyle3D":"Strip","miterLimit":10,"width":5,"color":[0,0,0,255]}]}}],"scaleSymbolsProportionally":true,"respectFrame":true}],"haloSize":1,"scaleX":1,"angleAlignment":"Display"}