{"type":"CIMPointSymbol","symbolLayers":[{"type":"CIMVectorMarker","enable":true,"anchorPointUnits":"Relative","dominantSizeAxis3D":"Z","size":64,"billboardMode3D":"FaceNearPlane","frame":{"xmin":0,"ymin":0,"xmax":612,"ymax":792},"markerGraphics":[{"type":"CIMMarkerGraphic","geometry":{"rings":[[[337.4,424.0],[309.5,396.1],[246.8,396.1],[246.8,340.4],[309.5,340.4],[337.4,312.5],[337.4,424.0]]]},"symbol":{"type":"CIMPolygonSymbol","symbolLayers":[{"type":"CIMSolidFill","enable":true,"primitiveName":"icon_element","color":[255,255,255,255]}]}},{"type":"CIMMarkerGraphic","geometry":{"paths":[[[246.8,396.1],[246.8,340.4],[309.5,340.4],[337.4,312.5],[337.4,424.0],[309.5,396.1],[246.8,396.1],[246.8,340.4]]]},"symbol":{"type":"CIMPolygonSymbol","symbolLayers":[{"type":"CIMSolidStroke","enable":true,"colorLocked":true,"capStyle":"Butt","joinStyle":"Miter","lineStyle3D":"Strip","miterLimit":10,"width":5,"color":[0,0,0,255]}]}},{"type":"CIMMarkerGraphic","geometry":{"paths":[[[337.37,356.41],[365.25,356.41]]]},"symbol":{"type":"CIMPolygonSymbol","symbolLayers":[{"type":"CIMSolidStroke","enable":true,"colorLocked":true,"capStyle":"Butt","joinStyle":"Miter","lineStyle3D":"Strip","miterLimit":10,"width":5,"color":[0,0,0,255]}]}},{"type":"CIMMarkerGraphic","geometry":{"paths":[[[337.37,380.11],[365.25,380.11]]]},"symbol":{"type":"CIMPolygonSymbol","symbolLayers":[{"type":"CIMSolidStroke","enable":true,"colorLocked":true,"capStyle":"Butt","joinStyle":"Miter","lineStyle3D":"Strip","miterLimit":10,"width":5,"color":[0,0,0,255]}]}},{"type":"CIMMarkerGraphic","geometry":{"paths":[[[337.37,403.11],[365.25,403.11]]]},"symbol":{"type":"CIMPolygonSymbol","symbolLayers":[{"type":"CIMSolidStroke","enable":true,"colorLocked":true,"capStyle":"Butt","joinStyle":"Miter","lineStyle3D":"Strip","miterLimit":10,"width":5,"color":[0,0,0,255]}]}},{"type":"CIMMarkerGraphic","geometry":{"paths":[[[337.37,333.41],[365.25,333.41]]]},"symbol":{"type":"CIMPolygonSymbol","symbolLayers":[{"type":"CIMSolidStroke","enable":true,"colorLocked":true,"capStyle":"Butt","joinStyle":"Miter","lineStyle3D":"Strip","miterLimit":10,"width":5,"color":[0,0,0,255]}]}},{"type":"CIMMarkerGraphic","geometry":{"rings":[[[364.9,437.7],[369.3,438.1],[373.5,439.3],[377.4,441.2],[380.8,443.8],[383.6,447.0],[385.7,450.6],[386.9,454.5],[387.4,458.5],[386.9,462.6],[385.7,466.5],[383.6,470.1],[380.8,473.2],[377.4,475.8],[373.5,477.8],[369.3,478.9],[364.9,479.3],[357.3,478.0],[345.7,473.9],[329.9,467.2],[311.9,458.5],[329.9,449.8],[345.7,443.1],[357.3,439.1],[364.9,437.7]]]},"symbol":{"type":"CIMPolygonSymbol","symbolLayers":[{"type":"CIMSolidFill","enable":true,"colorLocked":true,"color":[0,0,0,255]}]}},{"type":"CIMMarkerGraphic","geometry":{"rings":[[[387.4,458.5],[386.9,454.5],[385.7,450.6],[383.6,447.0],[380.8,443.8],[377.4,441.2],[373.5,439.3],[369.3,438.1],[364.9,437.7],[357.3,439.1],[345.7,443.1],[329.9,449.8],[311.9,458.5],[329.9,467.2],[345.7,473.9],[357.3,478.0],[364.9,479.3],[369.3,478.9],[373.5,477.8],[377.4,475.8],[380.8,473.2],[383.6,470.1],[385.7,466.5],[386.9,462.6],[387.4,458.5]]]},"symbol":{"type":"CIMPolygonSymbol","symbolLayers":[{"type":"CIMSolidStroke","enable":true,"colorLocked":true,"capStyle":"Round","joinStyle":"Miter","lineStyle3D":"Strip","miterLimit":10,"width":1,"color":[0,0,0,255]}]}},{"type":"CIMMarkerGraphic","geometry":{"rings":[[[257.5,437.2],[265.2,438.6],[277.1,442.7],[293.0,449.5],[311.3,458.3],[293.0,467.2],[277.1,474.0],[265.2,478.1],[257.5,479.5],[253.0,479.1],[248.8,477.9],[244.8,475.9],[241.3,473.3],[238.5,470.1],[236.4,466.4],[235.1,462.5],[234.7,458.3],[235.1,454.2],[236.4,450.2],[238.5,446.6],[241.3,443.4],[244.8,440.7],[248.8,438.8],[253.0,437.6],[257.5,437.2]]]},"symbol":{"type":"CIMPolygonSymbol","symbolLayers":[{"type":"CIMSolidFill","enable":true,"colorLocked":true,"color":[0,0,0,255]}]}},{"type":"CIMMarkerGraphic","geometry":{"rings":[[[234.7,458.3],[235.1,462.5],[236.4,466.4],[238.5,470.1],[241.3,473.3],[244.8,475.9],[248.8,477.9],[253.0,479.1],[257.5,479.5],[265.2,478.1],[277.1,474.0],[293.0,467.2],[311.3,458.3],[293.0,449.5],[277.1,442.7],[265.2,438.6],[257.5,437.2],[253.0,437.6],[248.8,438.8],[244.8,440.7],[241.3,443.4],[238.5,446.6],[236.4,450.2],[235.1,454.2],[234.7,458.3]]]},"symbol":{"type":"CIMPolygonSymbol","symbolLayers":[{"type":"CIMSolidStroke","enable":true,"colorLocked":true,"capStyle":"Round","joinStyle":"Miter","lineStyle3D":"Strip","miterLimit":10,"width":1,"color":[0,0,0,255]}]}}],"scaleSymbolsProportionally":true,"respectFrame":true}],"haloSize":1,"scaleX":1,"angleAlignment":"Display"}