{"type":"CIMPointSymbol","symbolLayers":[{"type":"CIMVectorMarker","enable":true,"anchorPointUnits":"Relative","dominantSizeAxis3D":"Z","size":64,"billboardMode3D":"FaceNearPlane","frame":{"xmin":0,"ymin":0,"xmax":612,"ymax":792},"markerGraphics":[{"type":"CIMMarkerGraphic","geometry":{"paths":[[[170.07,399.6],[169.97,397.39],[169.7,395.2],[169.24,393.06],[168.6,390.99],[167.78,388.99],[166.8,387.1],[165.66,385.32],[164.38,383.68],[162.97,382.19],[161.43,380.87],[159.8,379.73],[158.08,378.79],[156.29,378.05],[154.45,377.51],[152.57,377.19],[150.66,377.08]]]},"symbol":{"type":"CIMPolygonSymbol","symbolLayers":[{"type":"CIMSolidStroke","enable":true,"primitiveName":"icon_element","capStyle":"Butt","joinStyle":"Miter","lineStyle3D":"Strip","miterLimit":10,"width":5,"color":[0,0,0,255]}]}},{"type":"CIMMarkerGraphic","geometry":{"paths":[[[170.1,398.7],[170.4,403.1],[171.5,407.3],[173.3,411.2],[175.8,414.7],[178.7,417.5],[182.1,419.5],[185.7,420.8],[189.5,421.2],[193.3,420.8],[196.9,419.5],[200.3,417.5],[203.2,414.7],[205.6,411.2],[207.4,407.3],[208.5,403.1],[208.9,398.7]]]},"symbol":{"type":"CIMPolygonSymbol","symbolLayers":[{"type":"CIMSolidStroke","enable":true,"primitiveName":"icon_element","capStyle":"Butt","joinStyle":"Miter","lineStyle3D":"Strip","miterLimit":10,"width":5,"color":[0,0,0,255]}]}},{"type":"CIMMarkerGraphic","geometry":{"paths":[[[247.9,399.6],[247.6,395.2],[246.5,391.0],[244.7,387.1],[242.2,383.7],[239.3,380.9],[235.9,378.8],[232.3,377.5],[228.5,377.1],[224.7,377.5],[221.1,378.8],[217.7,380.9],[214.8,383.7],[212.4,387.1],[210.6,391.0],[209.5,395.2],[209.1,399.6]]]},"symbol":{"type":"CIMPolygonSymbol","symbolLayers":[{"type":"CIMSolidStroke","enable":true,"primitiveName":"icon_element","capStyle":"Butt","joinStyle":"Miter","lineStyle3D":"Strip","miterLimit":10,"width":5,"color":[0,0,0,255]}]}},{"type":"CIMMarkerGraphic","geometry":{"paths":[[[247.9,398.7],[248.3,403.1],[249.4,407.3],[251.2,411.2],[253.6,414.7],[256.6,417.5],[259.9,419.5],[263.5,420.8],[267.3,421.2],[271.1,420.8],[274.8,419.5],[278.1,417.5],[281.1,414.7],[283.5,411.2],[285.3,407.3],[286.4,403.1],[286.7,398.7]]]},"symbol":{"type":"CIMPolygonSymbol","symbolLayers":[{"type":"CIMSolidStroke","enable":true,"primitiveName":"icon_element","capStyle":"Butt","joinStyle":"Miter","lineStyle3D":"Strip","miterLimit":10,"width":5,"color":[0,0,0,255]}]}},{"type":"CIMMarkerGraphic","geometry":{"paths":[[[325.6,399.6],[325.2,395.2],[324.1,391.0],[322.3,387.1],[319.9,383.7],[316.9,380.9],[313.6,378.8],[309.9,377.5],[306.2,377.1],[302.4,377.5],[298.7,378.8],[295.4,380.9],[292.4,383.7],[290.0,387.1],[288.2,391.0],[287.1,395.2],[286.7,399.6]]]},"symbol":{"type":"CIMPolygonSymbol","symbolLayers":[{"type":"CIMSolidStroke","enable":true,"primitiveName":"icon_element","capStyle":"Butt","joinStyle":"Miter","lineStyle3D":"Strip","miterLimit":10,"width":5,"color":[0,0,0,255]}]}},{"type":"CIMMarkerGraphic","geometry":{"paths":[[[325.6,398.7],[325.9,403.1],[327.0,407.3],[328.8,411.2],[331.2,414.7],[334.2,417.5],[337.5,419.5],[341.2,420.8],[345.0,421.2],[348.8,420.8],[352.4,419.5],[355.7,417.5],[358.7,414.7],[361.1,411.2],[362.9,407.3],[364.0,403.1],[364.4,398.7]]]},"symbol":{"type":"CIMPolygonSymbol","symbolLayers":[{"type":"CIMSolidStroke","enable":true,"primitiveName":"icon_element","capStyle":"Butt","joinStyle":"Miter","lineStyle3D":"Strip","miterLimit":10,"width":5,"color":[0,0,0,255]}]}},{"type":"CIMMarkerGraphic","geometry":{"paths":[[[403.2,399.6],[402.8,395.2],[401.7,391.0],[399.9,387.1],[397.5,383.7],[394.6,380.9],[391.2,378.8],[387.6,377.5],[383.8,377.1],[380.0,377.5],[376.4,378.8],[373.0,380.9],[370.1,383.7],[367.6,387.1],[365.8,391.0],[364.7,395.2],[364.4,399.6]]]},"symbol":{"type":"CIMPolygonSymbol","symbolLayers":[{"type":"CIMSolidStroke","enable":true,"primitiveName":"icon_element","capStyle":"Butt","joinStyle":"Miter","lineStyle3D":"Strip","miterLimit":10,"width":5,"color":[0,0,0,255]}]}},{"type":"CIMMarkerGraphic","geometry":{"paths":[[[403.2,398.7],[403.6,403.1],[404.7,407.3],[406.5,411.2],[408.9,414.7],[411.8,417.5],[415.2,419.5],[418.8,420.8],[422.6,421.2],[426.4,420.8],[430.0,419.5],[433.4,417.5],[436.3,414.7],[438.7,411.2],[440.5,407.3],[441.6,403.1],[442.0,398.7]]]},"symbol":{"type":"CIMPolygonSymbol","symbolLayers":[{"type":"CIMSolidStroke","enable":true,"primitiveName":"icon_element","capStyle":"Butt","joinStyle":"Miter","lineStyle3D":"Strip","miterLimit":10,"width":5,"color":[0,0,0,255]}]}},{"type":"CIMMarkerGraphic","geometry":{"paths":[[[461.42,377.08],[459.51,377.19],[457.62,377.51],[455.78,378.05],[453.99,378.79],[452.27,379.73],[450.64,380.87],[449.11,382.19],[447.69,383.68],[446.41,385.32],[445.27,387.1],[444.29,388.99],[443.48,390.99],[442.84,393.06],[442.38,395.2],[442.1,397.39],[442.01,399.6]]]},"symbol":{"type":"CIMPolygonSymbol","symbolLayers":[{"type":"CIMSolidStroke","enable":true,"primitiveName":"icon_element","capStyle":"Butt","joinStyle":"Miter","lineStyle3D":"Strip","miterLimit":10,"width":5,"color":[0,0,0,255]}]}}],"scaleSymbolsProportionally":true,"respectFrame":true}],"haloSize":1,"scaleX":1,"angleAlignment":"Display"}