{"type":"CIMPointSymbol","symbolLayers":[{"type":"CIMVectorMarker","enable":true,"anchorPointUnits":"Relative","dominantSizeAxis3D":"Z","size":64,"billboardMode3D":"FaceNearPlane","frame":{"xmin":0,"ymin":0,"xmax":612,"ymax":792},"markerGraphics":[{"type":"CIMMarkerGraphic","geometry":{"rings":[[[304.9,396.0],[208.1,444.4],[208.1,347.6],[304.9,396.0]]]},"symbol":{"type":"CIMPolygonSymbol","symbolLayers":[{"type":"CIMSolidFill","enable":true,"primitiveName":"icon_element","color":[0,0,0,255]}]}},{"type":"CIMMarkerGraphic","geometry":{"rings":[[[403.9,444.4],[304.9,396.0],[403.9,347.6],[403.9,444.4]]]},"symbol":{"type":"CIMPolygonSymbol","symbolLayers":[{"type":"CIMSolidFill","enable":true,"primitiveName":"icon_element","color":[0,0,0,255]}]}},{"type":"CIMMarkerGraphic","geometry":{"paths":[[[304.9,409.5],[304.9,346.8]]]},"symbol":{"type":"CIMPolygonSymbol","symbolLayers":[{"type":"CIMSolidStroke","enable":true,"primitiveName":"icon_element","capStyle":"Butt","joinStyle":"Miter","lineStyle3D":"Strip","miterLimit":10,"width":5,"color":[0,0,0,255]}]}},{"type":"CIMMarkerGraphic","geometry":{"rings":[[[305.1,399.6],[309.0,400.0],[312.9,401.0],[316.5,402.7],[319.8,405.0],[322.6,407.8],[324.9,411.0],[326.5,414.7],[327.6,418.5],[327.9,422.5],[327.6,426.4],[326.5,430.3],[324.9,433.9],[322.6,437.1],[319.8,440.0],[316.5,442.2],[312.9,443.9],[309.0,444.9],[305.1,445.3],[301.1,444.9],[297.3,443.9],[293.7,442.2],[290.4,440.0],[287.6,437.1],[285.3,433.9],[283.6,430.3],[282.6,426.4],[282.3,422.5],[282.6,418.5],[283.6,414.7],[285.3,411.0],[287.6,407.8],[290.4,405.0],[293.7,402.7],[297.3,401.0],[301.1,400.0],[305.1,399.6]]]},"symbol":{"type":"CIMPolygonSymbol","symbolLayers":[{"type":"CIMSolidFill","enable":true,"primitiveName":"icon_element","color":[0,0,0,255]}]}}],"scaleSymbolsProportionally":true,"respectFrame":true}],"haloSize":1,"scaleX":1,"angleAlignment":"Display"}