{"type":"CIMPointSymbol","symbolLayers":[{"type":"CIMVectorMarker","enable":true,"anchorPointUnits":"Relative","dominantSizeAxis3D":"Z","size":64,"billboardMode3D":"FaceNearPlane","frame":{"xmin":0,"ymin":0,"xmax":612,"ymax":792},"markerGraphics":[{"type":"CIMMarkerGraphic","geometry":{"paths":[[[170.7,418.25],[172.91,418.14],[175.09,417.82],[177.23,417.29],[179.31,416.54],[181.3,415.6],[183.2,414.46],[184.98,413.14],[186.62,411.65],[188.11,410.01],[189.43,408.23],[190.56,406.34],[191.51,404.34],[192.25,402.27],[192.78,400.13],[193.11,397.95],[193.21,395.73]]]},"symbol":{"type":"CIMPolygonSymbol","symbolLayers":[{"type":"CIMSolidStroke","enable":true,"primitiveName":"icon_element","capStyle":"Butt","joinStyle":"Miter","lineStyle3D":"Strip","miterLimit":10,"width":5,"color":[0,0,0,255]}]}},{"type":"CIMMarkerGraphic","geometry":{"paths":[[[238.5,396.6],[238.1,392.2],[236.8,388.0],[234.7,384.1],[231.9,380.7],[228.5,377.9],[224.6,375.8],[220.4,374.5],[216.0,374.1],[211.6,374.5],[207.4,375.8],[203.5,377.9],[200.1,380.7],[197.3,384.1],[195.2,388.0],[193.9,392.2],[193.5,396.6]]]},"symbol":{"type":"CIMPolygonSymbol","symbolLayers":[{"type":"CIMSolidStroke","enable":true,"primitiveName":"icon_element","capStyle":"Butt","joinStyle":"Miter","lineStyle3D":"Strip","miterLimit":10,"width":5,"color":[0,0,0,255]}]}},{"type":"CIMMarkerGraphic","geometry":{"paths":[[[238.5,395.7],[238.9,400.1],[240.2,404.3],[242.3,408.2],[245.1,411.7],[248.5,414.5],[252.4,416.5],[256.6,417.8],[261.0,418.2],[265.4,417.8],[269.6,416.5],[273.5,414.5],[277.0,411.7],[279.8,408.2],[281.8,404.3],[283.1,400.1],[283.6,395.7]]]},"symbol":{"type":"CIMPolygonSymbol","symbolLayers":[{"type":"CIMSolidStroke","enable":true,"primitiveName":"icon_element","capStyle":"Butt","joinStyle":"Miter","lineStyle3D":"Strip","miterLimit":10,"width":5,"color":[0,0,0,255]}]}},{"type":"CIMMarkerGraphic","geometry":{"paths":[[[328.6,396.6],[328.2,392.2],[326.9,388.0],[324.8,384.1],[322.0,380.7],[318.6,377.9],[314.7,375.8],[310.5,374.5],[306.1,374.1],[301.7,374.5],[297.5,375.8],[293.6,377.9],[290.1,380.7],[287.3,384.1],[285.3,388.0],[284.0,392.2],[283.6,396.6]]]},"symbol":{"type":"CIMPolygonSymbol","symbolLayers":[{"type":"CIMSolidStroke","enable":true,"primitiveName":"icon_element","capStyle":"Butt","joinStyle":"Miter","lineStyle3D":"Strip","miterLimit":10,"width":5,"color":[0,0,0,255]}]}},{"type":"CIMMarkerGraphic","geometry":{"paths":[[[328.6,395.7],[329.0,400.1],[330.3,404.3],[332.4,408.2],[335.2,411.7],[338.6,414.5],[342.5,416.5],[346.7,417.8],[351.1,418.2],[355.5,417.8],[359.7,416.5],[363.6,414.5],[367.0,411.7],[369.8,408.2],[371.9,404.3],[373.2,400.1],[373.6,395.7]]]},"symbol":{"type":"CIMPolygonSymbol","symbolLayers":[{"type":"CIMSolidStroke","enable":true,"primitiveName":"icon_element","capStyle":"Butt","joinStyle":"Miter","lineStyle3D":"Strip","miterLimit":10,"width":5,"color":[0,0,0,255]}]}},{"type":"CIMMarkerGraphic","geometry":{"paths":[[[418.7,396.6],[418.2,392.2],[417.0,388.0],[414.9,384.1],[412.1,380.7],[408.6,377.9],[404.8,375.8],[400.5,374.5],[396.1,374.1],[391.7,374.5],[387.5,375.8],[383.6,377.9],[380.2,380.7],[377.4,384.1],[375.3,388.0],[374.1,392.2],[373.6,396.6]]]},"symbol":{"type":"CIMPolygonSymbol","symbolLayers":[{"type":"CIMSolidStroke","enable":true,"primitiveName":"icon_element","capStyle":"Butt","joinStyle":"Miter","lineStyle3D":"Strip","miterLimit":10,"width":5,"color":[0,0,0,255]}]}},{"type":"CIMMarkerGraphic","geometry":{"paths":[[[418.66,395.73],[418.77,397.95],[419.09,400.13],[419.63,402.27],[420.37,404.34],[421.31,406.34],[422.45,408.23],[423.77,410.01],[425.26,411.65],[426.9,413.14],[428.68,414.46],[430.57,415.6],[432.57,416.54],[434.64,417.29],[436.78,417.82],[438.97,418.14],[441.18,418.25]]]},"symbol":{"type":"CIMPolygonSymbol","symbolLayers":[{"type":"CIMSolidStroke","enable":true,"primitiveName":"icon_element","capStyle":"Butt","joinStyle":"Miter","lineStyle3D":"Strip","miterLimit":10,"width":5,"color":[0,0,0,255]}]}},{"type":"CIMMarkerGraphic","geometry":{"rings":[[[246.0,442.3],[236.7,441.5],[228.1,439.1],[220.5,435.1],[213.9,429.6],[208.4,422.7],[204.4,414.5],[201.9,405.5],[201.0,396.0],[201.9,386.5],[204.4,377.5],[208.4,369.4],[213.9,362.4],[220.5,356.9],[228.1,353.0],[236.7,350.6],[246.0,349.8],[366.0,349.8],[375.3,350.6],[383.9,353.0],[391.5,356.9],[398.1,362.4],[403.6,369.4],[407.6,377.5],[410.1,386.5],[411.0,396.0],[410.1,405.5],[407.6,414.5],[403.6,422.7],[398.1,429.6],[391.5,435.1],[383.9,439.1],[375.3,441.5],[366.0,442.3],[246.0,442.3]]]},"symbol":{"type":"CIMPolygonSymbol","symbolLayers":[{"type":"CIMSolidStroke","enable":true,"primitiveName":"icon_element","capStyle":"Round","joinStyle":"Miter","lineStyle3D":"Strip","miterLimit":10,"width":5,"color":[0,0,0,255]}]}}],"scaleSymbolsProportionally":true,"respectFrame":true}],"haloSize":1,"scaleX":1,"angleAlignment":"Display"}