{"type":"CIMPointSymbol","symbolLayers":[{"type":"CIMVectorMarker","enable":true,"anchorPointUnits":"Relative","dominantSizeAxis3D":"Z","size":64,"billboardMode3D":"FaceNearPlane","frame":{"xmin":0,"ymin":0,"xmax":612,"ymax":792},"markerGraphics":[{"type":"CIMMarkerGraphic","geometry":{"paths":[[[410.0,466.0],[202.0,326.0]]]},"symbol":{"type":"CIMPolygonSymbol","symbolLayers":[{"type":"CIMSolidStroke","enable":true,"primitiveName":"icon_element","capStyle":"Butt","joinStyle":"Miter","lineStyle3D":"Strip","miterLimit":10,"width":5,"color":[0,0,0,255]}]}},{"type":"CIMMarkerGraphic","geometry":{"paths":[[[202.0,466.0],[410.0,326.0]]]},"symbol":{"type":"CIMPolygonSymbol","symbolLayers":[{"type":"CIMSolidStroke","enable":true,"primitiveName":"icon_element","capStyle":"Butt","joinStyle":"Miter","lineStyle3D":"Strip","miterLimit":10,"width":5,"color":[0,0,0,255]}]}},{"type":"CIMMarkerGraphic","geometry":{"paths":[[[183.0,445.0],[183.3,346.7]]]},"symbol":{"type":"CIMPolygonSymbol","symbolLayers":[{"type":"CIMSolidStroke","enable":true,"primitiveName":"icon_element","capStyle":"Butt","joinStyle":"Miter","lineStyle3D":"Strip","miterLimit":10,"width":5,"color":[0,0,0,255]}]}},{"type":"CIMMarkerGraphic","geometry":{"rings":[[[246.0,442.3],[236.7,441.4],[228.1,439.0],[220.5,435.1],[213.9,429.6],[208.4,422.6],[204.4,414.5],[201.9,405.5],[201.0,396.0],[201.9,386.5],[204.4,377.5],[208.4,369.3],[213.9,362.4],[220.5,356.9],[228.1,352.9],[236.7,350.5],[246.0,349.7],[366.0,349.7],[375.3,350.5],[383.9,352.9],[391.5,356.9],[398.1,362.4],[403.6,369.3],[407.6,377.5],[410.1,386.5],[411.0,396.0],[410.1,405.5],[407.6,414.5],[403.6,422.6],[398.1,429.6],[391.5,435.1],[383.9,439.0],[375.3,441.4],[366.0,442.3],[246.0,442.3]]]},"symbol":{"type":"CIMPolygonSymbol","symbolLayers":[{"type":"CIMSolidStroke","enable":true,"primitiveName":"icon_element","capStyle":"Round","joinStyle":"Miter","lineStyle3D":"Strip","miterLimit":10,"width":5,"color":[0,0,0,255]}]}}],"scaleSymbolsProportionally":true,"respectFrame":true}],"haloSize":1,"scaleX":1,"angleAlignment":"Display"}