{"type":"CIMPointSymbol","symbolLayers":[{"type":"CIMVectorMarker","enable":true,"anchorPointUnits":"Relative","dominantSizeAxis3D":"Z","size":64,"billboardMode3D":"FaceNearPlane","frame":{"xmin":0,"ymin":0,"xmax":612,"ymax":792},"markerGraphics":[{"type":"CIMMarkerGraphic","geometry":{"paths":[[[410.0,466.0],[202.0,326.0]]]},"symbol":{"type":"CIMPolygonSymbol","symbolLayers":[{"type":"CIMSolidStroke","enable":true,"primitiveName":"icon_element","capStyle":"Butt","joinStyle":"Miter","lineStyle3D":"Strip","miterLimit":10,"width":5,"color":[0,0,0,255]}]}},{"type":"CIMMarkerGraphic","geometry":{"paths":[[[202.0,466.0],[410.0,326.0]]]},"symbol":{"type":"CIMPolygonSymbol","symbolLayers":[{"type":"CIMSolidStroke","enable":true,"primitiveName":"icon_element","capStyle":"Butt","joinStyle":"Miter","lineStyle3D":"Strip","miterLimit":10,"width":5,"color":[0,0,0,255]}]}},{"type":"CIMMarkerGraphic","geometry":{"rings":[[[246.0,444.3],[236.7,443.5],[228.1,441.1],[220.5,437.1],[213.9,431.6],[208.4,424.7],[204.4,416.5],[201.9,407.5],[201.0,398.0],[201.9,388.5],[204.4,379.5],[208.4,371.4],[213.9,364.4],[220.5,358.9],[228.1,355.0],[236.7,352.6],[246.0,351.8],[366.0,351.8],[375.3,352.6],[383.9,355.0],[391.5,358.9],[398.1,364.4],[403.6,371.4],[407.6,379.5],[410.1,388.5],[411.0,398.0],[410.1,407.5],[407.6,416.5],[403.6,424.7],[398.1,431.6],[391.5,437.1],[383.9,441.1],[375.3,443.5],[366.0,444.3],[246.0,444.3]]]},"symbol":{"type":"CIMPolygonSymbol","symbolLayers":[{"type":"CIMSolidStroke","enable":true,"primitiveName":"icon_element","capStyle":"Round","joinStyle":"Miter","lineStyle3D":"Strip","miterLimit":10,"width":5,"color":[0,0,0,255]}]}}],"scaleSymbolsProportionally":true,"respectFrame":true}],"haloSize":1,"scaleX":1,"angleAlignment":"Display"}