{"type":"CIMPointSymbol","symbolLayers":[{"type":"CIMVectorMarker","enable":true,"anchorPointUnits":"Relative","dominantSizeAxis3D":"Z","size":64,"billboardMode3D":"FaceNearPlane","frame":{"xmin":0,"ymin":0,"xmax":612,"ymax":792},"markerGraphics":[{"type":"CIMMarkerGraphic","geometry":{"paths":[[[127,276],[486,516]]]},"symbol":{"type":"CIMPolygonSymbol","symbolLayers":[{"type":"CIMSolidStroke","enable":true,"primitiveName":"icon_element","capStyle":"Butt","joinStyle":"Miter","lineStyle3D":"Strip","miterLimit":10,"width":5,"color":[0,0,0,255]}]}},{"type":"CIMMarkerGraphic","geometry":{"rings":[[[389.0,364.3],[395.8,364.9],[402.3,366.8],[408.3,369.7],[413.6,373.7],[417.9,378.6],[421.1,384.2],[423.0,390.2],[423.7,396.5],[423.0,402.7],[421.1,408.7],[417.9,414.3],[413.6,419.2],[408.3,423.2],[402.3,426.1],[395.8,428.0],[389.0,428.6],[377.4,426.5],[359.3,420.3],[335.1,409.9],[307.3,396.5],[335.1,383.1],[359.3,372.7],[377.4,366.4],[389.0,364.3]]]},"symbol":{"type":"CIMPolygonSymbol","symbolLayers":[{"type":"CIMSolidFill","enable":true,"primitiveName":"icon_element","color":[0,0,0,255]}]}},{"type":"CIMMarkerGraphic","geometry":{"rings":[[[423.7,396.5],[423.0,390.2],[421.1,384.2],[417.9,378.6],[413.6,373.7],[408.3,369.7],[402.3,366.8],[395.8,364.9],[389.0,364.3],[377.4,366.4],[359.3,372.7],[335.1,383.1],[307.3,396.5],[335.1,409.9],[359.3,420.3],[377.4,426.5],[389.0,428.6],[395.8,428.0],[402.3,426.1],[408.3,423.2],[413.6,419.2],[417.9,414.3],[421.1,408.7],[423.0,402.7],[423.7,396.5]]]},"symbol":{"type":"CIMPolygonSymbol","symbolLayers":[{"type":"CIMSolidStroke","enable":true,"primitiveName":"icon_element","capStyle":"Round","joinStyle":"Miter","lineStyle3D":"Strip","miterLimit":10,"width":1,"color":[0,0,0,255]}]}},{"type":"CIMMarkerGraphic","geometry":{"rings":[[[223.3,363.5],[235.1,365.6],[253.5,372.0],[278.1,382.6],[306.4,396.2],[278.1,409.8],[253.5,420.4],[235.1,426.7],[223.3,428.8],[216.4,428.2],[209.8,426.4],[203.7,423.4],[198.3,419.3],[193.9,414.3],[190.7,408.7],[188.7,402.6],[188.0,396.2],[188.7,389.8],[190.7,383.7],[193.9,378.0],[198.3,373.1],[203.7,369.0],[209.8,366.0],[216.4,364.1],[223.3,363.5]]]},"symbol":{"type":"CIMPolygonSymbol","symbolLayers":[{"type":"CIMSolidFill","enable":true,"primitiveName":"icon_element","color":[0,0,0,255]}]}},{"type":"CIMMarkerGraphic","geometry":{"rings":[[[188.0,396.2],[188.7,402.6],[190.7,408.7],[193.9,414.3],[198.3,419.3],[203.7,423.4],[209.8,426.4],[216.4,428.2],[223.3,428.8],[235.1,426.7],[253.5,420.4],[278.1,409.8],[306.4,396.2],[278.1,382.6],[253.5,372.0],[235.1,365.6],[223.3,363.5],[216.4,364.1],[209.8,366.0],[203.7,369.0],[198.3,373.1],[193.9,378.0],[190.7,383.7],[188.7,389.8],[188.0,396.2]]]},"symbol":{"type":"CIMPolygonSymbol","symbolLayers":[{"type":"CIMSolidStroke","enable":true,"primitiveName":"icon_element","capStyle":"Round","joinStyle":"Miter","lineStyle3D":"Strip","miterLimit":10,"width":1,"color":[0,0,0,255]}]}}],"scaleSymbolsProportionally":true,"respectFrame":true}],"haloSize":1,"scaleX":1,"angleAlignment":"Display"}