{"type":"CIMPointSymbol","symbolLayers":[{"type":"CIMVectorMarker","enable":true,"anchorPointUnits":"Relative","dominantSizeAxis3D":"Z","size":64,"billboardMode3D":"FaceNearPlane","frame":{"xmin":0,"ymin":0,"xmax":612,"ymax":792},"markerGraphics":[{"type":"CIMMarkerGraphic","geometry":{"paths":[[[426.0,475.0],[186.0,317.0]]]},"symbol":{"type":"CIMPolygonSymbol","symbolLayers":[{"type":"CIMSolidStroke","enable":true,"primitiveName":"icon_element","capStyle":"Butt","joinStyle":"Miter","lineStyle3D":"Strip","miterLimit":10,"width":5,"color":[0,0,0,255]}]}},{"type":"CIMMarkerGraphic","geometry":{"paths":[[[186.0,475.0],[426.0,317.0]]]},"symbol":{"type":"CIMPolygonSymbol","symbolLayers":[{"type":"CIMSolidStroke","enable":true,"primitiveName":"icon_element","capStyle":"Butt","joinStyle":"Miter","lineStyle3D":"Strip","miterLimit":10,"width":5,"color":[0,0,0,255]}]}},{"type":"CIMMarkerGraphic","geometry":{"rings":[[[246.0,440.3],[236.7,439.4],[228.1,437.0],[220.5,433.1],[213.9,427.6],[208.4,420.6],[204.4,412.5],[201.9,403.5],[201.0,394.0],[201.9,384.5],[204.4,375.5],[208.4,367.3],[213.9,360.4],[220.5,354.9],[228.1,350.9],[236.7,348.5],[246.0,347.7],[366.0,347.7],[375.3,348.5],[383.9,350.9],[391.5,354.9],[398.1,360.4],[403.6,367.3],[407.6,375.5],[410.1,384.5],[411.0,394.0],[410.1,403.5],[407.6,412.5],[403.6,420.6],[398.1,427.6],[391.5,433.1],[383.9,437.0],[375.3,439.4],[366.0,440.3],[246.0,440.3]]]},"symbol":{"type":"CIMPolygonSymbol","symbolLayers":[{"type":"CIMSolidStroke","enable":true,"primitiveName":"icon_element","capStyle":"Round","joinStyle":"Miter","lineStyle3D":"Strip","miterLimit":10,"width":5,"color":[0,0,0,255]}]}}],"scaleSymbolsProportionally":true,"respectFrame":true}],"haloSize":1,"scaleX":1,"angleAlignment":"Display"}