{"type":"CIMPointSymbol","symbolLayers":[{"type":"CIMVectorMarker","enable":true,"anchorPointUnits":"Relative","dominantSizeAxis3D":"Z","size":64,"billboardMode3D":"FaceNearPlane","frame":{"xmin":0,"ymin":0,"xmax":612,"ymax":792},"markerGraphics":[{"type":"CIMMarkerGraphic","geometry":{"paths":[[[126,273],[481,511]]]},"symbol":{"type":"CIMPolygonSymbol","symbolLayers":[{"type":"CIMSolidStroke","enable":true,"primitiveName":"icon_element","capStyle":"Butt","joinStyle":"Miter","lineStyle3D":"Strip","miterLimit":10,"width":5,"color":[0,0,0,255]}]}},{"type":"CIMMarkerGraphic","geometry":{"paths":[[[126,515],[486,273]]]},"symbol":{"type":"CIMPolygonSymbol","symbolLayers":[{"type":"CIMSolidStroke","enable":true,"primitiveName":"icon_element","capStyle":"Butt","joinStyle":"Miter","lineStyle3D":"Strip","miterLimit":10,"width":5,"color":[0,0,0,255]}]}},{"type":"CIMMarkerGraphic","geometry":{"paths":[[[147.18,393.6],[147.07,391.39],[146.75,389.2],[146.21,387.06],[145.47,384.99],[144.53,382.99],[143.39,381.1],[142.07,379.32],[140.58,377.68],[138.94,376.19],[137.16,374.87],[135.27,373.73],[133.27,372.79],[131.19,372.05],[129.06,371.51],[126.87,371.19],[124.66,371.08]]]},"symbol":{"type":"CIMPolygonSymbol","symbolLayers":[{"type":"CIMSolidStroke","enable":true,"primitiveName":"icon_element","capStyle":"Butt","joinStyle":"Miter","lineStyle3D":"Strip","miterLimit":10,"width":5,"color":[0,0,0,255]}]}},{"type":"CIMMarkerGraphic","geometry":{"paths":[[[147.2,392.7],[147.6,397.1],[148.9,401.3],[151.0,405.2],[153.8,408.7],[157.2,411.5],[161.1,413.5],[165.3,414.8],[169.7,415.2],[174.1,414.8],[178.3,413.5],[182.2,411.5],[185.6,408.7],[188.4,405.2],[190.5,401.3],[191.8,397.1],[192.2,392.7]]]},"symbol":{"type":"CIMPolygonSymbol","symbolLayers":[{"type":"CIMSolidStroke","enable":true,"primitiveName":"icon_element","capStyle":"Butt","joinStyle":"Miter","lineStyle3D":"Strip","miterLimit":10,"width":5,"color":[0,0,0,255]}]}},{"type":"CIMMarkerGraphic","geometry":{"paths":[[[237.5,393.6],[237.1,389.2],[235.8,385.0],[233.7,381.1],[230.9,377.7],[227.5,374.9],[223.6,372.8],[219.4,371.5],[215.0,371.1],[210.6,371.5],[206.4,372.8],[202.5,374.9],[199.1,377.7],[196.3,381.1],[194.2,385.0],[192.9,389.2],[192.5,393.6]]]},"symbol":{"type":"CIMPolygonSymbol","symbolLayers":[{"type":"CIMSolidStroke","enable":true,"primitiveName":"icon_element","capStyle":"Butt","joinStyle":"Miter","lineStyle3D":"Strip","miterLimit":10,"width":5,"color":[0,0,0,255]}]}},{"type":"CIMMarkerGraphic","geometry":{"paths":[[[237.5,392.7],[237.9,397.1],[239.2,401.3],[241.3,405.2],[244.1,408.7],[247.5,411.5],[251.4,413.5],[255.6,414.8],[260.0,415.2],[264.4,414.8],[268.6,413.5],[272.5,411.5],[276.0,408.7],[278.8,405.2],[280.8,401.3],[282.1,397.1],[282.6,392.7]]]},"symbol":{"type":"CIMPolygonSymbol","symbolLayers":[{"type":"CIMSolidStroke","enable":true,"primitiveName":"icon_element","capStyle":"Butt","joinStyle":"Miter","lineStyle3D":"Strip","miterLimit":10,"width":5,"color":[0,0,0,255]}]}},{"type":"CIMMarkerGraphic","geometry":{"paths":[[[327.6,393.6],[327.2,389.2],[325.9,385.0],[323.8,381.1],[321.0,377.7],[317.6,374.9],[313.7,372.8],[309.5,371.5],[305.1,371.1],[300.7,371.5],[296.5,372.8],[292.6,374.9],[289.1,377.7],[286.3,381.1],[284.3,385.0],[283.0,389.2],[282.6,393.6]]]},"symbol":{"type":"CIMPolygonSymbol","symbolLayers":[{"type":"CIMSolidStroke","enable":true,"primitiveName":"icon_element","capStyle":"Butt","joinStyle":"Miter","lineStyle3D":"Strip","miterLimit":10,"width":5,"color":[0,0,0,255]}]}},{"type":"CIMMarkerGraphic","geometry":{"paths":[[[327.6,392.7],[328.0,397.1],[329.3,401.3],[331.4,405.2],[334.2,408.7],[337.6,411.5],[341.5,413.5],[345.7,414.8],[350.1,415.2],[354.5,414.8],[358.7,413.5],[362.6,411.5],[366.0,408.7],[368.8,405.2],[370.9,401.3],[372.2,397.1],[372.6,392.7]]]},"symbol":{"type":"CIMPolygonSymbol","symbolLayers":[{"type":"CIMSolidStroke","enable":true,"primitiveName":"icon_element","capStyle":"Butt","joinStyle":"Miter","lineStyle3D":"Strip","miterLimit":10,"width":5,"color":[0,0,0,255]}]}},{"type":"CIMMarkerGraphic","geometry":{"paths":[[[417.7,393.6],[417.2,389.2],[416.0,385.0],[413.9,381.1],[411.1,377.7],[407.6,374.9],[403.8,372.8],[399.5,371.5],[395.1,371.1],[390.7,371.5],[386.5,372.8],[382.6,374.9],[379.2,377.7],[376.4,381.1],[374.3,385.0],[373.1,389.2],[372.6,393.6]]]},"symbol":{"type":"CIMPolygonSymbol","symbolLayers":[{"type":"CIMSolidStroke","enable":true,"primitiveName":"icon_element","capStyle":"Butt","joinStyle":"Miter","lineStyle3D":"Strip","miterLimit":10,"width":5,"color":[0,0,0,255]}]}},{"type":"CIMMarkerGraphic","geometry":{"paths":[[[417.7,392.7],[418.1,397.1],[419.4,401.3],[421.4,405.2],[424.3,408.7],[427.7,411.5],[431.6,413.5],[435.8,414.8],[440.2,415.2],[444.6,414.8],[448.8,413.5],[452.7,411.5],[456.1,408.7],[458.9,405.2],[461.0,401.3],[462.3,397.1],[462.7,392.7]]]},"symbol":{"type":"CIMPolygonSymbol","symbolLayers":[{"type":"CIMSolidStroke","enable":true,"primitiveName":"icon_element","capStyle":"Butt","joinStyle":"Miter","lineStyle3D":"Strip","miterLimit":10,"width":5,"color":[0,0,0,255]}]}},{"type":"CIMMarkerGraphic","geometry":{"paths":[[[485.22,371.08],[483.0,371.19],[480.82,371.51],[478.68,372.05],[476.6,372.79],[474.61,373.73],[472.71,374.87],[470.94,376.19],[469.29,377.68],[467.81,379.32],[466.49,381.1],[465.35,382.99],[464.4,384.99],[463.66,387.06],[463.13,389.2],[462.81,391.39],[462.7,393.6]]]},"symbol":{"type":"CIMPolygonSymbol","symbolLayers":[{"type":"CIMSolidStroke","enable":true,"primitiveName":"icon_element","capStyle":"Butt","joinStyle":"Miter","lineStyle3D":"Strip","miterLimit":10,"width":5,"color":[0,0,0,255]}]}}],"scaleSymbolsProportionally":true,"respectFrame":true}],"haloSize":1,"scaleX":1,"angleAlignment":"Display"}