{"type":"CIMPointSymbol","symbolLayers":[{"type":"CIMVectorMarker","enable":true,"anchorPointUnits":"Relative","dominantSizeAxis3D":"Z","size":64,"billboardMode3D":"FaceNearPlane","frame":{"xmin":0,"ymin":0,"xmax":612,"ymax":792},"markerGraphics":[{"type":"CIMMarkerGraphic","geometry":{"rings":[[[306.0,501.22],[306.86,501.3],[307.69,501.52],[308.47,501.88],[309.17,502.38],[309.78,502.98],[310.28,503.69],[310.64,504.47],[310.86,505.3],[310.94,506.16],[310.86,507.02],[310.64,507.85],[310.28,508.63],[309.78,509.33],[309.17,509.94],[308.47,510.44],[307.69,510.8],[306.86,511.02],[306.0,511.1],[305.14,511.02],[304.31,510.8],[303.53,510.44],[302.83,509.94],[302.22,509.33],[301.72,508.63],[301.36,507.85],[301.14,507.02],[301.06,506.16],[301.14,505.3],[301.36,504.47],[301.72,503.69],[302.22,502.98],[302.83,502.38],[303.53,501.88],[304.31,501.52],[305.14,501.3],[306.0,501.22]]]},"symbol":{"type":"CIMPolygonSymbol","symbolLayers":[{"type":"CIMSolidStroke","enable":true,"primitiveName":"icon_element","capStyle":"Round","joinStyle":"Miter","lineStyle3D":"Strip","miterLimit":10,"width":4,"color":[0,0,0,255]}]}},{"type":"CIMMarkerGraphic","geometry":{"paths":[[[306.0,501.2],[306.0,451.8]]]},"symbol":{"type":"CIMPolygonSymbol","symbolLayers":[{"type":"CIMSolidStroke","enable":true,"primitiveName":"icon_element","capStyle":"Butt","joinStyle":"Miter","lineStyle3D":"Strip","miterLimit":10,"width":5,"color":[0,0,0,255]}]}},{"type":"CIMMarkerGraphic","geometry":{"paths":[[[289.8,498.1],[322.3,498.1]]]},"symbol":{"type":"CIMPolygonSymbol","symbolLayers":[{"type":"CIMSolidStroke","enable":true,"primitiveName":"icon_element","capStyle":"Butt","joinStyle":"Miter","lineStyle3D":"Strip","miterLimit":10,"width":5,"color":[0,0,0,255]}]}},{"type":"CIMMarkerGraphic","geometry":{"rings":[[[275.1,476.5],[278.0,470.6],[281.3,465.3],[284.8,460.7],[288.7,456.9],[292.8,453.9],[297.1,451.7],[301.5,450.3],[306.0,449.9],[310.5,450.3],[314.9,451.7],[319.2,453.9],[323.3,456.9],[327.2,460.7],[330.7,465.3],[334.0,470.6],[336.9,476.5],[334.0,471.4],[330.7,466.8],[327.2,462.8],[323.3,459.5],[319.2,456.8],[314.9,454.9],[310.5,453.8],[306.0,453.4],[301.5,453.8],[297.1,454.9],[292.8,456.8],[288.7,459.5],[284.8,462.8],[281.3,466.8],[278.0,471.4],[275.1,476.5]]]},"symbol":{"type":"CIMPolygonSymbol","symbolLayers":[{"type":"CIMSolidFill","enable":true,"primitiveName":"icon_element","color":[0,0,0,255]}]}},{"type":"CIMMarkerGraphic","geometry":{"paths":[[[275.1,476.5],[278.0,471.4],[281.3,466.8],[284.8,462.8],[288.7,459.5],[292.8,456.8],[297.1,454.9],[301.5,453.8],[306.0,453.4],[310.5,453.8],[314.9,454.9],[319.2,456.8],[323.3,459.5],[327.2,462.8],[330.7,466.8],[334.0,471.4],[336.9,476.5],[334.0,470.6],[330.7,465.3],[327.2,460.7],[323.3,456.9],[319.2,453.9],[314.9,451.7],[310.5,450.3],[306.0,449.9],[301.5,450.3],[297.1,451.7],[292.8,453.9],[288.7,456.9],[284.8,460.7],[281.3,465.3],[278.0,470.6],[275.1,476.5]]]},"symbol":{"type":"CIMPolygonSymbol","symbolLayers":[{"type":"CIMSolidStroke","enable":true,"primitiveName":"icon_element","capStyle":"Butt","joinStyle":"Miter","lineStyle3D":"Strip","miterLimit":10,"width":4,"color":[0,0,0,255]}]}},{"type":"CIMMarkerGraphic","geometry":{"rings":[[[283.77,468.81],[281.95,469.71],[280.29,470.93],[278.99,472.23],[276.06,475.6],[275.13,476.52],[276.21,471.0],[277.27,466.75],[277.79,465.11],[278.28,463.85],[278.75,463.0],[279.14,462.63],[283.77,468.81]]]},"symbol":{"type":"CIMPolygonSymbol","symbolLayers":[{"type":"CIMSolidFill","enable":true,"primitiveName":"icon_element","color":[0,0,0,255]}]}},{"type":"CIMMarkerGraphic","geometry":{"paths":[[[275.13,476.52],[276.21,471.0],[277.27,466.75],[277.79,465.11],[278.28,463.85],[278.75,463.0],[279.14,462.63],[283.77,468.81],[281.95,469.71],[280.29,470.93],[278.99,472.23],[276.06,475.6]]]},"symbol":{"type":"CIMPolygonSymbol","symbolLayers":[{"type":"CIMSolidStroke","enable":true,"primitiveName":"icon_element","capStyle":"Butt","joinStyle":"Miter","lineStyle3D":"Strip","miterLimit":10,"width":4,"color":[0,0,0,255]}]}},{"type":"CIMMarkerGraphic","geometry":{"rings":[[[332.86,462.63],[333.25,463.0],[333.72,463.85],[334.21,465.11],[334.73,466.75],[335.78,471.0],[336.87,476.52],[335.94,475.6],[333.02,472.23],[331.71,470.93],[330.05,469.71],[328.22,468.81],[332.86,462.63]]]},"symbol":{"type":"CIMPolygonSymbol","symbolLayers":[{"type":"CIMSolidFill","enable":true,"primitiveName":"icon_element","color":[0,0,0,255]}]}},{"type":"CIMMarkerGraphic","geometry":{"paths":[[[336.87,476.52],[335.78,471.0],[334.73,466.75],[334.21,465.11],[333.72,463.85],[333.25,463.0],[332.86,462.63],[328.22,468.81],[330.05,469.71],[331.71,470.93],[333.02,472.23],[335.94,475.6]]]},"symbol":{"type":"CIMPolygonSymbol","symbolLayers":[{"type":"CIMSolidStroke","enable":true,"primitiveName":"icon_element","capStyle":"Butt","joinStyle":"Miter","lineStyle3D":"Strip","miterLimit":10,"width":4,"color":[0,0,0,255]}]}},{"type":"CIMMarkerGraphic","geometry":{"paths":[[[438.0,528.0],[174.0,264.0]]]},"symbol":{"type":"CIMPolygonSymbol","symbolLayers":[{"type":"CIMSolidStroke","enable":true,"primitiveName":"icon_element","capStyle":"Butt","joinStyle":"Miter","lineStyle3D":"Strip","miterLimit":10,"width":5,"color":[0,0,0,255]}]}},{"type":"CIMMarkerGraphic","geometry":{"rings":[[[399.9,446.0],[309.9,396.0],[399.9,346.0],[399.9,446.0]],[[309.9,396.0],[219.9,446.0],[219.9,346.0],[309.9,396.0]]]},"symbol":{"type":"CIMPolygonSymbol","symbolLayers":[{"type":"CIMSolidFill","enable":true,"primitiveName":"icon_element","color":[0,0,0,255]}]}},{"type":"CIMMarkerGraphic","geometry":{"rings":[[[309.9,360.8],[315.4,361.3],[320.8,362.6],[325.9,364.7],[330.6,367.5],[334.8,371.1],[338.4,375.3],[341.3,380.0],[343.4,385.1],[344.7,390.5],[345.1,396.0],[344.7,401.5],[343.4,406.9],[341.3,412.0],[338.4,416.7],[334.8,420.9],[330.6,424.5],[325.9,427.3],[320.8,429.4],[315.4,430.7],[309.9,431.2],[304.4,430.7],[299.1,429.4],[294.0,427.3],[289.3,424.5],[285.1,420.9],[281.5,416.7],[278.6,412.0],[276.5,406.9],[275.2,401.5],[274.8,396.0],[275.2,390.5],[276.5,385.1],[278.6,380.0],[281.5,375.3],[285.1,371.1],[289.3,367.5],[294.0,364.7],[299.1,362.6],[304.4,361.3],[309.9,360.8]]]},"symbol":{"type":"CIMPolygonSymbol","symbolLayers":[{"type":"CIMSolidFill","enable":true,"primitiveName":"icon_element","color":[0,0,0,255]}]}},{"type":"CIMMarkerGraphic","geometry":{"rings":[[[309.9,360.8],[315.4,361.3],[320.8,362.6],[325.9,364.7],[330.6,367.5],[334.8,371.1],[338.4,375.3],[341.3,380.0],[343.4,385.1],[344.7,390.5],[345.1,396.0],[344.7,401.5],[343.4,406.9],[341.3,412.0],[338.4,416.7],[334.8,420.9],[330.6,424.5],[325.9,427.3],[320.8,429.4],[315.4,430.7],[309.9,431.2],[304.4,430.7],[299.1,429.4],[294.0,427.3],[289.3,424.5],[285.1,420.9],[281.5,416.7],[278.6,412.0],[276.5,406.9],[275.2,401.5],[274.8,396.0],[275.2,390.5],[276.5,385.1],[278.6,380.0],[281.5,375.3],[285.1,371.1],[289.3,367.5],[294.0,364.7],[299.1,362.6],[304.4,361.3],[309.9,360.8]]]},"symbol":{"type":"CIMPolygonSymbol","symbolLayers":[{"type":"CIMSolidStroke","enable":true,"primitiveName":"icon_element","capStyle":"Round","joinStyle":"Miter","lineStyle3D":"Strip","miterLimit":10,"width":5,"color":[0,0,0,255]}]}}],"scaleSymbolsProportionally":true,"respectFrame":true}],"haloSize":1,"scaleX":1,"angleAlignment":"Display"}