{"type":"CIMPointSymbol","symbolLayers":[{"type":"CIMVectorMarker","enable":true,"anchorPointUnits":"Relative","dominantSizeAxis3D":"Z","size":64,"billboardMode3D":"FaceNearPlane","frame":{"xmin":0,"ymin":0,"xmax":612,"ymax":792},"markerGraphics":[{"type":"CIMMarkerGraphic","geometry":{"rings":[[[247.7,352.0],[307.1,439.3],[366.5,352.0],[247.7,352.0]]]},"symbol":{"type":"CIMPolygonSymbol","symbolLayers":[{"type":"CIMSolidStroke","enable":true,"primitiveName":"icon_element","capStyle":"Round","joinStyle":"Miter","lineStyle3D":"Strip","miterLimit":10,"width":5,"color":[0,0,0,255]}]}},{"type":"CIMMarkerGraphic","geometry":{"paths":[[[247.7,352.0],[336.8,395.6]]]},"symbol":{"type":"CIMPolygonSymbol","symbolLayers":[{"type":"CIMSolidStroke","enable":true,"primitiveName":"icon_element","capStyle":"Butt","joinStyle":"Miter","lineStyle3D":"Strip","miterLimit":10,"width":5,"color":[0,0,0,255]}]}},{"type":"CIMMarkerGraphic","geometry":{"rings":[[[306.0,365.5],[308.9,365.8],[311.6,366.5],[314.3,367.7],[316.6,369.4],[318.6,371.4],[320.3,373.8],[321.5,376.4],[322.2,379.1],[322.5,382.0],[322.2,384.9],[321.5,387.6],[320.3,390.3],[318.6,392.6],[316.6,394.6],[314.3,396.3],[311.6,397.5],[308.9,398.2],[306.0,398.5],[303.1,398.2],[300.4,397.5],[297.8,396.3],[295.4,394.6],[293.4,392.6],[291.7,390.3],[290.5,387.6],[289.8,384.9],[289.5,382.0],[289.8,379.1],[290.5,376.4],[291.7,373.8],[293.4,371.4],[295.4,369.4],[297.8,367.7],[300.4,366.5],[303.1,365.8],[306.0,365.5]]]},"symbol":{"type":"CIMPolygonSymbol","symbolLayers":[{"type":"CIMSolidFill","enable":true,"primitiveName":"icon_element","color":[0,0,0,255]}]}},{"type":"CIMMarkerGraphic","geometry":{"rings":[[[306.0,365.5],[308.9,365.8],[311.6,366.5],[314.3,367.7],[316.6,369.4],[318.6,371.4],[320.3,373.8],[321.5,376.4],[322.2,379.1],[322.5,382.0],[322.2,384.9],[321.5,387.6],[320.3,390.3],[318.6,392.6],[316.6,394.6],[314.3,396.3],[311.6,397.5],[308.9,398.2],[306.0,398.5],[303.1,398.2],[300.4,397.5],[297.8,396.3],[295.4,394.6],[293.4,392.6],[291.7,390.3],[290.5,387.6],[289.8,384.9],[289.5,382.0],[289.8,379.1],[290.5,376.4],[291.7,373.8],[293.4,371.4],[295.4,369.4],[297.8,367.7],[300.4,366.5],[303.1,365.8],[306.0,365.5]]]},"symbol":{"type":"CIMPolygonSymbol","symbolLayers":[{"type":"CIMSolidStroke","enable":true,"primitiveName":"icon_element","capStyle":"Round","joinStyle":"Miter","lineStyle3D":"Strip","miterLimit":10,"width":5,"color":[0,0,0,255]}]}}],"scaleSymbolsProportionally":true,"respectFrame":true}],"haloSize":1,"scaleX":1,"angleAlignment":"Display"}