{"type":"CIMPointSymbol","symbolLayers":[{"type":"CIMVectorMarker","enable":true,"anchorPointUnits":"Relative","dominantSizeAxis3D":"Z","size":64,"billboardMode3D":"FaceNearPlane","frame":{"xmin":0,"ymin":0,"xmax":612,"ymax":792},"markerGraphics":[{"type":"CIMMarkerGraphic","geometry":{"rings":[[[306.0,502.22],[306.86,502.3],[307.69,502.52],[308.47,502.88],[309.17,503.38],[309.78,503.98],[310.28,504.69],[310.64,505.47],[310.86,506.3],[310.94,507.16],[310.86,508.02],[310.64,508.85],[310.28,509.63],[309.78,510.33],[309.17,510.94],[308.47,511.44],[307.69,511.8],[306.86,512.02],[306.0,512.1],[305.14,512.02],[304.31,511.8],[303.53,511.44],[302.83,510.94],[302.22,510.33],[301.72,509.63],[301.36,508.85],[301.14,508.02],[301.06,507.16],[301.14,506.3],[301.36,505.47],[301.72,504.69],[302.22,503.98],[302.83,503.38],[303.53,502.88],[304.31,502.52],[305.14,502.3],[306.0,502.22]]]},"symbol":{"type":"CIMPolygonSymbol","symbolLayers":[{"type":"CIMSolidStroke","enable":true,"primitiveName":"icon_element","capStyle":"Round","joinStyle":"Miter","lineStyle3D":"Strip","miterLimit":10,"width":4,"color":[0,0,0,255]}]}},{"type":"CIMMarkerGraphic","geometry":{"paths":[[[306.0,502.2],[306.0,452.8]]]},"symbol":{"type":"CIMPolygonSymbol","symbolLayers":[{"type":"CIMSolidStroke","enable":true,"primitiveName":"icon_element","capStyle":"Butt","joinStyle":"Miter","lineStyle3D":"Strip","miterLimit":10,"width":5,"color":[0,0,0,255]}]}},{"type":"CIMMarkerGraphic","geometry":{"paths":[[[289.8,499.1],[322.3,499.1]]]},"symbol":{"type":"CIMPolygonSymbol","symbolLayers":[{"type":"CIMSolidStroke","enable":true,"primitiveName":"icon_element","capStyle":"Butt","joinStyle":"Miter","lineStyle3D":"Strip","miterLimit":10,"width":5,"color":[0,0,0,255]}]}},{"type":"CIMMarkerGraphic","geometry":{"rings":[[[275.1,477.5],[278.0,471.6],[281.3,466.3],[284.8,461.7],[288.7,457.9],[292.8,454.9],[297.1,452.7],[301.5,451.3],[306.0,450.9],[310.5,451.3],[314.9,452.7],[319.2,454.9],[323.3,457.9],[327.2,461.7],[330.7,466.3],[334.0,471.6],[336.9,477.5],[334.0,472.4],[330.7,467.8],[327.2,463.8],[323.3,460.5],[319.2,457.8],[314.9,455.9],[310.5,454.8],[306.0,454.4],[301.5,454.8],[297.1,455.9],[292.8,457.8],[288.7,460.5],[284.8,463.8],[281.3,467.8],[278.0,472.4],[275.1,477.5]]]},"symbol":{"type":"CIMPolygonSymbol","symbolLayers":[{"type":"CIMSolidFill","enable":true,"primitiveName":"icon_element","color":[0,0,0,255]}]}},{"type":"CIMMarkerGraphic","geometry":{"paths":[[[275.1,477.5],[278.0,472.4],[281.3,467.8],[284.8,463.8],[288.7,460.5],[292.8,457.8],[297.1,455.9],[301.5,454.8],[306.0,454.4],[310.5,454.8],[314.9,455.9],[319.2,457.8],[323.3,460.5],[327.2,463.8],[330.7,467.8],[334.0,472.4],[336.9,477.5],[334.0,471.6],[330.7,466.3],[327.2,461.7],[323.3,457.9],[319.2,454.9],[314.9,452.7],[310.5,451.3],[306.0,450.9],[301.5,451.3],[297.1,452.7],[292.8,454.9],[288.7,457.9],[284.8,461.7],[281.3,466.3],[278.0,471.6],[275.1,477.5]]]},"symbol":{"type":"CIMPolygonSymbol","symbolLayers":[{"type":"CIMSolidStroke","enable":true,"primitiveName":"icon_element","capStyle":"Butt","joinStyle":"Miter","lineStyle3D":"Strip","miterLimit":10,"width":4,"color":[0,0,0,255]}]}},{"type":"CIMMarkerGraphic","geometry":{"rings":[[[283.77,469.81],[281.95,470.71],[280.29,471.93],[278.99,473.23],[276.06,476.6],[275.13,477.52],[276.21,472.0],[277.27,467.75],[277.79,466.11],[278.28,464.85],[278.75,464.0],[279.14,463.63],[283.77,469.81]]]},"symbol":{"type":"CIMPolygonSymbol","symbolLayers":[{"type":"CIMSolidFill","enable":true,"primitiveName":"icon_element","color":[0,0,0,255]}]}},{"type":"CIMMarkerGraphic","geometry":{"paths":[[[275.13,477.52],[276.21,472.0],[277.27,467.75],[277.79,466.11],[278.28,464.85],[278.75,464.0],[279.14,463.63],[283.77,469.81],[281.95,470.71],[280.29,471.93],[278.99,473.23],[276.06,476.6]]]},"symbol":{"type":"CIMPolygonSymbol","symbolLayers":[{"type":"CIMSolidStroke","enable":true,"primitiveName":"icon_element","capStyle":"Butt","joinStyle":"Miter","lineStyle3D":"Strip","miterLimit":10,"width":4,"color":[0,0,0,255]}]}},{"type":"CIMMarkerGraphic","geometry":{"rings":[[[332.86,463.63],[333.25,464.0],[333.72,464.85],[334.21,466.11],[334.73,467.75],[335.78,472.0],[336.87,477.52],[335.94,476.6],[333.02,473.23],[331.71,471.93],[330.05,470.71],[328.22,469.81],[332.86,463.63]]]},"symbol":{"type":"CIMPolygonSymbol","symbolLayers":[{"type":"CIMSolidFill","enable":true,"primitiveName":"icon_element","color":[0,0,0,255]}]}},{"type":"CIMMarkerGraphic","geometry":{"paths":[[[336.87,477.52],[335.78,472.0],[334.73,467.75],[334.21,466.11],[333.72,464.85],[333.25,464.0],[332.86,463.63],[328.22,469.81],[330.05,470.71],[331.71,471.93],[333.02,473.23],[335.94,476.6]]]},"symbol":{"type":"CIMPolygonSymbol","symbolLayers":[{"type":"CIMSolidStroke","enable":true,"primitiveName":"icon_element","capStyle":"Butt","joinStyle":"Miter","lineStyle3D":"Strip","miterLimit":10,"width":4,"color":[0,0,0,255]}]}},{"type":"CIMMarkerGraphic","geometry":{"paths":[[[392.6,482.4],[219.9,309.1]]]},"symbol":{"type":"CIMPolygonSymbol","symbolLayers":[{"type":"CIMSolidStroke","enable":true,"primitiveName":"icon_element","capStyle":"Butt","joinStyle":"Miter","lineStyle3D":"Strip","miterLimit":10,"width":5,"color":[0,0,0,255]}]}},{"type":"CIMMarkerGraphic","geometry":{"rings":[[[399.9,446.0],[309.9,396.0],[399.9,346.0],[399.9,446.0]],[[309.9,396.0],[219.9,446.0],[219.9,346.0],[309.9,396.0]]]},"symbol":{"type":"CIMPolygonSymbol","symbolLayers":[{"type":"CIMSolidFill","enable":true,"primitiveName":"icon_element","color":[0,0,0,255]}]}},{"type":"CIMMarkerGraphic","geometry":{"rings":[[[309.9,360.8],[315.4,361.3],[320.8,362.6],[325.9,364.7],[330.6,367.5],[334.8,371.1],[338.4,375.3],[341.3,380.0],[343.4,385.1],[344.7,390.5],[345.1,396.0],[344.7,401.5],[343.4,406.9],[341.3,412.0],[338.4,416.7],[334.8,420.9],[330.6,424.5],[325.9,427.3],[320.8,429.4],[315.4,430.7],[309.9,431.2],[304.4,430.7],[299.1,429.4],[294.0,427.3],[289.3,424.5],[285.1,420.9],[281.5,416.7],[278.6,412.0],[276.5,406.9],[275.2,401.5],[274.8,396.0],[275.2,390.5],[276.5,385.1],[278.6,380.0],[281.5,375.3],[285.1,371.1],[289.3,367.5],[294.0,364.7],[299.1,362.6],[304.4,361.3],[309.9,360.8]]]},"symbol":{"type":"CIMPolygonSymbol","symbolLayers":[{"type":"CIMSolidFill","enable":true,"primitiveName":"icon_element","color":[0,0,0,255]}]}},{"type":"CIMMarkerGraphic","geometry":{"rings":[[[309.9,360.8],[315.4,361.3],[320.8,362.6],[325.9,364.7],[330.6,367.5],[334.8,371.1],[338.4,375.3],[341.3,380.0],[343.4,385.1],[344.7,390.5],[345.1,396.0],[344.7,401.5],[343.4,406.9],[341.3,412.0],[338.4,416.7],[334.8,420.9],[330.6,424.5],[325.9,427.3],[320.8,429.4],[315.4,430.7],[309.9,431.2],[304.4,430.7],[299.1,429.4],[294.0,427.3],[289.3,424.5],[285.1,420.9],[281.5,416.7],[278.6,412.0],[276.5,406.9],[275.2,401.5],[274.8,396.0],[275.2,390.5],[276.5,385.1],[278.6,380.0],[281.5,375.3],[285.1,371.1],[289.3,367.5],[294.0,364.7],[299.1,362.6],[304.4,361.3],[309.9,360.8]]]},"symbol":{"type":"CIMPolygonSymbol","symbolLayers":[{"type":"CIMSolidStroke","enable":true,"primitiveName":"icon_element","capStyle":"Round","joinStyle":"Miter","lineStyle3D":"Strip","miterLimit":10,"width":5,"color":[0,0,0,255]}]}}],"scaleSymbolsProportionally":true,"respectFrame":true}],"haloSize":1,"scaleX":1,"angleAlignment":"Display"}