{"type":"CIMPointSymbol","symbolLayers":[{"type":"CIMVectorMarker","enable":true,"anchorPointUnits":"Relative","dominantSizeAxis3D":"Z","size":64,"billboardMode3D":"FaceNearPlane","frame":{"xmin":0,"ymin":0,"xmax":612,"ymax":792},"markerGraphics":[{"type":"CIMMarkerGraphic","geometry":{"paths":[[[250.6,351.0],[242.5,351.9],[234.7,354.4],[227.5,358.5],[221.2,364.1],[216.1,370.8],[212.2,378.6],[209.9,386.9],[209.1,395.6],[209.9,404.3],[212.2,412.7],[216.1,420.4],[221.2,427.2],[227.5,432.7],[234.7,436.9],[242.5,439.4],[250.6,440.3]]]},"symbol":{"type":"CIMPolygonSymbol","symbolLayers":[{"type":"CIMSolidStroke","enable":true,"primitiveName":"icon_element","capStyle":"Butt","joinStyle":"Miter","lineStyle3D":"Strip","miterLimit":10,"width":5,"color":[0,0,0,255]}]}},{"type":"CIMMarkerGraphic","geometry":{"paths":[[[361.4,440.3],[369.5,439.4],[377.3,436.9],[384.5,432.7],[390.8,427.2],[395.9,420.4],[399.8,412.7],[402.1,404.3],[402.9,395.6],[402.1,386.9],[399.8,378.6],[395.9,370.8],[390.8,364.1],[384.5,358.5],[377.3,354.4],[369.5,351.9],[361.4,351.0]]]},"symbol":{"type":"CIMPolygonSymbol","symbolLayers":[{"type":"CIMSolidStroke","enable":true,"primitiveName":"icon_element","capStyle":"Butt","joinStyle":"Miter","lineStyle3D":"Strip","miterLimit":10,"width":5,"color":[0,0,0,255]}]}},{"type":"CIMMarkerGraphic","geometry":{"paths":[[[250.6,440.3],[361.4,440.3]]]},"symbol":{"type":"CIMPolygonSymbol","symbolLayers":[{"type":"CIMSolidStroke","enable":true,"primitiveName":"icon_element","capStyle":"Butt","joinStyle":"Miter","lineStyle3D":"Strip","miterLimit":10,"width":5,"color":[0,0,0,255]}]}},{"type":"CIMMarkerGraphic","geometry":{"paths":[[[250.6,351.0],[361.4,351.0]]]},"symbol":{"type":"CIMPolygonSymbol","symbolLayers":[{"type":"CIMSolidStroke","enable":true,"primitiveName":"icon_element","capStyle":"Butt","joinStyle":"Miter","lineStyle3D":"Strip","miterLimit":10,"width":5,"color":[0,0,0,255]}]}},{"type":"CIMMarkerGraphic","geometry":{"rings":[[[305.1,358.2],[312.5,358.9],[319.6,361.0],[326.1,364.5],[331.8,369.2],[336.5,375.0],[340.0,381.5],[342.2,388.6],[342.9,396.0],[342.2,403.4],[340.0,410.5],[336.5,417.0],[331.8,422.8],[326.1,427.5],[319.6,431.0],[312.5,433.1],[305.1,433.8],[297.7,433.1],[290.6,431.0],[284.1,427.5],[278.3,422.8],[273.6,417.0],[270.1,410.5],[268.0,403.4],[267.3,396.0],[268.0,388.6],[270.1,381.5],[273.6,375.0],[278.3,369.2],[284.1,364.5],[290.6,361.0],[297.7,358.9],[305.1,358.2]]]},"symbol":{"type":"CIMPolygonSymbol","symbolLayers":[{"type":"CIMSolidFill","enable":true,"primitiveName":"icon_element","color":[0,0,0,255]}]}}],"scaleSymbolsProportionally":true,"respectFrame":true}],"haloSize":1,"scaleX":1,"angleAlignment":"Display"}