{"type":"CIMPointSymbol","symbolLayers":[{"type":"CIMVectorMarker","enable":true,"anchorPointUnits":"Relative","dominantSizeAxis3D":"Z","size":64,"billboardMode3D":"FaceNearPlane","frame":{"xmin":0,"ymin":0,"xmax":612,"ymax":792},"markerGraphics":[{"type":"CIMMarkerGraphic","geometry":{"rings":[[[226.0,339.0],[228.26,339.2],[230.45,339.78],[232.5,340.74],[234.36,342.04],[235.96,343.64],[237.26,345.5],[238.22,347.55],[238.8,349.74],[239.0,352.0],[238.8,354.26],[238.22,356.45],[237.26,358.5],[235.96,360.36],[234.36,361.96],[232.5,363.26],[230.45,364.22],[228.26,364.8],[226.0,365.0],[223.74,364.8],[221.55,364.22],[219.5,363.26],[217.64,361.96],[216.04,360.36],[214.74,358.5],[213.78,356.45],[213.2,354.26],[213.0,352.0],[213.2,349.74],[213.78,347.55],[214.74,345.5],[216.04,343.64],[217.64,342.04],[219.5,340.74],[221.55,339.78],[223.74,339.2],[226.0,339.0]]]},"symbol":{"type":"CIMPolygonSymbol","symbolLayers":[{"type":"CIMSolidStroke","enable":true,"primitiveName":"icon_element","capStyle":"Round","joinStyle":"Miter","lineStyle3D":"Strip","miterLimit":10,"width":5,"color":[0,0,0,255]}]}},{"type":"CIMMarkerGraphic","geometry":{"rings":[[[386.0,339.0],[388.03,339.16],[390.02,339.64],[391.9,340.42],[393.64,341.48],[395.19,342.81],[396.52,344.36],[397.58,346.1],[398.36,347.98],[398.84,349.97],[399.0,352.0],[398.84,354.03],[398.36,356.02],[397.58,357.9],[396.52,359.64],[395.19,361.19],[393.64,362.52],[391.9,363.58],[390.02,364.36],[388.03,364.84],[386.0,365.0],[383.97,364.84],[381.98,364.36],[380.1,363.58],[378.36,362.52],[376.81,361.19],[375.48,359.64],[374.42,357.9],[373.64,356.02],[373.16,354.03],[373.0,352.0],[373.16,349.97],[373.64,347.98],[374.42,346.1],[375.48,344.36],[376.81,342.81],[378.36,341.48],[380.1,340.42],[381.98,339.64],[383.97,339.16],[386.0,339.0]]]},"symbol":{"type":"CIMPolygonSymbol","symbolLayers":[{"type":"CIMSolidStroke","enable":true,"primitiveName":"icon_element","capStyle":"Round","joinStyle":"Miter","lineStyle3D":"Strip","miterLimit":10,"width":5,"color":[0,0,0,255]}]}},{"type":"CIMMarkerGraphic","geometry":{"paths":[[[208.0,369.0],[404.0,369.0]]]},"symbol":{"type":"CIMPolygonSymbol","symbolLayers":[{"type":"CIMSolidStroke","enable":true,"primitiveName":"icon_element","capStyle":"Butt","joinStyle":"Miter","lineStyle3D":"Strip","miterLimit":10,"width":5,"color":[0,0,0,255]}]}},{"type":"CIMMarkerGraphic","geometry":{"rings":[[[300.5,481.9],[306.5,497.5],[312.5,481.9],[300.5,481.9]]]},"symbol":{"type":"CIMPolygonSymbol","symbolLayers":[{"type":"CIMSolidStroke","enable":true,"primitiveName":"icon_element","capStyle":"Round","joinStyle":"Miter","lineStyle3D":"Strip","miterLimit":10,"width":3.0000001192092896,"color":[0,0,0,255]}]}},{"type":"CIMMarkerGraphic","geometry":{"paths":[[[306.5,497.5],[306.5,389.5]]]},"symbol":{"type":"CIMPolygonSymbol","symbolLayers":[{"type":"CIMSolidStroke","enable":true,"primitiveName":"icon_element","capStyle":"Butt","joinStyle":"Miter","lineStyle3D":"Strip","miterLimit":10,"width":3.0000001192092896,"color":[0,0,0,255]}]}},{"type":"CIMMarkerGraphic","geometry":{"rings":[[[306.5,372.7],[307.85,372.82],[309.17,373.17],[310.4,373.74],[311.51,374.52],[312.48,375.49],[313.26,376.6],[313.83,377.83],[314.18,379.15],[314.3,380.5],[314.18,381.85],[313.83,383.17],[313.26,384.4],[312.48,385.51],[311.51,386.47],[310.4,387.25],[309.17,387.83],[307.85,388.18],[306.5,388.3],[305.15,388.18],[303.83,387.83],[302.6,387.25],[301.49,386.47],[300.52,385.51],[299.75,384.4],[299.17,383.17],[298.82,381.85],[298.7,380.5],[298.82,379.15],[299.17,377.83],[299.75,376.6],[300.52,375.49],[301.49,374.52],[302.6,373.74],[303.83,373.17],[305.15,372.82],[306.5,372.7]]]},"symbol":{"type":"CIMPolygonSymbol","symbolLayers":[{"type":"CIMSolidStroke","enable":true,"primitiveName":"icon_element","capStyle":"Round","joinStyle":"Miter","lineStyle3D":"Strip","miterLimit":10,"width":3.0000001192092896,"color":[0,0,0,255]}]}}],"scaleSymbolsProportionally":true,"respectFrame":true}],"haloSize":1,"scaleX":1,"angleAlignment":"Display"}