{"type":"CIMPointSymbol","symbolLayers":[{"type":"CIMVectorMarker","enable":true,"anchorPointUnits":"Relative","dominantSizeAxis3D":"Z","size":64,"billboardMode3D":"FaceNearPlane","frame":{"xmin":0,"ymin":0,"xmax":612,"ymax":792},"markerGraphics":[{"type":"CIMMarkerGraphic","geometry":{"rings":[[[229.0,408.0],[232.1,408.3],[235.2,409.1],[238.0,410.4],[240.6,412.2],[242.8,414.4],[244.6,417.0],[245.9,419.9],[246.7,422.9],[247.0,426.0],[246.7,429.1],[245.9,432.2],[244.6,435.0],[242.8,437.6],[240.6,439.8],[238.0,441.6],[235.2,442.9],[232.1,443.7],[229.0,444.0],[225.9,443.7],[222.8,442.9],[220.0,441.6],[217.4,439.8],[215.2,437.6],[213.4,435.0],[212.1,432.2],[211.3,429.1],[211.0,426.0],[211.3,422.9],[212.1,419.9],[213.4,417.0],[215.2,414.4],[217.4,412.2],[220.0,410.4],[222.8,409.1],[225.9,408.3],[229.0,408.0]]]},"symbol":{"type":"CIMPolygonSymbol","symbolLayers":[{"type":"CIMSolidFill","enable":true,"primitiveName":"icon_element","color":[0,0,0,255]}]}},{"type":"CIMMarkerGraphic","geometry":{"rings":[[[382.5,409.0],[385.6,409.3],[388.7,410.1],[391.5,411.4],[394.1,413.2],[396.3,415.4],[398.1,418.0],[399.4,420.9],[400.2,423.9],[400.5,427.0],[400.2,430.1],[399.4,433.2],[398.1,436.0],[396.3,438.6],[394.1,440.8],[391.5,442.6],[388.7,443.9],[385.6,444.7],[382.5,445.0],[379.4,444.7],[376.3,443.9],[373.5,442.6],[370.9,440.8],[368.7,438.6],[366.9,436.0],[365.6,433.2],[364.8,430.1],[364.5,427.0],[364.8,423.9],[365.6,420.9],[366.9,418.0],[368.7,415.4],[370.9,413.2],[373.5,411.4],[376.3,410.1],[379.4,409.3],[382.5,409.0]]]},"symbol":{"type":"CIMPolygonSymbol","symbolLayers":[{"type":"CIMSolidFill","enable":true,"primitiveName":"icon_element","color":[0,0,0,255]}]}},{"type":"CIMMarkerGraphic","geometry":{"paths":[[[237.0,437.3],[261.0,429.3],[278.9,422.1],[293.1,414.8],[304.7,406.7],[314.6,397.4],[323.7,385.8],[333.1,371.0],[344.7,349.6]]]},"symbol":{"type":"CIMPolygonSymbol","symbolLayers":[{"type":"CIMSolidStroke","enable":true,"primitiveName":"icon_element","capStyle":"Butt","joinStyle":"Miter","lineStyle3D":"Strip","miterLimit":10,"width":5,"color":[0,0,0,255]}]}},{"type":"CIMMarkerGraphic","geometry":{"paths":[[[373.0,437.3],[349.0,429.3],[331.1,422.1],[316.9,414.8],[305.3,406.7],[295.4,397.4],[286.3,385.8],[276.9,371.0],[265.3,349.6]]]},"symbol":{"type":"CIMPolygonSymbol","symbolLayers":[{"type":"CIMSolidStroke","enable":true,"primitiveName":"icon_element","capStyle":"Butt","joinStyle":"Miter","lineStyle3D":"Strip","miterLimit":10,"width":5,"color":[0,0,0,255]}]}},{"type":"CIMMarkerGraphic","geometry":{"paths":[[[426.0,475.0],[186.0,317.0]]]},"symbol":{"type":"CIMPolygonSymbol","symbolLayers":[{"type":"CIMSolidStroke","enable":true,"primitiveName":"icon_element","capStyle":"Butt","joinStyle":"Miter","lineStyle3D":"Strip","miterLimit":10,"width":5,"color":[0,0,0,255]}]}},{"type":"CIMMarkerGraphic","geometry":{"paths":[[[306,567],[306,225]]]},"symbol":{"type":"CIMPolygonSymbol","symbolLayers":[{"type":"CIMSolidStroke","enable":true,"primitiveName":"icon_element","capStyle":"Butt","joinStyle":"Miter","lineStyle3D":"Strip","miterLimit":10,"width":5,"color":[0,0,0,255]}]}}],"scaleSymbolsProportionally":true,"respectFrame":true}],"haloSize":1,"scaleX":1,"angleAlignment":"Display"}