{"type":"CIMPointSymbol","symbolLayers":[{"type":"CIMVectorMarker","enable":true,"anchorPointUnits":"Relative","dominantSizeAxis3D":"Z","size":64,"billboardMode3D":"FaceNearPlane","frame":{"xmin":0,"ymin":0,"xmax":612,"ymax":792},"markerGraphics":[{"type":"CIMMarkerGraphic","geometry":{"rings":[[[238.3,401.5],[240.8,401.7],[243.2,402.2],[245.5,403.2],[247.7,404.5],[249.6,406.1],[251.2,408.0],[252.5,410.2],[253.5,412.5],[254.0,414.9],[254.2,417.4],[254.0,419.9],[253.5,422.4],[252.5,424.7],[251.2,426.8],[249.6,428.7],[247.7,430.4],[245.5,431.7],[243.2,432.6],[240.8,433.2],[238.3,433.4],[235.8,433.2],[233.3,432.6],[231.0,431.7],[228.9,430.4],[227.0,428.7],[225.3,426.8],[224.0,424.7],[223.1,422.4],[222.5,419.9],[222.3,417.4],[222.5,414.9],[223.1,412.5],[224.0,410.2],[225.3,408.0],[227.0,406.1],[228.9,404.5],[231.0,403.2],[233.3,402.2],[235.8,401.7],[238.3,401.5]]]},"symbol":{"type":"CIMPolygonSymbol","symbolLayers":[{"type":"CIMSolidFill","enable":true,"primitiveName":"icon_element","color":[0,0,0,255]}]}},{"type":"CIMMarkerGraphic","geometry":{"rings":[[[372.5,402.3],[375.0,402.5],[377.5,403.1],[379.8,404.1],[381.9,405.4],[383.8,407.0],[385.4,408.9],[386.8,411.1],[387.7,413.4],[388.3,415.8],[388.5,418.3],[388.3,420.8],[387.7,423.3],[386.8,425.6],[385.4,427.7],[383.8,429.6],[381.9,431.3],[379.8,432.6],[377.5,433.5],[375.0,434.1],[372.5,434.3],[370.0,434.1],[367.6,433.5],[365.3,432.6],[363.1,431.3],[361.2,429.6],[359.6,427.7],[358.3,425.6],[357.3,423.3],[356.7,420.8],[356.5,418.3],[356.7,415.8],[357.3,413.4],[358.3,411.1],[359.6,408.9],[361.2,407.0],[363.1,405.4],[365.3,404.1],[367.6,403.1],[370.0,402.5],[372.5,402.3]]]},"symbol":{"type":"CIMPolygonSymbol","symbolLayers":[{"type":"CIMSolidFill","enable":true,"primitiveName":"icon_element","color":[0,0,0,255]}]}},{"type":"CIMMarkerGraphic","geometry":{"paths":[[[244.4,427.4],[265.7,420.3],[281.6,414.0],[294.2,407.5],[304.5,400.3],[313.2,392.0],[321.3,381.8],[329.6,368.6],[339.9,349.6]]]},"symbol":{"type":"CIMPolygonSymbol","symbolLayers":[{"type":"CIMSolidStroke","enable":true,"primitiveName":"icon_element","capStyle":"Butt","joinStyle":"Miter","lineStyle3D":"Strip","miterLimit":10,"width":5,"color":[0,0,0,255]}]}},{"type":"CIMMarkerGraphic","geometry":{"paths":[[[365.1,427.4],[343.8,420.3],[327.9,414.0],[315.3,407.5],[305.0,400.3],[296.2,392.0],[288.1,381.8],[279.8,368.6],[269.5,349.6]]]},"symbol":{"type":"CIMPolygonSymbol","symbolLayers":[{"type":"CIMSolidStroke","enable":true,"primitiveName":"icon_element","capStyle":"Butt","joinStyle":"Miter","lineStyle3D":"Strip","miterLimit":10,"width":5,"color":[0,0,0,255]}]}},{"type":"CIMMarkerGraphic","geometry":{"rings":[[[241.3,438.3],[231.4,437.5],[222.3,435.2],[214.2,431.4],[207.2,426.1],[201.4,419.5],[197.1,411.7],[194.4,403.1],[193.5,394.0],[194.4,384.9],[197.1,376.3],[201.4,368.5],[207.2,361.9],[214.2,356.6],[222.3,352.8],[231.4,350.5],[241.3,349.7],[368.7,349.7],[378.6,350.5],[387.7,352.8],[395.8,356.6],[402.8,361.9],[408.6,368.5],[412.9,376.3],[415.6,384.9],[416.5,394.0],[415.6,403.1],[412.9,411.7],[408.6,419.5],[402.8,426.1],[395.8,431.4],[387.7,435.2],[378.6,437.5],[368.7,438.3],[241.3,438.3]]]},"symbol":{"type":"CIMPolygonSymbol","symbolLayers":[{"type":"CIMSolidStroke","enable":true,"primitiveName":"icon_element","capStyle":"Round","joinStyle":"Miter","lineStyle3D":"Strip","miterLimit":10,"width":5,"color":[0,0,0,255]}]}}],"scaleSymbolsProportionally":true,"respectFrame":true}],"haloSize":1,"scaleX":1,"angleAlignment":"Display"}