{"type":"CIMPointSymbol","symbolLayers":[{"type":"CIMVectorMarker","enable":true,"anchorPointUnits":"Relative","dominantSizeAxis3D":"Z","size":64,"billboardMode3D":"FaceNearPlane","frame":{"xmin":0,"ymin":0,"xmax":612,"ymax":792},"markerGraphics":[{"type":"CIMMarkerGraphic","geometry":{"rings":[[[254.2,377.3],[305.3,427.2],[356.6,377.1],[305.3,327.5],[254.2,377.3]],[[389.7,325.8],[389.7,429.4],[370.9,429.4],[370.9,466.9],[358.4,466.9],[358.4,429.4],[330.7,429.4],[330.7,466.9],[318.2,466.9],[318.2,429.4],[221.3,429.4],[221.3,325.8],[389.7,325.8]]]},"symbol":{"type":"CIMPolygonSymbol","symbolLayers":[{"type":"CIMSolidFill","enable":true,"primitiveName":"icon_element","color":[255,255,255,255]}]}},{"type":"CIMMarkerGraphic","geometry":{"rings":[[[277.6,378.0],[277.6,397.7],[274.94,395.42],[271.49,392.11],[269.41,389.86],[268.88,389.14],[268.7,388.7],[268.7,378.0],[277.6,378.0]]]},"symbol":{"type":"CIMPolygonSymbol","symbolLayers":[{"type":"CIMSolidFill","enable":true,"primitiveName":"icon_element","color":[255,255,255,255]}]}},{"type":"CIMMarkerGraphic","geometry":{"rings":[[[299.0,378.0],[298.9,418.8],[288.6,408.5],[288.3,378.0],[299.0,378.0]]]},"symbol":{"type":"CIMPolygonSymbol","symbolLayers":[{"type":"CIMSolidFill","enable":true,"primitiveName":"icon_element","color":[255,255,255,255]}]}},{"type":"CIMMarkerGraphic","geometry":{"rings":[[[322.2,378.0],[322.2,408.0],[321.3,409.3],[318.8,412.0],[311.5,418.7],[311.5,378.0],[322.2,378.0]]]},"symbol":{"type":"CIMPolygonSymbol","symbolLayers":[{"type":"CIMSolidFill","enable":true,"primitiveName":"icon_element","color":[255,255,255,255]}]}},{"type":"CIMMarkerGraphic","geometry":{"rings":[[[341.9,378.0],[341.9,387.9],[342.3,389.2],[333.0,397.7],[333.0,378.0],[341.9,378.0]]]},"symbol":{"type":"CIMPolygonSymbol","symbolLayers":[{"type":"CIMSolidFill","enable":true,"primitiveName":"icon_element","color":[255,255,255,255]}]}},{"type":"CIMMarkerGraphic","geometry":{"rings":[[[353.5,376.7],[257.0,376.7],[305.2,330.1],[353.5,376.7]]]},"symbol":{"type":"CIMPolygonSymbol","symbolLayers":[{"type":"CIMSolidFill","enable":true,"primitiveName":"icon_element","color":[255,255,255,255]}]}},{"type":"CIMMarkerGraphic","geometry":{"rings":[[[311.5,418.7],[318.9,411.9],[322.3,408.0],[322.3,378.0],[311.5,378.0],[311.5,418.7]],[[333.0,397.7],[342.3,389.1],[341.9,387.9],[341.9,378.0],[333.0,378.0],[333.0,397.7]],[[288.6,408.5],[298.9,418.8],[299.0,378.0],[288.3,378.0],[288.6,408.5]],[[268.7,388.7],[271.3,391.9],[277.6,397.6],[277.6,378.0],[268.7,378.0],[268.7,388.7]],[[257.0,376.7],[353.5,376.7],[305.2,330.1],[257.0,376.7]],[[356.6,377.2],[305.3,427.2],[254.2,377.3],[305.3,327.5],[356.6,377.2]]]},"symbol":{"type":"CIMPolygonSymbol","symbolLayers":[{"type":"CIMSolidFill","enable":true,"colorLocked":true,"color":[0,0,0,255]}]}},{"type":"CIMMarkerGraphic","geometry":{"rings":[[[221.3,429.4],[318.2,429.4],[318.2,466.9],[330.7,466.9],[330.7,429.4],[358.4,429.4],[358.4,466.9],[370.9,466.9],[370.9,429.4],[389.7,429.4],[389.7,325.8],[221.3,325.8],[221.3,429.4]],[[392.8,322.2],[392.8,432.5],[375.0,432.5],[375.0,470.5],[354.9,470.5],[354.9,432.5],[334.8,432.5],[334.8,470.5],[314.7,470.5],[314.7,432.5],[218.2,432.5],[218.2,322.2],[392.8,322.2]]]},"symbol":{"type":"CIMPolygonSymbol","symbolLayers":[{"type":"CIMSolidFill","enable":true,"colorLocked":true,"color":[0,0,0,255]}]}}],"scaleSymbolsProportionally":true,"respectFrame":true}],"haloSize":1,"scaleX":1,"angleAlignment":"Display","version":"2.0.0","build":"8933"}