{"type":"CIMPointSymbol","symbolLayers":[{"type":"CIMVectorMarker","enable":true,"anchorPointUnits":"Relative","dominantSizeAxis3D":"Z","size":64,"billboardMode3D":"FaceNearPlane","frame":{"xmin":0,"ymin":0,"xmax":612,"ymax":792},"markerGraphics":[{"type":"CIMMarkerGraphic","geometry":{"paths":[[[308.0,294.0],[298.1,295.0],[287.5,297.7],[280.4,300.9],[278.0,304.0],[278.0,339.0],[263.7,345.8],[251.3,354.2],[241.0,363.9],[232.9,374.9],[226.9,387.1],[223.4,400.3],[222.3,414.2],[223.7,428.4],[227.9,443.2],[234.6,457.2],[243.5,470.0],[254.4,480.8],[266.6,489.3],[279.8,495.3],[293.7,498.5],[308.0,499.0]]]},"symbol":{"type":"CIMPolygonSymbol","symbolLayers":[{"type":"CIMSolidStroke","enable":true,"primitiveName":"icon_element","capStyle":"Butt","joinStyle":"Miter","lineStyle3D":"Strip","miterLimit":10,"width":5,"color":[0,0,0,255]}]}},{"type":"CIMMarkerGraphic","geometry":{"paths":[[[303.0,294.0],[312.9,295.0],[323.5,297.7],[330.6,300.9],[333.0,304.0],[333.0,339.0],[347.3,345.8],[359.7,354.2],[370.0,363.9],[378.1,374.9],[384.1,387.1],[387.6,400.3],[388.7,414.2],[387.3,428.4],[383.1,443.2],[376.4,457.2],[367.5,470.0],[356.6,480.8],[344.4,489.3],[331.2,495.3],[317.3,498.5],[303.0,499.0]]]},"symbol":{"type":"CIMPolygonSymbol","symbolLayers":[{"type":"CIMSolidStroke","enable":true,"primitiveName":"icon_element","capStyle":"Butt","joinStyle":"Miter","lineStyle3D":"Strip","miterLimit":10,"width":5,"color":[0,0,0,255]}]}},{"type":"CIMMarkerGraphic","geometry":{"x":240.5,"y":381.021484375},"symbol":{"type":"CIMTextSymbol","blockProgression":"TTB","depth3D":1,"extrapolateBaselines":true,"fontEffects":"Normal","fontEncoding":"Unicode","fontFamilyName":"Arial","fontType":"Unspecified","haloSize":1,"height":90,"hinting":"Default","horizontalAlignment":"Left","kerning":true,"letterWidth":100,"ligatures":true,"lineGapType":"ExtraLeading","symbol":{"type":"CIMPolygonSymbol","symbolLayers":[{"type":"CIMSolidFill","enable":true,"color":[0,0,0,255]}]},"textCase":"Normal","textDirection":"LTR","verticalAlignment":"Baseline","verticalGlyphOrientation":"Right","wordSpacing":100,"billboardMode3D":"FaceNearPlane"},"textString":"NG","primitiveName":"icon_element"}],"scaleSymbolsProportionally":true,"respectFrame":true}],"haloSize":1,"scaleX":1,"angleAlignment":"Display","version":"2.0.0","build":"8933"}