{"type":"CIMPointSymbol","symbolLayers":[{"type":"CIMVectorMarker","enable":true,"anchorPointUnits":"Relative","dominantSizeAxis3D":"Z","size":64,"billboardMode3D":"FaceNearPlane","frame":{"xmin":0,"ymin":0,"xmax":612,"ymax":792},"markerGraphics":[{"type":"CIMMarkerGraphic","geometry":{"paths":[[[322.0,438.5],[315.5,437.8],[309.5,435.7],[304.1,432.2],[299.5,427.5],[295.7,421.4],[292.9,414.4],[291.1,406.5],[290.5,398.3],[291.1,390.0],[292.9,382.1],[295.7,375.1],[299.5,369.0],[304.1,364.3],[309.5,360.8],[315.5,358.7],[322.0,358.0]]]},"symbol":{"type":"CIMPolygonSymbol","symbolLayers":[{"type":"CIMSolidStroke","enable":true,"primitiveName":"icon_element","capStyle":"Butt","joinStyle":"Miter","lineStyle3D":"Strip","miterLimit":10,"width":3.4999999403953552,"color":[0,0,0,255]}]}},{"type":"CIMMarkerGraphic","geometry":{"paths":[[[322.0,438.5],[318.7,437.8],[315.7,435.7],[313.1,432.2],[310.8,427.5],[308.9,421.4],[307.4,414.4],[306.5,406.5],[306.2,398.3],[306.5,390.0],[307.4,382.1],[308.9,375.1],[310.8,369.0],[313.1,364.3],[315.7,360.8],[318.7,358.7],[322.0,358.0]]]},"symbol":{"type":"CIMPolygonSymbol","symbolLayers":[{"type":"CIMSolidStroke","enable":true,"primitiveName":"icon_element","capStyle":"Butt","joinStyle":"Miter","lineStyle3D":"Strip","miterLimit":10,"width":3.4999999403953552,"color":[0,0,0,255]}]}},{"type":"CIMMarkerGraphic","geometry":{"x":244.341796875,"y":446.167877197265625},"symbol":{"type":"CIMTextSymbol","blockProgression":"TTB","depth3D":1,"extrapolateBaselines":true,"fontEffects":"Normal","fontEncoding":"Unicode","fontFamilyName":"Arial","fontType":"Unspecified","haloSize":1,"height":52,"hinting":"Default","horizontalAlignment":"Left","kerning":true,"letterWidth":100,"ligatures":true,"lineGapType":"ExtraLeading","symbol":{"type":"CIMPolygonSymbol","symbolLayers":[{"type":"CIMSolidFill","enable":true,"color":[0,0,0,255]}]},"textCase":"Normal","textDirection":"LTR","verticalAlignment":"Baseline","verticalGlyphOrientation":"Right","wordSpacing":100,"billboardMode3D":"FaceNearPlane"},"textString":"COM","primitiveName":"icon_element"},{"type":"CIMMarkerGraphic","geometry":{"paths":[[[174.0,348.0],[438.0,348.0]]]},"symbol":{"type":"CIMPolygonSymbol","symbolLayers":[{"type":"CIMSolidStroke","enable":true,"primitiveName":"icon_element","capStyle":"Butt","joinStyle":"Miter","lineStyle3D":"Strip","miterLimit":10,"width":5,"color":[0,0,0,255]}]}}],"scaleSymbolsProportionally":true,"respectFrame":true}],"haloSize":1,"scaleX":1,"angleAlignment":"Display","version":"2.0.0","build":"8933"}