{"type":"CIMPointSymbol","symbolLayers":[{"type":"CIMVectorMarker","enable":true,"anchorPointUnits":"Relative","dominantSizeAxis3D":"Z","size":64,"billboardMode3D":"FaceNearPlane","frame":{"xmin":0,"ymin":0,"xmax":612,"ymax":792},"markerGraphics":[{"type":"CIMMarkerGraphic","geometry":{"rings":[[[336.1,416.6],[321.2,414.2],[316.7,414.3],[300.1,419.9],[300.1,435.9],[336.1,435.9],[336.1,416.6]],[[392.7,364.8],[390.0,374.6],[388.1,380.5],[378.0,414.0],[376.4,418.3],[379.2,423.2],[391.9,435.9],[382.8,463.8],[236.3,463.8],[236.3,435.9],[291.5,435.9],[291.5,416.1],[294.3,413.9],[303.6,410.6],[316.7,405.7],[340.5,408.6],[343.1,399.6],[346.5,387.2],[349.8,377.0],[349.8,376.5],[347.6,364.8],[392.7,364.8]]]},"symbol":{"type":"CIMPolygonSymbol","symbolLayers":[{"type":"CIMSolidFill","enable":true,"colorLocked":true,"color":[0,0,0,255]}]}},{"type":"CIMMarkerGraphic","geometry":{"rings":[[[302.0,337.5],[320.2,359.3],[319.8,384.7],[298.9,401.1],[220.7,402.0],[221.6,337.1],[302.0,337.5]]]},"symbol":{"type":"CIMPolygonSymbol","symbolLayers":[{"type":"CIMSolidFill","enable":true,"primitiveName":"icon_element","color":[255,255,255,255]}]}},{"type":"CIMMarkerGraphic","geometry":{"rings":[[[319.8,384.7],[298.9,401.1],[220.7,402.0],[221.6,337.1],[302.0,337.5],[320.2,359.3],[319.8,384.7]]]},"symbol":{"type":"CIMPolygonSymbol","symbolLayers":[{"type":"CIMSolidStroke","enable":true,"colorLocked":true,"capStyle":"Round","joinStyle":"Miter","lineStyle3D":"Strip","miterLimit":10,"width":4,"color":[0,0,0,255]}]}},{"type":"CIMMarkerGraphic","geometry":{"paths":[[[307.0,368.0],[327.0,420.0]]]},"symbol":{"type":"CIMPolygonSymbol","symbolLayers":[{"type":"CIMSolidStroke","enable":true,"colorLocked":true,"capStyle":"Butt","joinStyle":"Miter","lineStyle3D":"Strip","miterLimit":10,"width":2,"color":[0,0,0,255]}]}},{"type":"CIMMarkerGraphic","geometry":{"x":251,"y":351.2353515625},"symbol":{"type":"CIMTextSymbol","blockProgression":"TTB","depth3D":1,"extrapolateBaselines":true,"fontEffects":"Normal","fontEncoding":"Unicode","fontFamilyName":"Arial","fontType":"Unspecified","haloSize":1,"height":55,"hinting":"Default","horizontalAlignment":"Left","kerning":true,"letterWidth":100,"ligatures":true,"lineGapType":"ExtraLeading","symbol":{"type":"CIMPolygonSymbol","symbolLayers":[{"type":"CIMSolidFill","enable":true,"colorLocked":true,"color":[0,0,0,255]}]},"textCase":"Normal","textDirection":"LTR","verticalAlignment":"Baseline","verticalGlyphOrientation":"Right","wordSpacing":100,"billboardMode3D":"FaceNearPlane"},"textString":"$","primitiveName":"icon_element"}],"scaleSymbolsProportionally":true,"respectFrame":true}],"haloSize":1,"scaleX":1,"angleAlignment":"Display","version":"2.0.0","build":"8933"}