{"type":"CIMPointSymbol","symbolLayers":[{"type":"CIMVectorMarker","enable":true,"anchorPointUnits":"Relative","dominantSizeAxis3D":"Z","size":64,"billboardMode3D":"FaceNearPlane","frame":{"xmin":0,"ymin":0,"xmax":612,"ymax":792},"markerGraphics":[{"type":"CIMMarkerGraphic","geometry":{"x":247.776397705078125,"y":440.16796875},"symbol":{"type":"CIMTextSymbol","blockProgression":"TTB","depth3D":1,"extrapolateBaselines":true,"fontEffects":"Normal","fontEncoding":"Unicode","fontFamilyName":"Arial","fontType":"Unspecified","haloSize":1,"height":52,"hinting":"Default","horizontalAlignment":"Left","kerning":true,"letterWidth":100,"ligatures":true,"lineGapType":"ExtraLeading","symbol":{"type":"CIMPolygonSymbol","symbolLayers":[{"type":"CIMSolidFill","enable":true,"colorLocked":true,"color":[0,0,0,255]}]},"textCase":"Normal","textDirection":"LTR","verticalAlignment":"Baseline","verticalGlyphOrientation":"Right","wordSpacing":100,"billboardMode3D":"FaceNearPlane"},"textString":"DIST","primitiveName":"icon_element"},{"type":"CIMMarkerGraphic","geometry":{"rings":[[[213.3,339.0],[398.0,339.0],[398.0,435.4],[213.3,435.4],[213.3,339.0]]]},"symbol":{"type":"CIMPolygonSymbol","symbolLayers":[{"type":"CIMSolidFill","enable":true,"primitiveName":"icon_element","color":[255,255,255,255]}]}},{"type":"CIMMarkerGraphic","geometry":{"rings":[[[213.3,339.0],[398.0,339.0],[398.0,435.4],[213.3,435.4],[213.3,339.0]]]},"symbol":{"type":"CIMPolygonSymbol","symbolLayers":[{"type":"CIMSolidStroke","enable":true,"colorLocked":true,"capStyle":"Round","joinStyle":"Miter","lineStyle3D":"Strip","miterLimit":10,"width":5,"color":[0,0,0,255]}]}},{"type":"CIMMarkerGraphic","geometry":{"paths":[[[213.3,423.0],[305.6,384.9],[398.0,423.0]]]},"symbol":{"type":"CIMPolygonSymbol","symbolLayers":[{"type":"CIMSolidStroke","enable":true,"colorLocked":true,"capStyle":"Butt","joinStyle":"Miter","lineStyle3D":"Strip","miterLimit":10,"width":3,"color":[0,0,0,255]}]}}],"scaleSymbolsProportionally":true,"respectFrame":true}],"haloSize":1,"scaleX":1,"angleAlignment":"Display","version":"2.0.0","build":"8933"}