{"type":"CIMPointSymbol","symbolLayers":[{"type":"CIMVectorMarker","enable":true,"anchorPointUnits":"Relative","dominantSizeAxis3D":"Z","size":64,"billboardMode3D":"FaceNearPlane","frame":{"xmin":0,"ymin":0,"xmax":612,"ymax":792},"markerGraphics":[{"type":"CIMMarkerGraphic","geometry":{"paths":[[[245.0,396.0],[365.0,396.0]]]},"symbol":{"type":"CIMPolygonSymbol","symbolLayers":[{"type":"CIMSolidStroke","enable":true,"primitiveName":"icon_element","capStyle":"Butt","joinStyle":"Miter","lineStyle3D":"Strip","miterLimit":10,"width":5,"color":[0,0,0,255]}]}},{"type":"CIMMarkerGraphic","geometry":{"paths":[[[390.0,421.0],[384.6,420.6],[379.6,419.3],[375.1,417.1],[371.3,414.2],[368.1,410.4],[365.7,406.0],[364.2,401.1],[363.8,396.0],[364.2,390.9],[365.7,386.0],[368.1,381.6],[371.3,377.8],[375.1,374.9],[379.6,372.7],[384.6,371.4],[390.0,371.0]]]},"symbol":{"type":"CIMPolygonSymbol","symbolLayers":[{"type":"CIMSolidStroke","enable":true,"primitiveName":"icon_element","capStyle":"Butt","joinStyle":"Miter","lineStyle3D":"Strip","miterLimit":10,"width":5,"color":[0,0,0,255]}]}},{"type":"CIMMarkerGraphic","geometry":{"paths":[[[220.0,421.0],[225.4,420.6],[230.4,419.3],[234.9,417.1],[238.7,414.2],[241.9,410.4],[244.3,406.0],[245.8,401.1],[246.3,396.0],[245.8,390.9],[244.3,386.0],[241.9,381.6],[238.7,377.8],[234.9,374.9],[230.4,372.7],[225.4,371.4],[220.0,371.0]]]},"symbol":{"type":"CIMPolygonSymbol","symbolLayers":[{"type":"CIMSolidStroke","enable":true,"primitiveName":"icon_element","capStyle":"Butt","joinStyle":"Miter","lineStyle3D":"Strip","miterLimit":10,"width":5,"color":[0,0,0,255]}]}}],"scaleSymbolsProportionally":true,"respectFrame":true}],"haloSize":1,"scaleX":1,"angleAlignment":"Display","version":"2.0.0","build":"8933"}