{"type":"CIMPointSymbol","symbolLayers":[{"type":"CIMVectorMarker","enable":true,"anchorPointUnits":"Relative","dominantSizeAxis3D":"Z","size":64,"billboardMode3D":"FaceNearPlane","frame":{"xmin":0,"ymin":0,"xmax":612,"ymax":792},"markerGraphics":[{"type":"CIMMarkerGraphic","geometry":{"rings":[[[297.6,321.7],[302.1,321.2],[307.1,321.8],[329.5,330.2],[340.1,331.5],[362.6,328.3],[368.3,328.7],[370.8,330.6],[373.0,333.1],[373.8,335.7],[373.1,338.4],[370.9,341.1],[365.0,345.5],[347.2,354.7],[342.6,358.1],[342.6,360.1],[346.6,360.8],[371.2,358.6],[365.2,363.6],[355.8,367.0],[254.5,382.1],[228.5,383.1],[222.7,382.1],[222.5,380.2],[223.9,378.1],[238.6,368.7],[240.9,366.2],[241.6,364.0],[240.0,361.9],[235.7,360.4],[211.6,358.4],[207.4,356.8],[208.1,355.0],[211.0,353.5],[234.8,346.9],[239.0,344.1],[240.9,340.7],[243.8,336.3],[250.1,334.7],[258.6,335.6],[275.2,339.9],[281.5,336.3],[291.1,325.0],[297.6,321.7]]]},"symbol":{"type":"CIMPolygonSymbol","symbolLayers":[{"type":"CIMSolidFill","enable":true,"primitiveName":"icon_element","color":[255,255,255,255]}]}},{"type":"CIMMarkerGraphic","geometry":{"paths":[[[254.5,382.1],[228.5,383.1],[222.7,382.1],[222.5,380.2],[223.9,378.1],[238.6,368.7],[240.9,366.2],[241.6,364.0],[240.0,361.9],[235.7,360.4],[211.6,358.4],[207.4,356.8],[208.1,355.0],[211.0,353.5],[234.8,346.9],[239.0,344.1],[240.9,340.7],[243.8,336.3],[250.1,334.7],[258.6,335.6],[275.2,339.9],[281.5,336.3],[291.1,325.0],[297.6,321.7],[302.1,321.2],[307.1,321.8],[329.5,330.2],[340.1,331.5],[362.6,328.3],[368.3,328.7],[370.8,330.6],[373.0,333.1],[373.8,335.7],[373.1,338.4],[370.9,341.1],[365.0,345.5],[347.2,354.7],[342.6,358.1],[342.6,360.1],[346.6,360.8],[371.2,358.6],[365.2,363.6],[355.8,367.0]]]},"symbol":{"type":"CIMPolygonSymbol","symbolLayers":[{"type":"CIMSolidStroke","enable":true,"colorLocked":true,"capStyle":"Butt","joinStyle":"Miter","lineStyle3D":"Strip","miterLimit":10,"width":3.6000001430511475,"color":[0,0,0,255]}]}},{"type":"CIMMarkerGraphic","geometry":{"rings":[[[389.2,367.0],[389.2,460.6],[263.2,460.6],[263.2,367.0],[389.2,367.0]]]},"symbol":{"type":"CIMPolygonSymbol","symbolLayers":[{"type":"CIMSolidFill","enable":true,"primitiveName":"icon_element","color":[255,255,255,255]}]}},{"type":"CIMMarkerGraphic","geometry":{"paths":[[[389.2,367.0],[263.2,367.0],[263.2,460.6],[389.2,460.6]]]},"symbol":{"type":"CIMPolygonSymbol","symbolLayers":[{"type":"CIMSolidStroke","enable":true,"colorLocked":true,"capStyle":"Butt","joinStyle":"Miter","lineStyle3D":"Strip","miterLimit":10,"width":3.6000001430511475,"color":[0,0,0,255]}]}},{"type":"CIMMarkerGraphic","geometry":{"rings":[[[251.2,413.8],[252.1,395.9],[254.7,380.7],[256.5,374.9],[258.6,370.6],[260.9,367.9],[263.2,367.0],[265.5,367.9],[267.8,370.6],[269.9,374.9],[271.7,380.7],[274.3,395.9],[275.2,413.8],[274.3,431.7],[271.7,446.9],[269.9,452.7],[267.8,457.0],[265.5,459.7],[263.2,460.6],[260.9,459.7],[258.6,457.0],[256.5,452.7],[254.7,446.9],[252.1,431.7],[251.2,413.8]]]},"symbol":{"type":"CIMPolygonSymbol","symbolLayers":[{"type":"CIMSolidFill","enable":true,"primitiveName":"icon_element","color":[255,255,255,255]}]}},{"type":"CIMMarkerGraphic","geometry":{"rings":[[[251.2,413.8],[252.1,395.9],[254.7,380.7],[256.5,374.9],[258.6,370.6],[260.9,367.9],[263.2,367.0],[265.5,367.9],[267.8,370.6],[269.9,374.9],[271.7,380.7],[274.3,395.9],[275.2,413.8],[274.3,431.7],[271.7,446.9],[269.9,452.7],[267.8,457.0],[265.5,459.7],[263.2,460.6],[260.9,459.7],[258.6,457.0],[256.5,452.7],[254.7,446.9],[252.1,431.7],[251.2,413.8]]]},"symbol":{"type":"CIMPolygonSymbol","symbolLayers":[{"type":"CIMSolidStroke","enable":true,"colorLocked":true,"capStyle":"Round","joinStyle":"Miter","lineStyle3D":"Strip","miterLimit":10,"width":3.6000001430511475,"color":[0,0,0,255]}]}},{"type":"CIMMarkerGraphic","geometry":{"rings":[[[389.2,367.0],[391.6,367.9],[393.8,370.5],[395.9,374.8],[397.7,380.6],[400.3,395.6],[401.2,413.4],[400.3,431.4],[397.7,446.7],[395.8,452.6],[393.8,457.0],[391.5,459.7],[389.2,460.6],[389.2,367.0]]]},"symbol":{"type":"CIMPolygonSymbol","symbolLayers":[{"type":"CIMSolidFill","enable":true,"primitiveName":"icon_element","color":[255,255,255,255]}]}},{"type":"CIMMarkerGraphic","geometry":{"paths":[[[389.2,460.6],[391.5,459.7],[393.8,457.0],[395.8,452.6],[397.7,446.7],[400.3,431.4],[401.2,413.4],[400.3,395.6],[397.7,380.6],[395.9,374.8],[393.8,370.5],[391.6,367.9],[389.2,367.0]]]},"symbol":{"type":"CIMPolygonSymbol","symbolLayers":[{"type":"CIMSolidStroke","enable":true,"colorLocked":true,"capStyle":"Butt","joinStyle":"Miter","lineStyle3D":"Strip","miterLimit":10,"width":3.6000001430511475,"color":[0,0,0,255]}]}},{"type":"CIMMarkerGraphic","geometry":{"rings":[[[308.7,414.1],[308.7,430.85],[306.21,428.68],[303.36,425.93],[301.69,424.13],[301.27,423.55],[301.13,423.2],[301.13,414.1],[308.7,414.1]]]},"symbol":{"type":"CIMPolygonSymbol","symbolLayers":[{"type":"CIMSolidFill","enable":true,"primitiveName":"icon_element","color":[255,255,255,255]}]}},{"type":"CIMMarkerGraphic","geometry":{"rings":[[[327.0,414.1],[326.9,448.8],[318.1,440.0],[317.9,414.1],[327.0,414.1]]]},"symbol":{"type":"CIMPolygonSymbol","symbolLayers":[{"type":"CIMSolidFill","enable":true,"primitiveName":"icon_element","color":[255,255,255,255]}]}},{"type":"CIMMarkerGraphic","geometry":{"rings":[[[346.7,414.1],[346.7,439.5],[346.0,440.6],[343.8,442.9],[337.6,448.6],[337.6,414.1],[346.7,414.1]]]},"symbol":{"type":"CIMPolygonSymbol","symbolLayers":[{"type":"CIMSolidFill","enable":true,"primitiveName":"icon_element","color":[255,255,255,255]}]}},{"type":"CIMMarkerGraphic","geometry":{"rings":[[[363.35,414.1],[363.35,422.43],[363.69,423.54],[355.79,430.85],[355.79,414.1],[363.35,414.1]]]},"symbol":{"type":"CIMPolygonSymbol","symbolLayers":[{"type":"CIMSolidFill","enable":true,"primitiveName":"icon_element","color":[255,255,255,255]}]}},{"type":"CIMMarkerGraphic","geometry":{"rings":[[[373.3,413.0],[291.3,413.0],[332.2,373.4],[373.3,413.0]]]},"symbol":{"type":"CIMPolygonSymbol","symbolLayers":[{"type":"CIMSolidFill","enable":true,"primitiveName":"icon_element","color":[255,255,255,255]}]}},{"type":"CIMMarkerGraphic","geometry":{"rings":[[[318.1,440.1],[326.9,448.8],[327.0,414.2],[317.9,414.2],[318.1,440.1]],[[355.8,430.8],[363.7,423.5],[363.4,422.4],[363.4,414.1],[355.8,414.1],[355.8,430.8]],[[337.6,448.7],[343.8,442.9],[346.7,439.5],[346.7,414.1],[337.6,414.1],[337.6,448.7]],[[301.1,423.2],[303.3,425.9],[308.7,430.8],[308.7,414.0],[301.1,414.0],[301.1,423.2]],[[291.3,413.0],[373.3,413.0],[332.2,373.4],[291.3,413.0]],[[375.9,413.4],[332.3,455.9],[288.9,413.5],[332.3,371.2],[375.9,413.4]]]},"symbol":{"type":"CIMPolygonSymbol","symbolLayers":[{"type":"CIMSolidFill","enable":true,"colorLocked":true,"color":[0,0,0,255]}]}}],"scaleSymbolsProportionally":true,"respectFrame":true}],"haloSize":1,"scaleX":1,"angleAlignment":"Display","version":"2.0.0","build":"8933"}