{"type":"CIMPointSymbol","symbolLayers":[{"type":"CIMVectorMarker","enable":true,"anchorPointUnits":"Relative","dominantSizeAxis3D":"Z","size":64,"billboardMode3D":"FaceNearPlane","frame":{"xmin":0,"ymin":0,"xmax":612,"ymax":792},"markerGraphics":[{"type":"CIMMarkerGraphic","geometry":{"rings":[[[277.0,421.0],[277.5,409.7],[279.1,398.8],[281.7,388.8],[285.2,380.0],[289.4,372.8],[294.3,367.4],[299.5,364.1],[305.0,363.0],[310.5,364.1],[315.7,367.4],[320.6,372.8],[324.8,380.0],[328.3,388.8],[330.9,398.8],[332.5,409.7],[333.0,421.0],[332.5,432.3],[330.9,443.2],[328.3,453.2],[324.8,462.0],[320.6,469.2],[315.7,474.6],[310.5,477.9],[305.0,479.0],[299.5,477.9],[294.3,474.6],[289.4,469.2],[285.2,462.0],[281.7,453.2],[279.1,443.2],[277.5,432.3],[277.0,421.0]]]},"symbol":{"type":"CIMPolygonSymbol","symbolLayers":[{"type":"CIMSolidFill","enable":true,"primitiveName":"icon_element","color":[255,255,255,255]}]}},{"type":"CIMMarkerGraphic","geometry":{"rings":[[[277.0,421.0],[277.5,409.7],[279.1,398.8],[281.7,388.8],[285.2,380.0],[289.4,372.8],[294.3,367.4],[299.5,364.1],[305.0,363.0],[310.5,364.1],[315.7,367.4],[320.6,372.8],[324.8,380.0],[328.3,388.8],[330.9,398.8],[332.5,409.7],[333.0,421.0],[332.5,432.3],[330.9,443.2],[328.3,453.2],[324.8,462.0],[320.6,469.2],[315.7,474.6],[310.5,477.9],[305.0,479.0],[299.5,477.9],[294.3,474.6],[289.4,469.2],[285.2,462.0],[281.7,453.2],[279.1,443.2],[277.5,432.3],[277.0,421.0]]]},"symbol":{"type":"CIMPolygonSymbol","symbolLayers":[{"type":"CIMSolidStroke","enable":true,"colorLocked":true,"capStyle":"Round","joinStyle":"Miter","lineStyle3D":"Strip","miterLimit":10,"width":5,"color":[0,0,0,255]}]}},{"type":"CIMMarkerGraphic","geometry":{"paths":[[[250.0,476.0],[280.0,446.0]]]},"symbol":{"type":"CIMPolygonSymbol","symbolLayers":[{"type":"CIMSolidStroke","enable":true,"colorLocked":true,"capStyle":"Butt","joinStyle":"Miter","lineStyle3D":"Strip","miterLimit":10,"width":5,"color":[0,0,0,255]}]}},{"type":"CIMMarkerGraphic","geometry":{"paths":[[[330.0,396.0],[360.0,366.0]]]},"symbol":{"type":"CIMPolygonSymbol","symbolLayers":[{"type":"CIMSolidStroke","enable":true,"colorLocked":true,"capStyle":"Butt","joinStyle":"Miter","lineStyle3D":"Strip","miterLimit":10,"width":5,"color":[0,0,0,255]}]}},{"type":"CIMMarkerGraphic","geometry":{"paths":[[[280.0,396.0],[250.0,366.0]]]},"symbol":{"type":"CIMPolygonSymbol","symbolLayers":[{"type":"CIMSolidStroke","enable":true,"colorLocked":true,"capStyle":"Butt","joinStyle":"Miter","lineStyle3D":"Strip","miterLimit":10,"width":5,"color":[0,0,0,255]}]}},{"type":"CIMMarkerGraphic","geometry":{"paths":[[[360.0,476.0],[330.0,446.0]]]},"symbol":{"type":"CIMPolygonSymbol","symbolLayers":[{"type":"CIMSolidStroke","enable":true,"colorLocked":true,"capStyle":"Butt","joinStyle":"Miter","lineStyle3D":"Strip","miterLimit":10,"width":5,"color":[0,0,0,255]}]}},{"type":"CIMMarkerGraphic","geometry":{"paths":[[[305.0,364.0],[305.0,313.0]]]},"symbol":{"type":"CIMPolygonSymbol","symbolLayers":[{"type":"CIMSolidStroke","enable":true,"colorLocked":true,"capStyle":"Butt","joinStyle":"Miter","lineStyle3D":"Strip","miterLimit":10,"width":5,"color":[0,0,0,255]}]}},{"type":"CIMMarkerGraphic","geometry":{"paths":[[[290.0,313.0],[320.0,313.0]]]},"symbol":{"type":"CIMPolygonSymbol","symbolLayers":[{"type":"CIMSolidStroke","enable":true,"colorLocked":true,"capStyle":"Butt","joinStyle":"Miter","lineStyle3D":"Strip","miterLimit":10,"width":5,"color":[0,0,0,255]}]}},{"type":"CIMMarkerGraphic","geometry":{"rings":[[[305.0,292.0],[321.3,293.3],[337.1,297.1],[352.2,303.3],[366.1,311.9],[378.5,322.5],[389.1,334.9],[397.7,348.8],[403.9,363.9],[407.7,379.7],[409.0,396.0],[407.7,412.3],[403.9,428.1],[397.7,443.2],[389.1,457.1],[378.5,469.5],[366.1,480.1],[352.2,488.7],[337.1,494.9],[321.3,498.7],[305.0,500.0],[286.9,498.4],[269.4,493.7],[253.0,486.1],[238.2,475.7],[225.3,462.8],[214.9,448.0],[207.3,431.6],[202.6,414.1],[201.0,396.0],[202.3,379.7],[206.1,363.9],[212.3,348.8],[220.9,334.9],[231.5,322.5],[243.9,311.9],[257.8,303.3],[272.9,297.1],[288.7,293.3],[305.0,292.0]]]},"symbol":{"type":"CIMPolygonSymbol","symbolLayers":[{"type":"CIMSolidStroke","enable":true,"colorLocked":true,"capStyle":"Round","joinStyle":"Miter","lineStyle3D":"Strip","miterLimit":10,"width":5,"color":[0,0,0,255]}]}}],"scaleSymbolsProportionally":true,"respectFrame":true}],"haloSize":1,"scaleX":1,"angleAlignment":"Display","version":"2.0.0","build":"8933"}