{"type":"CIMPointSymbol","symbolLayers":[{"type":"CIMVectorMarker","enable":true,"anchorPointUnits":"Relative","dominantSizeAxis3D":"Z","size":64,"billboardMode3D":"FaceNearPlane","frame":{"xmin":0,"ymin":0,"xmax":612,"ymax":792},"markerGraphics":[{"type":"CIMMarkerGraphic","geometry":{"rings":[[[214.0,411.0],[351.0,411.0],[351.0,447.0],[214.0,447.0],[214.0,411.0]]]},"symbol":{"type":"CIMPolygonSymbol","symbolLayers":[{"type":"CIMSolidFill","enable":true,"primitiveName":"icon_element","color":[255,255,255,255]}]}},{"type":"CIMMarkerGraphic","geometry":{"rings":[[[214.0,411.0],[351.0,411.0],[351.0,447.0],[214.0,447.0],[214.0,411.0]]]},"symbol":{"type":"CIMPolygonSymbol","symbolLayers":[{"type":"CIMSolidStroke","enable":true,"colorLocked":true,"capStyle":"Round","joinStyle":"Miter","lineStyle3D":"Strip","miterLimit":10,"width":4,"color":[0,0,0,255]}]}},{"type":"CIMMarkerGraphic","geometry":{"rings":[[[238.0,412.0],[327.0,412.0],[327.0,435.0],[238.0,435.0],[238.0,412.0]]]},"symbol":{"type":"CIMPolygonSymbol","symbolLayers":[{"type":"CIMSolidFill","enable":true,"colorLocked":true,"color":[0,0,0,255]}]}},{"type":"CIMMarkerGraphic","geometry":{"rings":[[[238.0,412.0],[327.0,412.0],[327.0,435.0],[238.0,435.0],[238.0,412.0]]]},"symbol":{"type":"CIMPolygonSymbol","symbolLayers":[{"type":"CIMSolidStroke","enable":true,"colorLocked":true,"capStyle":"Round","joinStyle":"Miter","lineStyle3D":"Strip","miterLimit":10,"width":1,"color":[0,0,0,255]}]}},{"type":"CIMMarkerGraphic","geometry":{"rings":[[[301.0,345.4],[325.8,337.7],[354.9,330.8],[373.9,328.1],[379.8,328.3],[383.0,329.4],[388.3,334.2],[391.7,338.6],[393.2,342.5],[393.0,346.1],[389.3,351.1],[376.1,360.2],[371.5,364.9],[358.3,386.5],[349.7,397.3],[339.4,406.0],[327.5,411.4],[244.0,411.4],[246.6,401.3],[252.5,393.4],[260.0,388.0],[280.4,377.5],[289.0,369.9],[291.4,365.0],[294.5,351.2],[297.1,347.8],[301.0,345.4]]]},"symbol":{"type":"CIMPolygonSymbol","symbolLayers":[{"type":"CIMSolidFill","enable":true,"primitiveName":"icon_element","color":[255,255,255,255]}]}},{"type":"CIMMarkerGraphic","geometry":{"paths":[[[244.0,411.4],[246.6,401.3],[252.5,393.4],[260.0,388.0],[280.4,377.5],[289.0,369.9],[291.4,365.0],[294.5,351.2],[297.1,347.8],[301.0,345.4],[325.8,337.7],[354.9,330.8],[373.9,328.1],[379.8,328.3],[383.0,329.4],[388.3,334.2],[391.7,338.6],[393.2,342.5],[393.0,346.1],[389.3,351.1],[376.1,360.2],[371.5,364.9],[358.3,386.5],[349.7,397.3],[339.4,406.0],[327.5,411.4]]]},"symbol":{"type":"CIMPolygonSymbol","symbolLayers":[{"type":"CIMSolidStroke","enable":true,"colorLocked":true,"capStyle":"Butt","joinStyle":"Miter","lineStyle3D":"Strip","miterLimit":10,"width":3,"color":[0,0,0,255]}]}}],"scaleSymbolsProportionally":true,"respectFrame":true}],"haloSize":1,"scaleX":1,"angleAlignment":"Display","version":"2.0.0","build":"8933"}