{"type":"CIMPointSymbol","symbolLayers":[{"type":"CIMVectorMarker","enable":true,"anchorPointUnits":"Relative","dominantSizeAxis3D":"Z","size":64,"billboardMode3D":"FaceNearPlane","frame":{"xmin":0,"ymin":0,"xmax":612,"ymax":792},"markerGraphics":[{"type":"CIMMarkerGraphic","geometry":{"rings":[[[307.0,462.6],[317.9,461.5],[328.3,458.4],[337.9,453.2],[346.3,446.3],[353.3,437.8],[358.4,428.2],[361.5,417.8],[362.6,407.0],[361.5,396.1],[358.4,385.7],[353.3,376.1],[346.3,367.6],[337.9,360.7],[328.3,355.6],[317.9,352.4],[307.0,351.4],[296.1,352.4],[285.7,355.6],[276.1,360.7],[267.7,367.6],[260.8,376.1],[255.6,385.7],[252.5,396.1],[251.4,407.0],[252.5,417.8],[255.6,428.2],[260.7,437.8],[267.7,446.3],[276.1,453.2],[285.7,458.4],[296.1,461.5],[307.0,462.6]]]},"symbol":{"type":"CIMPolygonSymbol","symbolLayers":[{"type":"CIMSolidStroke","enable":true,"primitiveName":"icon_element","capStyle":"Round","joinStyle":"Miter","lineStyle3D":"Strip","miterLimit":10,"width":4.4999998807907104,"color":[0,0,0,255]}]}},{"type":"CIMMarkerGraphic","geometry":{"paths":[[[262.5,437.5],[351.5,376.4]]]},"symbol":{"type":"CIMPolygonSymbol","symbolLayers":[{"type":"CIMSolidStroke","enable":true,"primitiveName":"icon_element","capStyle":"Butt","joinStyle":"Miter","lineStyle3D":"Strip","miterLimit":10,"width":4.4999998807907104,"color":[0,0,0,255]}]}},{"type":"CIMMarkerGraphic","geometry":{"paths":[[[262.5,376.4],[351.5,437.5]]]},"symbol":{"type":"CIMPolygonSymbol","symbolLayers":[{"type":"CIMSolidStroke","enable":true,"primitiveName":"icon_element","capStyle":"Butt","joinStyle":"Miter","lineStyle3D":"Strip","miterLimit":10,"width":4.4999998807907104,"color":[0,0,0,255]}]}},{"type":"CIMMarkerGraphic","geometry":{"paths":[[[307.0,462.6],[307.0,351.4]]]},"symbol":{"type":"CIMPolygonSymbol","symbolLayers":[{"type":"CIMSolidStroke","enable":true,"primitiveName":"icon_element","capStyle":"Butt","joinStyle":"Miter","lineStyle3D":"Strip","miterLimit":10,"width":4.4999998807907104,"color":[0,0,0,255]}]}},{"type":"CIMMarkerGraphic","geometry":{"rings":[[[257.58,468.28],[259.14,468.42],[260.65,468.82],[262.04,469.47],[263.26,470.34],[264.25,471.41],[265.0,472.62],[265.45,473.94],[265.61,475.31],[265.45,476.68],[265.0,478.0],[264.25,479.21],[263.26,480.28],[262.04,481.15],[260.65,481.8],[259.14,482.2],[257.58,482.34],[256.01,482.2],[254.5,481.8],[253.11,481.15],[251.9,480.28],[250.9,479.21],[250.16,478.0],[249.7,476.68],[249.54,475.31],[249.7,473.94],[250.16,472.62],[250.9,471.41],[251.9,470.34],[253.11,469.47],[254.5,468.82],[256.01,468.42],[257.58,468.28]]]},"symbol":{"type":"CIMPolygonSymbol","symbolLayers":[{"type":"CIMSolidStroke","enable":true,"primitiveName":"icon_element","capStyle":"Round","joinStyle":"Miter","lineStyle3D":"Strip","miterLimit":10,"width":3.7583240985580697,"color":[0,0,0,255]}]}},{"type":"CIMMarkerGraphic","geometry":{"rings":[[[279.82,468.28],[281.38,468.42],[282.89,468.82],[284.28,469.47],[285.5,470.34],[286.5,471.41],[287.24,472.62],[287.69,473.94],[287.85,475.31],[287.69,476.68],[287.24,478.0],[286.5,479.21],[285.5,480.28],[284.28,481.15],[282.89,481.8],[281.38,482.2],[279.82,482.34],[278.25,482.2],[276.74,481.8],[275.35,481.15],[274.14,480.28],[273.14,479.21],[272.4,478.0],[271.94,476.68],[271.78,475.31],[271.94,473.94],[272.4,472.62],[273.14,471.41],[274.14,470.34],[275.35,469.47],[276.74,468.82],[278.25,468.42],[279.82,468.28]]]},"symbol":{"type":"CIMPolygonSymbol","symbolLayers":[{"type":"CIMSolidStroke","enable":true,"primitiveName":"icon_element","capStyle":"Round","joinStyle":"Miter","lineStyle3D":"Strip","miterLimit":10,"width":3.7583240985580697,"color":[0,0,0,255]}]}},{"type":"CIMMarkerGraphic","geometry":{"rings":[[[356.42,468.28],[357.99,468.42],[359.5,468.82],[360.89,469.47],[362.1,470.34],[363.1,471.41],[363.84,472.62],[364.3,473.94],[364.46,475.31],[364.3,476.68],[363.84,478.0],[363.1,479.21],[362.1,480.28],[360.89,481.15],[359.5,481.8],[357.99,482.2],[356.42,482.34],[354.86,482.2],[353.35,481.8],[351.96,481.15],[350.74,480.28],[349.75,479.21],[349.0,478.0],[348.55,476.68],[348.39,475.31],[348.55,473.94],[349.0,472.62],[349.75,471.41],[350.74,470.34],[351.96,469.47],[353.35,468.82],[354.86,468.42],[356.42,468.28]]]},"symbol":{"type":"CIMPolygonSymbol","symbolLayers":[{"type":"CIMSolidStroke","enable":true,"primitiveName":"icon_element","capStyle":"Round","joinStyle":"Miter","lineStyle3D":"Strip","miterLimit":10,"width":3.7583240985580697,"color":[0,0,0,255]}]}},{"type":"CIMMarkerGraphic","geometry":{"rings":[[[334.18,468.28],[335.75,468.42],[337.26,468.82],[338.64,469.47],[339.86,470.34],[340.86,471.41],[341.6,472.62],[342.06,473.94],[342.21,475.31],[342.06,476.68],[341.6,478.0],[340.86,479.21],[339.86,480.28],[338.64,481.15],[337.26,481.8],[335.75,482.2],[334.18,482.34],[332.61,482.2],[331.11,481.8],[329.72,481.15],[328.5,480.28],[327.5,479.21],[326.76,478.0],[326.3,476.68],[326.15,475.31],[326.3,473.94],[326.76,472.62],[327.5,471.41],[328.5,470.34],[329.72,469.47],[331.11,468.82],[332.61,468.42],[334.18,468.28]]]},"symbol":{"type":"CIMPolygonSymbol","symbolLayers":[{"type":"CIMSolidStroke","enable":true,"primitiveName":"icon_element","capStyle":"Round","joinStyle":"Miter","lineStyle3D":"Strip","miterLimit":10,"width":3.7583240985580697,"color":[0,0,0,255]}]}},{"type":"CIMMarkerGraphic","geometry":{"paths":[[[246.5,484.5],[367.5,484.5]]]},"symbol":{"type":"CIMPolygonSymbol","symbolLayers":[{"type":"CIMSolidStroke","enable":true,"primitiveName":"icon_element","capStyle":"Butt","joinStyle":"Miter","lineStyle3D":"Strip","miterLimit":10,"width":3.7583240985580697,"color":[0,0,0,255]}]}}],"scaleSymbolsProportionally":true,"respectFrame":true}],"haloSize":1,"scaleX":1,"angleAlignment":"Display","version":"2.0.0","build":"8933"}