{"type":"CIMPointSymbol","symbolLayers":[{"type":"CIMVectorMarker","enable":true,"anchorPointUnits":"Relative","dominantSizeAxis3D":"Z","size":64,"billboardMode3D":"FaceNearPlane","frame":{"xmin":0,"ymin":0,"xmax":612,"ymax":792},"markerGraphics":[{"type":"CIMMarkerGraphic","geometry":{"rings":[[[304.8,438.8],[322.6,440.9],[343.7,446.3],[360.4,453.2],[365.8,456.6],[369.1,459.9],[305.9,499.8],[269.1,477.1],[242.2,459.3],[245.4,456.2],[250.8,452.9],[266.6,446.1],[285.3,440.7],[300.4,438.8],[304.8,438.8]]]},"symbol":{"type":"CIMPolygonSymbol","symbolLayers":[{"type":"CIMSolidFill","enable":true,"colorLocked":true,"color":[0,0,0,255]}]}},{"type":"CIMMarkerGraphic","geometry":{"rings":[[[312.6,303.6],[312.6,339.6],[324.1,343.6],[334.6,350.3],[343.2,357.8],[350.8,366.3],[350.8,358.5],[351.4,349.1],[352.5,335.8],[354.2,303.7],[361.4,303.7],[358.6,350.3],[357.5,374.2],[358.0,383.2],[364.1,390.6],[363.4,398.4],[363.5,401.2],[353.0,401.2],[353.0,441.6],[332.3,435.2],[319.2,432.5],[308.7,431.6],[302.6,431.6],[294.0,432.1],[285.4,433.5],[257.7,441.6],[257.7,401.1],[247.2,401.1],[247.2,399.4],[246.5,390.1],[254.5,380.8],[249.5,303.7],[257.2,303.7],[257.2,311.9],[260.7,366.2],[268.2,357.2],[276.9,349.9],[289.2,342.4],[298.7,339.6],[298.7,303.6],[312.6,303.6]]]},"symbol":{"type":"CIMPolygonSymbol","symbolLayers":[{"type":"CIMSolidFill","enable":true,"colorLocked":true,"color":[0,0,0,255]}]}},{"type":"CIMMarkerGraphic","geometry":{"rings":[[[308.7,431.6],[319.3,432.5],[332.3,435.1],[353.0,441.5],[353.0,449.7],[341.1,445.5],[327.8,441.9],[315.1,439.6],[304.8,438.8],[300.4,438.8],[291.6,439.6],[280.7,441.8],[268.9,445.3],[257.8,449.5],[257.7,441.6],[285.4,433.5],[294.0,432.1],[302.6,431.6],[308.7,431.6]]]},"symbol":{"type":"CIMPolygonSymbol","symbolLayers":[{"type":"CIMSolidFill","enable":true,"primitiveName":"icon_element","color":[255,255,255,255]}]}}],"scaleSymbolsProportionally":true,"respectFrame":true}],"haloSize":1,"scaleX":1,"angleAlignment":"Display","version":"2.0.0","build":"8933"}