{"type":"CIMPointSymbol","symbolLayers":[{"type":"CIMVectorMarker","enable":true,"anchorPointUnits":"Relative","dominantSizeAxis3D":"Z","size":64,"billboardMode3D":"FaceNearPlane","frame":{"xmin":0,"ymin":0,"xmax":612,"ymax":792},"markerGraphics":[{"type":"CIMMarkerGraphic","geometry":{"rings":[[[230.2,426.1],[316.7,426.1],[316.7,459.6],[327.8,459.6],[327.8,426.2],[352.5,426.2],[352.5,459.6],[363.7,459.6],[363.7,426.2],[380.4,426.2],[380.4,333.7],[230.2,333.7],[230.2,426.1]],[[383.2,330.5],[383.2,429.3],[367.3,429.3],[367.3,462.8],[349.4,462.8],[349.4,429.3],[331.4,429.3],[331.4,462.8],[313.5,462.8],[313.5,429.3],[227.4,429.3],[227.4,330.5],[383.2,330.5]]]},"symbol":{"type":"CIMPolygonSymbol","symbolLayers":[{"type":"CIMSolidFill","enable":true,"primitiveName":"icon_element","color":[0,0,0,255]}]}}],"scaleSymbolsProportionally":true,"respectFrame":true}],"haloSize":1,"scaleX":1,"angleAlignment":"Display","version":"2.0.0","build":"8933"}