{"type":"CIMPointSymbol","symbolLayers":[{"type":"CIMVectorMarker","enable":true,"anchorPointUnits":"Relative","dominantSizeAxis3D":"Z","size":64,"billboardMode3D":"FaceNearPlane","frame":{"xmin":0,"ymin":0,"xmax":612,"ymax":792},"markerGraphics":[{"type":"CIMMarkerGraphic","geometry":{"rings":[[[372.7,311.7],[372.7,388.4],[369.9,384.4],[369.9,315.7],[238.7,315.7],[238.7,390.1],[251.8,390.1],[251.8,461.7],[251.7,461.7],[261.4,461.7],[261.4,390.1],[283.6,390.1],[283.6,461.7],[292.7,461.7],[292.7,448.1],[296.1,452.6],[296.1,465.1],[280.1,465.1],[280.1,393.5],[264.2,393.5],[264.2,465.1],[248.9,465.1],[248.9,393.5],[235.8,393.5],[235.8,311.7],[372.7,311.7]]]},"symbol":{"type":"CIMPolygonSymbol","symbolLayers":[{"type":"CIMSolidFill","enable":true,"primitiveName":"icon_element","color":[0,0,0,255]}]}},{"type":"CIMMarkerGraphic","geometry":{"rings":[[[301.73,390.07],[301.33,391.62],[300.77,392.65],[300.4,393.01],[299.97,393.26],[298.93,393.47],[296.03,393.47],[296.03,400.27],[295.79,401.8],[295.08,403.69],[293.92,405.85],[292.63,407.67],[292.63,390.07],[301.73,390.07]]]},"symbol":{"type":"CIMPolygonSymbol","symbolLayers":[{"type":"CIMSolidFill","enable":true,"primitiveName":"icon_element","color":[0,0,0,255]}]}},{"type":"CIMMarkerGraphic","geometry":{"rings":[[[339.8,373.0],[342.9,374.4],[348.7,378.7],[366.1,394.4],[370.0,400.2],[373.2,409.1],[375.4,420.2],[376.2,431.5],[376.2,433.3],[374.4,447.6],[372.1,443.6],[367.5,430.1],[365.0,425.4],[362.9,423.0],[360.1,421.7],[354.0,420.2],[354.9,432.2],[359.2,445.4],[359.5,449.3],[358.5,452.5],[356.3,456.5],[347.2,468.0],[346.7,459.1],[344.9,452.6],[341.8,447.6],[337.0,444.1],[334.2,446.2],[331.7,449.3],[330.2,452.6],[329.6,456.0],[331.1,462.9],[337.2,475.4],[338.1,478.7],[336.6,486.1],[335.2,488.7],[333.6,490.1],[332.6,483.3],[329.7,476.3],[324.9,469.1],[314.2,455.8],[312.0,450.9],[312.0,449.8],[317.7,433.3],[321.7,415.1],[315.8,416.5],[310.7,420.7],[306.6,426.7],[299.5,440.6],[296.0,444.7],[295.3,437.3],[295.4,425.9],[296.5,417.8],[299.6,408.3],[304.4,398.4],[309.5,391.1],[316.6,384.8],[323.3,380.4],[339.8,373.0]]]},"symbol":{"type":"CIMPolygonSymbol","symbolLayers":[{"type":"CIMSolidFill","enable":true,"primitiveName":"icon_element","color":[0,0,0,255]}]}},{"type":"CIMMarkerGraphic","geometry":{"rings":[[[267.13,357.07],[267.13,372.47],[252.93,372.47],[252.93,357.07],[267.13,357.07]]]},"symbol":{"type":"CIMPolygonSymbol","symbolLayers":[{"type":"CIMSolidFill","enable":true,"primitiveName":"icon_element","color":[0,0,0,255]}]}},{"type":"CIMMarkerGraphic","geometry":{"rings":[[[297.83,357.07],[297.83,372.47],[283.03,372.47],[283.03,357.07],[297.83,357.07]]]},"symbol":{"type":"CIMPolygonSymbol","symbolLayers":[{"type":"CIMSolidFill","enable":true,"primitiveName":"icon_element","color":[0,0,0,255]}]}},{"type":"CIMMarkerGraphic","geometry":{"rings":[[[328.43,357.07],[328.43,372.47],[313.13,372.47],[313.13,357.07],[328.43,357.07]]]},"symbol":{"type":"CIMPolygonSymbol","symbolLayers":[{"type":"CIMSolidFill","enable":true,"primitiveName":"icon_element","color":[0,0,0,255]}]}},{"type":"CIMMarkerGraphic","geometry":{"rings":[[[358.53,357.07],[358.53,372.47],[352.33,372.47],[351.21,372.3],[349.94,371.81],[348.64,371.06],[345.16,368.79],[344.14,368.27],[343.23,367.97],[343.23,357.07],[358.53,357.07]]]},"symbol":{"type":"CIMPolygonSymbol","symbolLayers":[{"type":"CIMSolidFill","enable":true,"primitiveName":"icon_element","color":[0,0,0,255]}]}},{"type":"CIMMarkerGraphic","geometry":{"rings":[[[267.13,330.37],[267.13,345.17],[252.93,345.17],[252.93,330.37],[267.13,330.37]]]},"symbol":{"type":"CIMPolygonSymbol","symbolLayers":[{"type":"CIMSolidFill","enable":true,"primitiveName":"icon_element","color":[0,0,0,255]}]}},{"type":"CIMMarkerGraphic","geometry":{"rings":[[[297.83,330.37],[297.83,345.17],[283.03,345.17],[283.03,330.37],[297.83,330.37]]]},"symbol":{"type":"CIMPolygonSymbol","symbolLayers":[{"type":"CIMSolidFill","enable":true,"primitiveName":"icon_element","color":[0,0,0,255]}]}},{"type":"CIMMarkerGraphic","geometry":{"rings":[[[328.43,330.37],[328.43,345.17],[313.13,345.17],[313.13,330.37],[328.43,330.37]]]},"symbol":{"type":"CIMPolygonSymbol","symbolLayers":[{"type":"CIMSolidFill","enable":true,"primitiveName":"icon_element","color":[0,0,0,255]}]}},{"type":"CIMMarkerGraphic","geometry":{"rings":[[[358.63,330.37],[358.63,345.17],[343.23,345.17],[343.23,330.37],[358.63,330.37]]]},"symbol":{"type":"CIMPolygonSymbol","symbolLayers":[{"type":"CIMSolidFill","enable":true,"primitiveName":"icon_element","color":[0,0,0,255]}]}}],"scaleSymbolsProportionally":true,"respectFrame":true}],"haloSize":1,"scaleX":1,"angleAlignment":"Display","version":"2.0.0","build":"8933"}