{"type":"CIMPointSymbol","symbolLayers":[{"type":"CIMVectorMarker","enable":true,"anchorPointUnits":"Relative","dominantSizeAxis3D":"Z","size":64,"billboardMode3D":"FaceNearPlane","frame":{"xmin":0,"ymin":0,"xmax":612,"ymax":792},"markerGraphics":[{"type":"CIMMarkerGraphic","geometry":{"rings":[[[337.9,369.3],[341.7,370.8],[347.9,375.1],[365.6,390.9],[369.8,397.4],[374.7,408.5],[378.2,419.2],[379.5,426.9],[379.5,442.0],[378.7,448.4],[376.0,452.0],[374.1,442.9],[369.6,430.9],[367.1,427.6],[363.0,423.9],[358.1,420.8],[353.8,419.1],[353.8,423.3],[354.6,430.4],[358.9,443.1],[359.7,448.5],[358.6,452.2],[355.6,457.7],[350.7,464.3],[346.8,468.5],[346.3,458.9],[344.6,452.4],[341.4,447.6],[336.2,443.9],[330.6,449.3],[329.0,452.2],[328.5,454.9],[328.5,457.3],[330.2,463.8],[334.8,473.9],[336.7,478.5],[337.2,481.8],[333.8,491.3],[332.7,491.3],[329.3,478.4],[323.3,469.0],[312.8,456.2],[310.5,452.6],[309.8,450.2],[316.0,432.9],[318.7,420.6],[319.7,413.3],[313.3,415.9],[308.1,420.4],[304.3,426.1],[297.8,439.4],[293.9,443.8],[292.5,431.7],[293.6,418.9],[297.3,406.2],[303.2,395.0],[309.3,386.9],[318.1,380.0],[337.9,369.3]]]},"symbol":{"type":"CIMPolygonSymbol","symbolLayers":[{"type":"CIMSolidFill","enable":true,"primitiveName":"icon_element","color":[0,0,0,255]}]}},{"type":"CIMMarkerGraphic","geometry":{"rings":[[[282.17,338.7],[282.17,359.3],[260.47,359.3],[260.47,338.7],[282.17,338.7]]]},"symbol":{"type":"CIMPolygonSymbol","symbolLayers":[{"type":"CIMSolidFill","enable":true,"primitiveName":"icon_element","color":[0,0,0,255]}]}},{"type":"CIMMarkerGraphic","geometry":{"rings":[[[349.67,338.7],[349.67,359.9],[329.07,359.9],[329.07,338.7],[349.67,338.7]]]},"symbol":{"type":"CIMPolygonSymbol","symbolLayers":[{"type":"CIMSolidFill","enable":true,"primitiveName":"icon_element","color":[0,0,0,255]}]}},{"type":"CIMMarkerGraphic","geometry":{"rings":[[[369.0,310.0],[369.0,374.0],[400.1,374.0],[380.1,388.7],[376.6,384.0],[380.1,380.5],[374.2,380.5],[362.0,371.0],[362.0,315.2],[316.2,315.2],[316.2,347.5],[294.5,347.5],[294.5,315.2],[249.3,315.2],[249.3,374.0],[305.7,374.0],[300.2,380.8],[223.4,381.1],[280.8,429.9],[279.1,437.3],[203.8,374.3],[242.8,374.0],[242.8,310.0],[369.0,310.0]]]},"symbol":{"type":"CIMPolygonSymbol","symbolLayers":[{"type":"CIMSolidFill","enable":true,"primitiveName":"icon_element","color":[0,0,0,255]}]}}],"scaleSymbolsProportionally":true,"respectFrame":true}],"haloSize":1,"scaleX":1,"angleAlignment":"Display","version":"2.0.0","build":"8933"}