{"type":"CIMPointSymbol","symbolLayers":[{"type":"CIMVectorMarker","enable":true,"anchorPointUnits":"Relative","dominantSizeAxis3D":"Z","size":64,"billboardMode3D":"FaceNearPlane","frame":{"xmin":0,"ymin":0,"xmax":612,"ymax":792},"markerGraphics":[{"type":"CIMMarkerGraphic","geometry":{"x":234.927200317382813,"y":447.193996720016},"symbol":{"type":"CIMTextSymbol","blockProgression":"TTB","depth3D":1,"extrapolateBaselines":true,"fontEffects":"Normal","fontEncoding":"Unicode","fontFamilyName":"Arial","fontType":"Unspecified","haloSize":1,"height":51.899299621582031,"hinting":"Default","horizontalAlignment":"Left","kerning":true,"letterWidth":100,"ligatures":true,"lineGapType":"ExtraLeading","symbol":{"type":"CIMPolygonSymbol","symbolLayers":[{"type":"CIMSolidFill","enable":true,"color":[0,0,0,255]}]},"textCase":"Normal","textDirection":"LTR","verticalAlignment":"Baseline","verticalGlyphOrientation":"Right","wordSpacing":100,"billboardMode3D":"FaceNearPlane"},"textString":"LOOT","primitiveName":"icon_element"}],"scaleSymbolsProportionally":true,"respectFrame":true},{"type":"CIMVectorMarker","enable":true,"anchorPointUnits":"Relative","dominantSizeAxis3D":"Z","size":64,"billboardMode3D":"FaceNearPlane","frame":{"xmin":0,"ymin":0,"xmax":612,"ymax":792},"markerGraphics":[{"type":"CIMMarkerGraphic","geometry":{"rings":[[[248.2,398.0],[252.7,398.4],[257.0,399.7],[260.9,401.7],[264.4,404.3],[267.2,407.6],[269.3,411.3],[270.6,415.4],[271.1,419.6],[270.6,423.8],[269.3,427.8],[267.2,431.6],[264.4,434.8],[260.9,437.5],[257.0,439.5],[252.7,440.7],[248.2,441.2],[243.8,440.7],[239.5,439.5],[235.5,437.5],[232.1,434.8],[229.2,431.6],[227.1,427.8],[225.8,423.8],[225.4,419.6],[225.8,415.4],[227.1,411.3],[229.2,407.6],[232.1,404.3],[235.5,401.7],[239.5,399.7],[243.8,398.4],[248.2,398.0]]]},"symbol":{"type":"CIMPolygonSymbol","symbolLayers":[{"type":"CIMSolidStroke","enable":true,"primitiveName":"icon_element","capStyle":"Round","joinStyle":"Miter","lineStyle3D":"Strip","miterLimit":10,"width":5,"color":[0,0,0,255]}]}},{"type":"CIMMarkerGraphic","geometry":{"paths":[[[248.2,398.0],[248.2,346.0]]]},"symbol":{"type":"CIMPolygonSymbol","symbolLayers":[{"type":"CIMSolidStroke","enable":true,"primitiveName":"icon_element","capStyle":"Butt","joinStyle":"Miter","lineStyle3D":"Strip","miterLimit":10,"width":5,"color":[0,0,0,255]}]}},{"type":"CIMMarkerGraphic","geometry":{"paths":[[[223.8,388.0],[272.6,388.0]]]},"symbol":{"type":"CIMPolygonSymbol","symbolLayers":[{"type":"CIMSolidStroke","enable":true,"primitiveName":"icon_element","capStyle":"Butt","joinStyle":"Miter","lineStyle3D":"Strip","miterLimit":10,"width":5,"color":[0,0,0,255]}]}},{"type":"CIMMarkerGraphic","geometry":{"rings":[[[306.0,398.6],[310.5,399.0],[314.7,400.2],[318.7,402.2],[322.2,404.9],[325.0,408.2],[327.1,411.9],[328.4,416.0],[328.9,420.2],[328.4,424.4],[327.1,428.4],[325.0,432.1],[322.2,435.4],[318.7,438.1],[314.7,440.1],[310.5,441.3],[306.0,441.7],[301.5,441.3],[297.3,440.1],[293.3,438.1],[289.8,435.4],[287.0,432.1],[284.9,428.4],[283.6,424.4],[283.1,420.2],[283.6,416.0],[284.9,411.9],[287.0,408.2],[289.8,404.9],[293.3,402.2],[297.3,400.2],[301.5,399.0],[306.0,398.6]]]},"symbol":{"type":"CIMPolygonSymbol","symbolLayers":[{"type":"CIMSolidStroke","enable":true,"primitiveName":"icon_element","capStyle":"Round","joinStyle":"Miter","lineStyle3D":"Strip","miterLimit":10,"width":5,"color":[0,0,0,255]}]}},{"type":"CIMMarkerGraphic","geometry":{"paths":[[[306.0,398.6],[306.0,346.6]]]},"symbol":{"type":"CIMPolygonSymbol","symbolLayers":[{"type":"CIMSolidStroke","enable":true,"primitiveName":"icon_element","capStyle":"Butt","joinStyle":"Miter","lineStyle3D":"Strip","miterLimit":10,"width":5,"color":[0,0,0,255]}]}},{"type":"CIMMarkerGraphic","geometry":{"paths":[[[281.6,388.6],[330.4,388.6]]]},"symbol":{"type":"CIMPolygonSymbol","symbolLayers":[{"type":"CIMSolidStroke","enable":true,"primitiveName":"icon_element","capStyle":"Butt","joinStyle":"Miter","lineStyle3D":"Strip","miterLimit":10,"width":5,"color":[0,0,0,255]}]}},{"type":"CIMMarkerGraphic","geometry":{"rings":[[[363.8,399.3],[368.2,399.7],[372.5,401.0],[376.5,402.9],[379.9,405.6],[382.8,408.9],[384.9,412.6],[386.2,416.7],[386.6,420.9],[386.2,425.1],[384.9,429.1],[382.8,432.9],[379.9,436.1],[376.5,438.8],[372.5,440.8],[368.2,442.0],[363.8,442.4],[359.3,442.0],[355.0,440.8],[351.1,438.8],[347.6,436.1],[344.8,432.9],[342.7,429.1],[341.4,425.1],[340.9,420.9],[341.4,416.7],[342.7,412.6],[344.8,408.9],[347.6,405.6],[351.1,402.9],[355.0,401.0],[359.3,399.7],[363.8,399.3]]]},"symbol":{"type":"CIMPolygonSymbol","symbolLayers":[{"type":"CIMSolidStroke","enable":true,"primitiveName":"icon_element","capStyle":"Round","joinStyle":"Miter","lineStyle3D":"Strip","miterLimit":10,"width":5,"color":[0,0,0,255]}]}},{"type":"CIMMarkerGraphic","geometry":{"paths":[[[363.8,399.3],[363.8,347.3]]]},"symbol":{"type":"CIMPolygonSymbol","symbolLayers":[{"type":"CIMSolidStroke","enable":true,"primitiveName":"icon_element","capStyle":"Butt","joinStyle":"Miter","lineStyle3D":"Strip","miterLimit":10,"width":5,"color":[0,0,0,255]}]}},{"type":"CIMMarkerGraphic","geometry":{"paths":[[[339.4,389.3],[388.2,389.3]]]},"symbol":{"type":"CIMPolygonSymbol","symbolLayers":[{"type":"CIMSolidStroke","enable":true,"primitiveName":"icon_element","capStyle":"Butt","joinStyle":"Miter","lineStyle3D":"Strip","miterLimit":10,"width":5,"color":[0,0,0,255]}]}}],"scaleSymbolsProportionally":true,"respectFrame":true}],"haloSize":1,"scaleX":1,"angleAlignment":"Display","version":"2.0.0","build":"8933"}