{"type":"CIMPointSymbol","symbolLayers":[{"type":"CIMVectorMarker","enable":true,"anchorPointUnits":"Relative","dominantSizeAxis3D":"Z","size":64,"billboardMode3D":"FaceNearPlane","frame":{"xmin":0,"ymin":0,"xmax":612,"ymax":792},"markerGraphics":[{"type":"CIMMarkerGraphic","geometry":{"rings":[[[330.3,399.3],[312.8,396.7],[307.8,396.8],[288.3,403.2],[288.3,422.6],[330.3,422.6],[330.3,399.3]],[[377.9,402.7],[397.4,421.9],[388.3,448.5],[384.5,455.5],[213.4,455.5],[213.4,422.6],[278.6,422.6],[278.6,398.7],[281.7,396.2],[291.0,393.0],[304.7,388.0],[310.8,387.0],[319.6,388.2],[336.1,390.4],[347.7,352.3],[344.5,338.1],[398.3,338.0],[377.9,402.7]]]},"symbol":{"type":"CIMPolygonSymbol","symbolLayers":[{"type":"CIMSolidFill","enable":true,"primitiveName":"icon_element","color":[0,0,0,255]}]}}],"scaleSymbolsProportionally":true,"respectFrame":true}],"haloSize":1,"scaleX":1,"angleAlignment":"Display","version":"2.0.0","build":"8933"}