{"type":"CIMPointSymbol","symbolLayers":[{"type":"CIMVectorMarker","enable":true,"anchorPointUnits":"Relative","dominantSizeAxis3D":"Z","size":64,"billboardMode3D":"FaceNearPlane","frame":{"xmin":0,"ymin":0,"xmax":612,"ymax":792},"markerGraphics":[{"type":"CIMMarkerGraphic","geometry":{"rings":[[[303.1,292.2],[291.3,292.9],[287.4,295.4],[287.4,444.0],[288.7,447.4],[292.4,450.2],[305.8,452.6],[319.1,450.2],[322.8,447.4],[324.1,444.0],[324.1,295.4],[320.2,292.9],[308.4,292.2],[303.1,292.2]],[[308.8,288.6],[323.4,290.0],[326.7,292.7],[327.7,296.9],[327.7,442.5],[326.8,447.2],[323.0,452.5],[323.0,463.5],[310.5,463.5],[310.5,491.3],[327.3,491.3],[327.3,499.1],[309.4,499.1],[309.4,505.9],[301.6,505.9],[301.6,499.1],[284.2,499.1],[284.2,491.2],[301.0,491.2],[301.0,482.8],[291.0,482.8],[291.0,477.6],[301.0,477.6],[301.0,463.4],[288.9,463.4],[288.9,451.3],[285.2,448.4],[283.6,443.5],[283.6,296.9],[284.7,292.7],[288.0,290.1],[302.5,288.6],[308.8,288.6]]]},"symbol":{"type":"CIMPolygonSymbol","symbolLayers":[{"type":"CIMSolidFill","enable":true,"primitiveName":"icon_element","color":[0,0,0,255]}]}}],"scaleSymbolsProportionally":true,"respectFrame":true}],"haloSize":1,"scaleX":1,"angleAlignment":"Display","version":"2.0.0","build":"8933"}