{"type":"CIMPointSymbol","symbolLayers":[{"type":"CIMVectorMarker","enable":true,"colorLocked":true,"anchorPointUnits":"Relative","dominantSizeAxis3D":"Z","size":64,"billboardMode3D":"FaceNearPlane","frame":{"xmin":0,"ymin":0,"xmax":612,"ymax":792},"markerGraphics":[{"type":"CIMMarkerGraphic","geometry":{"rings":[[[319.7,304.0],[325.3,304.9],[331.1,307.7],[336.8,312.2],[342.2,318.3],[351.5,334.5],[354.2,342.9],[355.4,350.5],[354.6,360.1],[351.2,368.7],[345.3,376.5],[328.5,393.2],[325.3,398.9],[324.3,404.9],[324.3,487.4],[287.6,487.4],[287.6,404.9],[286.6,399.0],[283.4,393.3],[266.8,376.5],[261.2,369.3],[257.9,361.9],[256.5,353.9],[257.1,346.6],[259.6,338.1],[263.7,329.1],[269.0,320.6],[274.8,313.6],[280.8,308.3],[286.6,305.1],[292.2,304.0],[319.7,304.0]]]},"symbol":{"type":"CIMPolygonSymbol","symbolLayers":[{"type":"CIMSolidFill","enable":true,"color":[255,254,111,255]}]}},{"type":"CIMMarkerGraphic","geometry":{"rings":[[[292.2,304.0],[286.6,305.1],[280.7,308.3],[274.7,313.6],[269.0,320.6],[259.6,338.1],[257.1,346.6],[256.5,353.9],[257.9,361.9],[261.3,369.3],[266.9,376.5],[283.4,393.3],[286.6,399.0],[287.6,404.9],[287.6,487.4],[324.3,487.4],[324.3,404.9],[325.3,398.9],[328.5,393.2],[345.4,376.5],[351.2,368.7],[354.6,360.1],[355.4,350.5],[354.3,342.9],[351.5,334.4],[342.3,318.3],[336.8,312.2],[331.1,307.7],[325.4,304.9],[319.7,304.0],[292.2,304.0]],[[324.3,299.4],[330.7,300.5],[337.0,303.7],[343.1,309.0],[348.7,316.1],[353.7,325.0],[357.7,334.9],[360.1,345.0],[361.0,354.4],[359.9,363.5],[356.4,371.8],[350.6,379.6],[333.2,397.0],[330.0,403.1],[328.9,409.4],[328.9,496.6],[283.0,496.6],[283.0,409.5],[282.1,404.1],[279.3,398.9],[262.8,382.2],[256.3,373.0],[252.2,362.2],[250.9,349.8],[251.9,342.4],[254.7,333.7],[264.5,315.9],[270.4,308.9],[276.3,303.7],[282.1,300.5],[287.6,299.4],[324.3,299.4]]]},"symbol":{"type":"CIMPolygonSymbol","symbolLayers":[{"type":"CIMSolidFill","enable":true,"color":[0,0,0,255]}]}},{"type":"CIMMarkerGraphic","geometry":{"x":277.980010986328125,"y":326.593089088797569},"symbol":{"type":"CIMTextSymbol","blockProgression":"TTB","depth3D":1,"extrapolateBaselines":true,"fontEffects":"Normal","fontEncoding":"Unicode","fontFamilyName":"Arial","fontType":"Unspecified","haloSize":1,"height":71.795303344726563,"hinting":"Default","horizontalAlignment":"Left","kerning":true,"letterWidth":100,"ligatures":true,"lineGapType":"ExtraLeading","symbol":{"type":"CIMPolygonSymbol","symbolLayers":[{"type":"CIMSolidFill","enable":true,"color":[0,0,0,255]}]},"textCase":"Normal","textDirection":"LTR","verticalAlignment":"Baseline","verticalGlyphOrientation":"Right","wordSpacing":100,"billboardMode3D":"FaceNearPlane"},"textString":"C"}],"scaleSymbolsProportionally":true,"respectFrame":true}],"haloSize":1,"scaleX":1,"angleAlignment":"Display","version":"2.0.0","build":"8933"}