{"type":"CIMPointSymbol","symbolLayers":[{"type":"CIMVectorMarker","enable":true,"anchorPointUnits":"Relative","dominantSizeAxis3D":"Z","size":64,"billboardMode3D":"FaceNearPlane","frame":{"xmin":0,"ymin":0,"xmax":612,"ymax":792},"markerGraphics":[{"type":"CIMMarkerGraphic","geometry":{"rings":[[[311.6,335.7],[320.5,337.6],[331.4,342.2],[340.5,348.1],[346.4,354.1],[352.1,363.2],[356.2,373.1],[358.8,383.4],[359.6,394.0],[359.6,400.9],[359.0,406.6],[357.9,406.6],[355.1,398.6],[350.7,391.3],[344.8,385.1],[337.9,380.4],[338.6,387.4],[342.6,401.5],[342.5,407.7],[340.0,424.5],[336.1,411.8],[333.8,407.1],[324.5,398.9],[321.9,398.0],[321.1,399.3],[321.1,404.6],[321.8,409.6],[325.2,419.9],[325.8,425.1],[321.7,432.7],[315.6,440.8],[315.8,438.7],[314.0,426.2],[310.4,421.4],[307.4,418.8],[305.4,419.7],[303.4,422.3],[301.7,426.2],[301.0,429.8],[301.0,432.4],[301.9,437.3],[306.8,448.5],[307.5,452.5],[306.3,459.8],[302.4,450.1],[296.8,442.0],[288.8,431.0],[285.9,425.6],[285.9,424.0],[290.1,411.3],[291.6,404.9],[291.8,397.2],[285.8,400.6],[279.1,407.2],[275.4,414.0],[272.7,424.0],[269.6,418.5],[268.0,410.4],[268.0,404.6],[268.5,399.4],[269.7,394.4],[276.4,380.7],[277.5,376.8],[271.5,380.3],[264.0,386.4],[254.4,399.9],[255.6,388.6],[259.5,375.7],[263.7,365.1],[265.7,361.2],[270.2,356.4],[278.5,348.2],[288.9,341.4],[299.4,337.2],[309.6,335.7],[311.6,335.7]]]},"symbol":{"type":"CIMPolygonSymbol","symbolLayers":[{"type":"CIMSolidFill","enable":true,"primitiveName":"icon_element","color":[0,0,0,255]}]}},{"type":"CIMMarkerGraphic","geometry":{"rings":[[[309.56,473.96],[309.56,498.2],[304.28,498.2],[304.28,473.96],[309.56,473.96]]]},"symbol":{"type":"CIMPolygonSymbol","symbolLayers":[{"type":"CIMSolidFill","enable":true,"primitiveName":"icon_element","color":[0,0,0,255]}]}},{"type":"CIMMarkerGraphic","geometry":{"rings":[[[304.28,473.96],[309.56,473.96],[309.56,498.2],[304.28,498.2],[304.28,473.96]]]},"symbol":{"type":"CIMPolygonSymbol","symbolLayers":[{"type":"CIMSolidStroke","enable":true,"primitiveName":"icon_element","capStyle":"Round","joinStyle":"Miter","lineStyle3D":"Strip","miterLimit":10,"width":5,"color":[0,0,0,255]}]}},{"type":"CIMMarkerGraphic","geometry":{"rings":[[[264.2,435.56],[241.04,458.6],[240.92,458.0],[237.92,454.64],[260.72,431.84],[264.2,435.56]]]},"symbol":{"type":"CIMPolygonSymbol","symbolLayers":[{"type":"CIMSolidFill","enable":true,"primitiveName":"icon_element","color":[0,0,0,255]}]}},{"type":"CIMMarkerGraphic","geometry":{"rings":[[[237.92,454.64],[260.72,431.84],[264.2,435.56],[241.04,458.6],[240.92,458.0],[237.92,454.64]]]},"symbol":{"type":"CIMPolygonSymbol","symbolLayers":[{"type":"CIMSolidStroke","enable":true,"primitiveName":"icon_element","capStyle":"Round","joinStyle":"Miter","lineStyle3D":"Strip","miterLimit":10,"width":5,"color":[0,0,0,255]}]}},{"type":"CIMMarkerGraphic","geometry":{"rings":[[[375.92,454.64],[372.56,457.76],[350.12,436.04],[353.84,432.32],[375.92,454.64]]]},"symbol":{"type":"CIMPolygonSymbol","symbolLayers":[{"type":"CIMSolidFill","enable":true,"primitiveName":"icon_element","color":[0,0,0,255]}]}},{"type":"CIMMarkerGraphic","geometry":{"rings":[[[350.12,436.04],[353.84,432.32],[375.92,454.64],[372.56,457.76],[350.12,436.04]]]},"symbol":{"type":"CIMPolygonSymbol","symbolLayers":[{"type":"CIMSolidStroke","enable":true,"primitiveName":"icon_element","capStyle":"Round","joinStyle":"Miter","lineStyle3D":"Strip","miterLimit":10,"width":5,"color":[0,0,0,255]}]}},{"type":"CIMMarkerGraphic","geometry":{"rings":[[[243.2,386.7],[243.8,391.4],[211.2,391.4],[211.2,386.7],[243.2,386.7]]]},"symbol":{"type":"CIMPolygonSymbol","symbolLayers":[{"type":"CIMSolidFill","enable":true,"primitiveName":"icon_element","color":[0,0,0,255]}]}},{"type":"CIMMarkerGraphic","geometry":{"rings":[[[211.2,386.7],[243.2,386.7],[243.8,391.4],[211.2,391.4],[211.2,386.7]]]},"symbol":{"type":"CIMPolygonSymbol","symbolLayers":[{"type":"CIMSolidStroke","enable":true,"primitiveName":"icon_element","capStyle":"Round","joinStyle":"Miter","lineStyle3D":"Strip","miterLimit":10,"width":5,"color":[0,0,0,255]}]}},{"type":"CIMMarkerGraphic","geometry":{"rings":[[[402.1,386.7],[402.1,391.4],[371.6,391.4],[371.6,386.7],[402.1,386.7]]]},"symbol":{"type":"CIMPolygonSymbol","symbolLayers":[{"type":"CIMSolidFill","enable":true,"primitiveName":"icon_element","color":[0,0,0,255]}]}},{"type":"CIMMarkerGraphic","geometry":{"rings":[[[371.6,386.7],[402.1,386.7],[402.1,391.4],[371.6,391.4],[371.6,386.7]]]},"symbol":{"type":"CIMPolygonSymbol","symbolLayers":[{"type":"CIMSolidStroke","enable":true,"primitiveName":"icon_element","capStyle":"Round","joinStyle":"Miter","lineStyle3D":"Strip","miterLimit":10,"width":5,"color":[0,0,0,255]}]}},{"type":"CIMMarkerGraphic","geometry":{"rings":[[[263.36,342.08],[260.0,345.32],[237.92,323.24],[241.28,319.76],[263.36,342.08]]]},"symbol":{"type":"CIMPolygonSymbol","symbolLayers":[{"type":"CIMSolidFill","enable":true,"primitiveName":"icon_element","color":[0,0,0,255]}]}},{"type":"CIMMarkerGraphic","geometry":{"rings":[[[237.92,323.24],[241.28,319.76],[263.36,342.08],[260.0,345.32],[237.92,323.24]]]},"symbol":{"type":"CIMPolygonSymbol","symbolLayers":[{"type":"CIMSolidStroke","enable":true,"primitiveName":"icon_element","capStyle":"Round","joinStyle":"Miter","lineStyle3D":"Strip","miterLimit":10,"width":5,"color":[0,0,0,255]}]}},{"type":"CIMMarkerGraphic","geometry":{"rings":[[[375.92,323.24],[354.08,344.72],[350.96,341.6],[372.8,319.76],[375.92,323.24]]]},"symbol":{"type":"CIMPolygonSymbol","symbolLayers":[{"type":"CIMSolidFill","enable":true,"primitiveName":"icon_element","color":[0,0,0,255]}]}},{"type":"CIMMarkerGraphic","geometry":{"rings":[[[350.96,341.6],[372.8,319.76],[375.92,323.24],[354.08,344.72],[350.96,341.6]]]},"symbol":{"type":"CIMPolygonSymbol","symbolLayers":[{"type":"CIMSolidStroke","enable":true,"primitiveName":"icon_element","capStyle":"Round","joinStyle":"Miter","lineStyle3D":"Strip","miterLimit":10,"width":5,"color":[0,0,0,255]}]}},{"type":"CIMMarkerGraphic","geometry":{"rings":[[[309.6,293.1],[309.6,324.7],[304.3,324.7],[304.3,293.1],[309.6,293.1]]]},"symbol":{"type":"CIMPolygonSymbol","symbolLayers":[{"type":"CIMSolidFill","enable":true,"primitiveName":"icon_element","color":[0,0,0,255]}]}},{"type":"CIMMarkerGraphic","geometry":{"rings":[[[304.3,293.1],[309.6,293.1],[309.6,324.7],[304.3,324.7],[304.3,293.1]]]},"symbol":{"type":"CIMPolygonSymbol","symbolLayers":[{"type":"CIMSolidStroke","enable":true,"primitiveName":"icon_element","capStyle":"Round","joinStyle":"Miter","lineStyle3D":"Strip","miterLimit":10,"width":5,"color":[0,0,0,255]}]}}],"scaleSymbolsProportionally":true,"respectFrame":true}],"haloSize":1,"scaleX":1,"angleAlignment":"Display","version":"2.0.0","build":"8933"}