{"type":"CIMPointSymbol","symbolLayers":[{"type":"CIMVectorMarker","enable":true,"anchorPointUnits":"Relative","dominantSizeAxis3D":"Z","size":64,"billboardMode3D":"FaceNearPlane","frame":{"xmin":0,"ymin":0,"xmax":612,"ymax":792},"markerGraphics":[{"type":"CIMMarkerGraphic","geometry":{"rings":[[[305.5,386.5],[309.0,386.8],[312.3,387.7],[315.5,389.2],[318.4,391.2],[320.8,393.6],[322.8,396.5],[324.3,399.7],[325.2,403.0],[325.5,406.5],[325.2,410.0],[324.3,413.3],[322.8,416.5],[320.8,419.4],[318.4,421.8],[315.5,423.8],[312.3,425.3],[309.0,426.2],[305.5,426.5],[302.0,426.2],[298.7,425.3],[295.5,423.8],[292.6,421.8],[290.2,419.4],[288.2,416.5],[286.7,413.3],[285.8,410.0],[285.5,406.5],[285.8,403.0],[286.7,399.7],[288.2,396.5],[290.2,393.6],[292.6,391.2],[295.5,389.2],[298.7,387.7],[302.0,386.8],[305.5,386.5]]]},"symbol":{"type":"CIMPolygonSymbol","symbolLayers":[{"type":"CIMSolidStroke","enable":true,"primitiveName":"icon_element","capStyle":"Round","joinStyle":"Miter","lineStyle3D":"Strip","miterLimit":10,"width":10,"color":[0,0,0,255]}]}},{"type":"CIMMarkerGraphic","geometry":{"paths":[[[305.5,386.5],[305.5,291.5]]]},"symbol":{"type":"CIMPolygonSymbol","symbolLayers":[{"type":"CIMSolidStroke","enable":true,"primitiveName":"icon_element","capStyle":"Butt","joinStyle":"Miter","lineStyle3D":"Strip","miterLimit":10,"width":10,"color":[0,0,0,255]}]}},{"type":"CIMMarkerGraphic","geometry":{"paths":[[[280.5,361.5],[330.5,361.5]]]},"symbol":{"type":"CIMPolygonSymbol","symbolLayers":[{"type":"CIMSolidStroke","enable":true,"primitiveName":"icon_element","capStyle":"Butt","joinStyle":"Miter","lineStyle3D":"Strip","miterLimit":10,"width":10,"color":[0,0,0,255]}]}},{"type":"CIMMarkerGraphic","geometry":{"rings":[[[245.5,406.5],[249.0,406.8],[252.3,407.7],[255.5,409.2],[258.4,411.2],[260.8,413.6],[262.8,416.5],[264.3,419.7],[265.2,423.0],[265.5,426.5],[265.2,430.0],[264.3,433.3],[262.8,436.5],[260.8,439.4],[258.4,441.8],[255.5,443.8],[252.3,445.3],[249.0,446.2],[245.5,446.5],[242.0,446.2],[238.7,445.3],[235.5,443.8],[232.6,441.8],[230.2,439.4],[228.2,436.5],[226.7,433.3],[225.8,430.0],[225.5,426.5],[225.8,423.0],[226.7,419.7],[228.2,416.5],[230.2,413.6],[232.6,411.2],[235.5,409.2],[238.7,407.7],[242.0,406.8],[245.5,406.5]]]},"symbol":{"type":"CIMPolygonSymbol","symbolLayers":[{"type":"CIMSolidStroke","enable":true,"primitiveName":"icon_element","capStyle":"Round","joinStyle":"Miter","lineStyle3D":"Strip","miterLimit":10,"width":10,"color":[0,0,0,255]}]}},{"type":"CIMMarkerGraphic","geometry":{"paths":[[[245.5,406.5],[245.5,311.5]]]},"symbol":{"type":"CIMPolygonSymbol","symbolLayers":[{"type":"CIMSolidStroke","enable":true,"primitiveName":"icon_element","capStyle":"Butt","joinStyle":"Miter","lineStyle3D":"Strip","miterLimit":10,"width":10,"color":[0,0,0,255]}]}},{"type":"CIMMarkerGraphic","geometry":{"paths":[[[220.5,381.5],[270.5,381.5]]]},"symbol":{"type":"CIMPolygonSymbol","symbolLayers":[{"type":"CIMSolidStroke","enable":true,"primitiveName":"icon_element","capStyle":"Butt","joinStyle":"Miter","lineStyle3D":"Strip","miterLimit":10,"width":10,"color":[0,0,0,255]}]}},{"type":"CIMMarkerGraphic","geometry":{"rings":[[[365.5,406.5],[369.0,406.8],[372.3,407.7],[375.5,409.2],[378.4,411.2],[380.8,413.6],[382.8,416.5],[384.3,419.7],[385.2,423.0],[385.5,426.5],[385.2,430.0],[384.3,433.3],[382.8,436.5],[380.8,439.4],[378.4,441.8],[375.5,443.8],[372.3,445.3],[369.0,446.2],[365.5,446.5],[362.0,446.2],[358.7,445.3],[355.5,443.8],[352.6,441.8],[350.2,439.4],[348.2,436.5],[346.7,433.3],[345.8,430.0],[345.5,426.5],[345.8,423.0],[346.7,419.7],[348.2,416.5],[350.2,413.6],[352.6,411.2],[355.5,409.2],[358.7,407.7],[362.0,406.8],[365.5,406.5]]]},"symbol":{"type":"CIMPolygonSymbol","symbolLayers":[{"type":"CIMSolidStroke","enable":true,"primitiveName":"icon_element","capStyle":"Round","joinStyle":"Miter","lineStyle3D":"Strip","miterLimit":10,"width":10,"color":[0,0,0,255]}]}},{"type":"CIMMarkerGraphic","geometry":{"paths":[[[365.5,406.5],[365.5,311.5]]]},"symbol":{"type":"CIMPolygonSymbol","symbolLayers":[{"type":"CIMSolidStroke","enable":true,"primitiveName":"icon_element","capStyle":"Butt","joinStyle":"Miter","lineStyle3D":"Strip","miterLimit":10,"width":10,"color":[0,0,0,255]}]}},{"type":"CIMMarkerGraphic","geometry":{"paths":[[[340.5,381.5],[390.5,381.5]]]},"symbol":{"type":"CIMPolygonSymbol","symbolLayers":[{"type":"CIMSolidStroke","enable":true,"primitiveName":"icon_element","capStyle":"Butt","joinStyle":"Miter","lineStyle3D":"Strip","miterLimit":10,"width":10,"color":[0,0,0,255]}]}},{"type":"CIMMarkerGraphic","geometry":{"x":245.283203125,"y":458.123046875},"symbol":{"type":"CIMTextSymbol","blockProgression":"TTB","depth3D":1,"extrapolateBaselines":true,"fontEffects":"Normal","fontEncoding":"Unicode","fontFamilyName":"Arial","fontType":"Unspecified","haloSize":1,"height":50,"hinting":"Default","horizontalAlignment":"Left","kerning":true,"letterWidth":100,"ligatures":true,"lineGapType":"ExtraLeading","symbol":{"type":"CIMPolygonSymbol","symbolLayers":[{"type":"CIMSolidFill","enable":true,"color":[0,0,0,255]}]},"textCase":"Normal","textDirection":"LTR","verticalAlignment":"Baseline","verticalGlyphOrientation":"Right","wordSpacing":100,"billboardMode3D":"FaceNearPlane"},"textString":"RIOT","primitiveName":"icon_element"}],"scaleSymbolsProportionally":true,"respectFrame":true}],"haloSize":1,"scaleX":1,"angleAlignment":"Display","version":"2.0.0","build":"8933"}