{"type":"CIMPointSymbol","symbolLayers":[{"type":"CIMVectorMarker","enable":true,"anchorPointUnits":"Relative","dominantSizeAxis3D":"Z","size":64,"billboardMode3D":"FaceNearPlane","frame":{"xmin":0,"ymin":0,"xmax":612,"ymax":792},"markerGraphics":[{"type":"CIMMarkerGraphic","geometry":{"rings":[[[221.6,411.0],[221.3,412.0],[236.3,427.1],[236.4,396.6],[221.6,396.6],[221.6,411.0]],[[252.0,442.2],[267.2,457.8],[267.2,396.5],[252.0,396.5],[252.0,442.2]],[[282.5,472.7],[297.7,488.3],[297.7,396.5],[282.5,396.5],[282.5,472.7]],[[374.6,427.0],[389.8,411.4],[389.8,396.5],[374.6,396.5],[374.6,427.0]],[[343.8,457.8],[359.0,442.2],[359.0,396.5],[343.8,396.5],[343.8,457.8]],[[313.3,488.3],[328.8,473.0],[328.5,471.9],[328.5,396.5],[313.3,396.5],[313.3,488.3]],[[207.3,394.9],[403.6,395.0],[305.4,296.9],[207.3,394.9]],[[413.7,396.6],[305.4,504.7],[197.3,396.6],[305.6,288.3],[413.7,396.6]]]},"symbol":{"type":"CIMPolygonSymbol","symbolLayers":[{"type":"CIMSolidFill","enable":true,"primitiveName":"icon_element","color":[0,0,0,255]}]}}],"scaleSymbolsProportionally":true,"respectFrame":true}],"haloSize":1,"scaleX":1,"angleAlignment":"Display","version":"2.0.0","build":"8933"}