{"type":"CIMPointSymbol","symbolLayers":[{"type":"CIMVectorMarker","enable":true,"anchorPointUnits":"Relative","dominantSizeAxis3D":"Z","size":64,"billboardMode3D":"FaceNearPlane","frame":{"xmin":0,"ymin":0,"xmax":612,"ymax":792},"markerGraphics":[{"type":"CIMMarkerGraphic","geometry":{"x":296.470703125,"y":417.4599609375},"symbol":{"type":"CIMTextSymbol","blockProgression":"TTB","depth3D":1,"extrapolateBaselines":true,"fontEffects":"Normal","fontEncoding":"Unicode","fontFamilyName":"Arial","fontType":"Unspecified","haloSize":1,"height":65,"hinting":"Default","horizontalAlignment":"Left","kerning":true,"letterWidth":100,"ligatures":true,"lineGapType":"ExtraLeading","symbol":{"type":"CIMPolygonSymbol","symbolLayers":[{"type":"CIMSolidFill","enable":true,"color":[0,0,0,255]}]},"textCase":"Normal","textDirection":"LTR","verticalAlignment":"Baseline","verticalGlyphOrientation":"Right","wordSpacing":100,"billboardMode3D":"FaceNearPlane"},"textString":"I","primitiveName":"icon_element"},{"type":"CIMMarkerGraphic","geometry":{"paths":[[[195.5,401.0],[415.5,401.0]]]},"symbol":{"type":"CIMPolygonSymbol","symbolLayers":[{"type":"CIMSolidStroke","enable":true,"primitiveName":"icon_element","capStyle":"Butt","joinStyle":"Miter","lineStyle3D":"Strip","miterLimit":10,"width":10,"color":[0,0,0,255]}]}},{"type":"CIMMarkerGraphic","geometry":{"rings":[[[385.5,351.0],[390.4,351.5],[395.1,352.9],[399.4,355.2],[403.2,358.3],[406.3,362.1],[408.6,366.4],[410.0,371.1],[410.5,376.0],[410.0,380.9],[408.6,385.6],[406.3,389.9],[403.2,393.7],[399.4,396.8],[395.1,399.1],[390.4,400.5],[385.5,401.0],[380.6,400.5],[375.9,399.1],[371.6,396.8],[367.8,393.7],[364.7,389.9],[362.4,385.6],[361.0,380.9],[360.5,376.0],[361.0,371.1],[362.4,366.4],[364.7,362.1],[367.8,358.3],[371.6,355.2],[375.9,352.9],[380.6,351.5],[385.5,351.0]]]},"symbol":{"type":"CIMPolygonSymbol","symbolLayers":[{"type":"CIMSolidStroke","enable":true,"primitiveName":"icon_element","capStyle":"Round","joinStyle":"Miter","lineStyle3D":"Strip","miterLimit":10,"width":10,"color":[0,0,0,255]}]}},{"type":"CIMMarkerGraphic","geometry":{"rings":[[[225.5,351.0],[230.4,351.5],[235.1,352.9],[239.4,355.2],[243.2,358.3],[246.3,362.1],[248.6,366.4],[250.0,371.1],[250.5,376.0],[250.0,380.9],[248.6,385.6],[246.3,389.9],[243.2,393.7],[239.4,396.8],[235.1,399.1],[230.4,400.5],[225.5,401.0],[220.6,400.5],[215.9,399.1],[211.6,396.8],[207.8,393.7],[204.7,389.9],[202.4,385.6],[201.0,380.9],[200.5,376.0],[201.0,371.1],[202.4,366.4],[204.7,362.1],[207.8,358.3],[211.6,355.2],[215.9,352.9],[220.6,351.5],[225.5,351.0]]]},"symbol":{"type":"CIMPolygonSymbol","symbolLayers":[{"type":"CIMSolidStroke","enable":true,"primitiveName":"icon_element","capStyle":"Round","joinStyle":"Miter","lineStyle3D":"Strip","miterLimit":10,"width":10,"color":[0,0,0,255]}]}}],"scaleSymbolsProportionally":true,"respectFrame":true}],"haloSize":1,"scaleX":1,"angleAlignment":"Display","version":"2.0.0","build":"8933"}