{"type":"CIMPointSymbol","symbolLayers":[{"type":"CIMVectorMarker","enable":true,"anchorPointUnits":"Relative","dominantSizeAxis3D":"Z","size":64,"billboardMode3D":"FaceNearPlane","frame":{"xmin":0,"ymin":0,"xmax":612,"ymax":792},"markerGraphics":[{"type":"CIMMarkerGraphic","geometry":{"x":235.8251953125,"y":447.754852294921875},"symbol":{"type":"CIMTextSymbol","blockProgression":"TTB","depth3D":1,"extrapolateBaselines":true,"fontEffects":"Normal","fontEncoding":"Unicode","fontFamilyName":"Arial","fontType":"Unspecified","haloSize":1,"height":65,"hinting":"Default","horizontalAlignment":"Left","kerning":true,"letterWidth":100,"ligatures":true,"lineGapType":"ExtraLeading","symbol":{"type":"CIMPolygonSymbol","symbolLayers":[{"type":"CIMSolidFill","enable":true,"color":[0,0,0,255]}]},"textCase":"Normal","textDirection":"LTR","verticalAlignment":"Baseline","verticalGlyphOrientation":"Right","wordSpacing":100,"billboardMode3D":"FaceNearPlane"},"textString":"ACC","primitiveName":"icon_element"}],"scaleSymbolsProportionally":true,"respectFrame":true},{"type":"CIMVectorMarker","enable":true,"anchorPointUnits":"Relative","dominantSizeAxis3D":"Z","size":64,"billboardMode3D":"FaceNearPlane","frame":{"xmin":0,"ymin":0,"xmax":612,"ymax":792},"markerGraphics":[{"type":"CIMMarkerGraphic","geometry":{"paths":[[[194.0,413.5],[414.0,413.5]]]},"symbol":{"type":"CIMPolygonSymbol","symbolLayers":[{"type":"CIMSolidStroke","enable":true,"primitiveName":"icon_element","capStyle":"Butt","joinStyle":"Miter","lineStyle3D":"Strip","miterLimit":10,"width":5,"color":[0,0,0,255]}]}},{"type":"CIMMarkerGraphic","geometry":{"rings":[[[384.0,363.5],[388.9,364.0],[393.6,365.4],[397.9,367.7],[401.7,370.8],[404.8,374.6],[407.1,378.9],[408.5,383.6],[409.0,388.5],[408.5,393.4],[407.1,398.1],[404.8,402.4],[401.7,406.2],[397.9,409.3],[393.6,411.6],[388.9,413.0],[384.0,413.5],[379.1,413.0],[374.4,411.6],[370.1,409.3],[366.3,406.2],[363.2,402.4],[360.9,398.1],[359.5,393.4],[359.0,388.5],[359.5,383.6],[360.9,378.9],[363.2,374.6],[366.3,370.8],[370.1,367.7],[374.4,365.4],[379.1,364.0],[384.0,363.5]]]},"symbol":{"type":"CIMPolygonSymbol","symbolLayers":[{"type":"CIMSolidStroke","enable":true,"primitiveName":"icon_element","capStyle":"Round","joinStyle":"Miter","lineStyle3D":"Strip","miterLimit":10,"width":5,"color":[0,0,0,255]}]}},{"type":"CIMMarkerGraphic","geometry":{"rings":[[[224.0,363.5],[228.9,364.0],[233.6,365.4],[237.9,367.7],[241.7,370.8],[244.8,374.6],[247.1,378.9],[248.5,383.6],[249.0,388.5],[248.5,393.4],[247.1,398.1],[244.8,402.4],[241.7,406.2],[237.9,409.3],[233.6,411.6],[228.9,413.0],[224.0,413.5],[219.1,413.0],[214.4,411.6],[210.1,409.3],[206.3,406.2],[203.2,402.4],[200.9,398.1],[199.5,393.4],[199.0,388.5],[199.5,383.6],[200.9,378.9],[203.2,374.6],[206.3,370.8],[210.1,367.7],[214.4,365.4],[219.1,364.0],[224.0,363.5]]]},"symbol":{"type":"CIMPolygonSymbol","symbolLayers":[{"type":"CIMSolidStroke","enable":true,"primitiveName":"icon_element","capStyle":"Round","joinStyle":"Miter","lineStyle3D":"Strip","miterLimit":10,"width":5,"color":[0,0,0,255]}]}}],"scaleSymbolsProportionally":true,"respectFrame":true}],"haloSize":1,"scaleX":1,"angleAlignment":"Display","version":"2.0.0","build":"8933"}