{"type":"CIMPointSymbol","symbolLayers":[{"type":"CIMVectorMarker","enable":true,"anchorPointUnits":"Relative","dominantSizeAxis3D":"Z","size":64,"billboardMode3D":"FaceNearPlane","frame":{"xmin":0,"ymin":0,"xmax":612,"ymax":792},"markerGraphics":[{"type":"CIMMarkerGraphic","geometry":{"rings":[[[250.0,348.9],[360.2,348.9],[360.2,420.5],[250.0,420.5],[250.0,348.9]]]},"symbol":{"type":"CIMPolygonSymbol","symbolLayers":[{"type":"CIMSolidFill","enable":true,"primitiveName":"icon_element","color":[255,255,255,255]}]}},{"type":"CIMMarkerGraphic","geometry":{"rings":[[[250.0,348.9],[360.2,348.9],[360.2,420.5],[250.0,420.5],[250.0,348.9]]]},"symbol":{"type":"CIMPolygonSymbol","symbolLayers":[{"type":"CIMSolidStroke","enable":true,"colorLocked":true,"capStyle":"Round","joinStyle":"Miter","lineStyle3D":"Strip","miterLimit":10,"width":3.0608000755310059,"color":[0,0,0,255]}]}},{"type":"CIMMarkerGraphic","geometry":{"rings":[[[360.2,421.1],[305.1,471.9],[250.0,421.1],[360.2,421.1]]]},"symbol":{"type":"CIMPolygonSymbol","symbolLayers":[{"type":"CIMSolidFill","enable":true,"primitiveName":"icon_element","color":[255,255,255,255]}]}},{"type":"CIMMarkerGraphic","geometry":{"rings":[[[250.0,421.1],[305.1,471.9],[360.2,421.1],[250.0,421.1]]]},"symbol":{"type":"CIMPolygonSymbol","symbolLayers":[{"type":"CIMSolidStroke","enable":true,"colorLocked":true,"capStyle":"Round","joinStyle":"Miter","lineStyle3D":"Strip","miterLimit":10,"width":3.0608000755310059,"color":[0,0,0,255]}]}},{"type":"CIMMarkerGraphic","geometry":{"rings":[[[215.1,337.0],[396.9,337.0],[396.9,352.3],[215.1,352.3],[215.1,337.0]]]},"symbol":{"type":"CIMPolygonSymbol","symbolLayers":[{"type":"CIMSolidFill","enable":true,"colorLocked":true,"color":[0,0,0,255]}]}},{"type":"CIMMarkerGraphic","geometry":{"rings":[[[215.1,337.0],[396.9,337.0],[396.9,352.3],[215.1,352.3],[215.1,337.0]]]},"symbol":{"type":"CIMPolygonSymbol","symbolLayers":[{"type":"CIMSolidStroke","enable":true,"colorLocked":true,"capStyle":"Round","joinStyle":"Miter","lineStyle3D":"Strip","miterLimit":10,"width":0.61220002174377441,"color":[0,0,0,255]}]}},{"type":"CIMMarkerGraphic","geometry":{"paths":[[[216.32,351.04],[216.32,365.74]]]},"symbol":{"type":"CIMPolygonSymbol","symbolLayers":[{"type":"CIMSolidStroke","enable":true,"colorLocked":true,"capStyle":"Round","joinStyle":"Miter","lineStyle3D":"Strip","miterLimit":10,"width":3.0608000755310059,"color":[0,0,0,255]}]}},{"type":"CIMMarkerGraphic","geometry":{"paths":[[[395.68,351.04],[395.68,365.74]]]},"symbol":{"type":"CIMPolygonSymbol","symbolLayers":[{"type":"CIMSolidStroke","enable":true,"colorLocked":true,"capStyle":"Round","joinStyle":"Miter","lineStyle3D":"Strip","miterLimit":10,"width":3.0608000755310059,"color":[0,0,0,255]}]}},{"type":"CIMMarkerGraphic","geometry":{"rings":[[[216.1,353.8],[220.1,351.6],[229.7,349.7],[265.9,347.1],[326.8,345.9],[383.9,346.8],[391.6,348.1],[395.5,349.7],[396.2,354.5],[395.5,363.0],[394.3,365.2],[392.2,363.6],[385.8,359.0],[379.3,356.7],[373.9,357.1],[369.8,360.1],[368.0,367.2],[366.5,367.9],[354.5,356.1],[350.0,355.1],[344.3,356.2],[341.9,358.5],[338.2,366.5],[335.7,367.3],[333.5,365.3],[328.9,357.9],[325.5,355.4],[316.2,354.9],[308.1,358.3],[305.5,363.9],[303.3,364.8],[294.7,356.8],[291.4,355.0],[287.7,354.8],[284.3,355.9],[276.1,364.4],[273.3,365.6],[260.0,357.0],[255.6,356.7],[252.4,357.6],[246.7,364.1],[243.7,365.8],[234.5,357.3],[227.8,354.9],[224.6,355.7],[221.8,358.0],[216.9,366.8],[216.1,353.8]]]},"symbol":{"type":"CIMPolygonSymbol","symbolLayers":[{"type":"CIMSolidFill","enable":true,"colorLocked":true,"color":[0,0,0,255]}]}},{"type":"CIMMarkerGraphic","geometry":{"paths":[[[216.9,366.8],[221.8,358.0],[224.6,355.7],[227.8,354.9],[234.5,357.3],[243.7,365.8],[246.7,364.1],[252.4,357.6],[255.6,356.7],[260.0,357.0],[273.3,365.6],[276.1,364.4],[284.3,355.9],[287.7,354.8],[291.4,355.0],[294.7,356.8],[303.3,364.8],[305.5,363.9],[308.1,358.3],[316.2,354.9],[325.5,355.4],[328.9,357.9],[333.5,365.3],[335.7,367.3],[338.2,366.5],[341.9,358.5],[344.3,356.2],[350.0,355.1],[354.5,356.1],[366.5,367.9],[368.0,367.2],[369.8,360.1],[373.9,357.1],[379.3,356.7],[385.8,359.0],[392.2,363.6],[394.3,365.2],[395.5,363.0],[396.2,354.5],[395.5,349.7],[391.6,348.1],[383.9,346.8],[326.8,345.9],[265.9,347.1],[229.7,349.7],[220.1,351.6],[216.1,353.8]]]},"symbol":{"type":"CIMPolygonSymbol","symbolLayers":[{"type":"CIMSolidStroke","enable":true,"colorLocked":true,"capStyle":"Butt","joinStyle":"Miter","lineStyle3D":"Strip","miterLimit":10,"width":0.61220002174377441,"color":[0,0,0,255]}]}}],"scaleSymbolsProportionally":true,"respectFrame":true}],"haloSize":1,"scaleX":1,"angleAlignment":"Display","version":"2.0.0","build":"8933"}