{"type":"CIMPointSymbol","symbolLayers":[{"type":"CIMVectorMarker","enable":true,"anchorPointUnits":"Relative","dominantSizeAxis3D":"Z","size":64,"billboardMode3D":"FaceNearPlane","frame":{"xmin":0,"ymin":0,"xmax":612,"ymax":792},"markerGraphics":[{"type":"CIMMarkerGraphic","geometry":{"rings":[[[326.1,440.6],[326.2,461.4],[344.0,450.7],[345.9,454.0],[327.5,464.3],[346.3,475.3],[343.7,478.2],[326.1,468.2],[326.1,488.8],[322.1,488.8],[322.1,468.2],[303.7,478.1],[302.1,475.4],[320.0,464.3],[302.0,454.1],[303.5,450.6],[322.1,461.6],[322.1,440.6],[326.1,440.6]]]},"symbol":{"type":"CIMPolygonSymbol","symbolLayers":[{"type":"CIMSolidFill","enable":true,"primitiveName":"icon_element","color":[0,0,0,255]}]}},{"type":"CIMMarkerGraphic","geometry":{"rings":[[[352.3,312.0],[331.1,337.0],[341.8,340.1],[313.8,441.7],[227.6,312.0],[352.3,312.0]]]},"symbol":{"type":"CIMPolygonSymbol","symbolLayers":[{"type":"CIMSolidFill","enable":true,"primitiveName":"icon_element","color":[0,0,0,255]}]}},{"type":"CIMMarkerGraphic","geometry":{"rings":[[[383.4,336.5],[372.0,333.1],[344.7,428.1],[335.7,425.8],[363.2,330.7],[351.6,326.9],[375.7,304.0],[383.4,336.5]]]},"symbol":{"type":"CIMPolygonSymbol","symbolLayers":[{"type":"CIMSolidFill","enable":true,"primitiveName":"icon_element","color":[0,0,0,255]}]}}],"scaleSymbolsProportionally":true,"respectFrame":true}],"haloSize":1,"scaleX":1,"angleAlignment":"Display","version":"2.0.0","build":"8933"}