{"type":"CIMPointSymbol","symbolLayers":[{"type":"CIMVectorMarker","enable":true,"anchorPointUnits":"Relative","dominantSizeAxis3D":"Z","size":64,"billboardMode3D":"FaceNearPlane","frame":{"xmin":0,"ymin":0,"xmax":612,"ymax":792},"markerGraphics":[{"type":"CIMMarkerGraphic","geometry":{"rings":[[[305.1,380.8],[308.0,381.1],[310.9,382.0],[313.6,383.5],[316.1,385.5],[318.2,387.9],[319.7,390.5],[320.7,393.3],[321.0,396.0],[321.0,398.3],[320.7,401.1],[319.7,403.9],[318.1,406.5],[316.0,408.9],[313.4,410.8],[310.6,412.3],[307.6,413.3],[304.5,413.6],[301.5,413.3],[298.4,412.3],[295.6,410.8],[293.1,408.8],[291.0,406.4],[289.5,403.6],[288.5,400.7],[288.2,397.7],[288.2,396.7],[288.5,393.6],[289.5,390.7],[290.9,388.0],[292.9,385.5],[295.4,383.5],[298.1,382.0],[301.0,381.1],[304.1,380.8],[305.1,380.8]]]},"symbol":{"type":"CIMPolygonSymbol","symbolLayers":[{"type":"CIMSolidFill","enable":true,"primitiveName":"icon_element","color":[0,0,0,255]}]}},{"type":"CIMMarkerGraphic","geometry":{"rings":[[[304.6,359.8],[312.1,360.5],[319.4,362.6],[326.0,366.1],[331.9,370.8],[336.6,376.4],[340.2,382.9],[342.4,389.9],[343.1,397.2],[342.4,404.5],[340.2,411.5],[336.6,418.0],[331.9,423.6],[326.0,428.3],[319.4,431.7],[312.1,433.9],[304.6,434.6],[297.1,433.9],[289.9,431.7],[283.2,428.3],[277.4,423.6],[272.6,418.0],[269.0,411.5],[266.8,404.5],[266.1,397.2],[266.8,389.9],[269.0,382.9],[272.6,376.4],[277.4,370.8],[283.2,366.1],[289.9,362.6],[297.1,360.5],[304.6,359.8]]]},"symbol":{"type":"CIMPolygonSymbol","symbolLayers":[{"type":"CIMSolidStroke","effects":[{"type":"CIMGeometricEffectDashes","dashTemplate":[19.871400833129883,9.9357004165649414],"lineDashEnding":"NoConstraint","controlPointEnding":"NoConstraint"}],"enable":true,"primitiveName":"icon_element","capStyle":"Butt","joinStyle":"Miter","lineStyle3D":"Strip","miterLimit":10,"width":10,"color":[0,0,0,255]}]}},{"type":"CIMMarkerGraphic","geometry":{"rings":[[[304.6,334.0],[317.3,335.2],[329.5,338.8],[340.8,344.6],[350.7,352.5],[358.8,362.1],[364.8,373.0],[368.5,384.9],[369.8,397.2],[368.5,409.5],[364.8,421.4],[358.8,432.3],[350.7,441.9],[340.8,449.8],[329.5,455.6],[317.3,459.2],[304.6,460.4],[291.9,459.2],[279.7,455.6],[268.4,449.8],[258.5,441.9],[250.4,432.3],[244.4,421.4],[240.7,409.5],[239.5,397.2],[240.7,384.9],[244.4,373.0],[250.4,362.1],[258.5,352.5],[268.4,344.6],[279.7,338.8],[291.9,335.2],[304.6,334.0]]]},"symbol":{"type":"CIMPolygonSymbol","symbolLayers":[{"type":"CIMSolidStroke","effects":[{"type":"CIMGeometricEffectDashes","dashTemplate":[15.123000144958496,10.081999778747559],"lineDashEnding":"NoConstraint","controlPointEnding":"NoConstraint"}],"enable":true,"primitiveName":"icon_element","capStyle":"Butt","joinStyle":"Miter","lineStyle3D":"Strip","miterLimit":10,"width":8,"color":[0,0,0,255]}]}},{"type":"CIMMarkerGraphic","geometry":{"rings":[[[304.6,306.9],[322.6,308.6],[339.9,313.7],[355.9,322.1],[369.9,333.3],[381.4,347.0],[389.9,362.6],[395.2,379.6],[396.9,397.2],[395.2,414.8],[389.9,431.8],[381.4,447.4],[369.9,461.1],[355.9,472.3],[339.9,480.7],[322.6,485.8],[304.6,487.5],[286.6,485.8],[269.3,480.7],[253.3,472.3],[239.3,461.1],[227.8,447.4],[219.3,431.8],[214.1,414.8],[212.3,397.2],[214.1,379.6],[219.3,362.6],[227.8,347.0],[239.3,333.3],[253.3,322.1],[269.3,313.7],[286.6,308.6],[304.6,306.9]]]},"symbol":{"type":"CIMPolygonSymbol","symbolLayers":[{"type":"CIMSolidStroke","effects":[{"type":"CIMGeometricEffectDashes","dashTemplate":[25.619699478149414,15.371800422668457],"lineDashEnding":"NoConstraint","controlPointEnding":"NoConstraint"}],"enable":true,"primitiveName":"icon_element","capStyle":"Butt","joinStyle":"Miter","lineStyle3D":"Strip","miterLimit":10,"width":7,"color":[0,0,0,255]}]}}],"scaleSymbolsProportionally":true,"respectFrame":true}],"haloSize":1,"scaleX":1,"angleAlignment":"Display","version":"2.0.0","build":"8933"}