{"type":"CIMPointSymbol","symbolLayers":[{"type":"CIMVectorMarker","enable":true,"anchorPointUnits":"Relative","dominantSizeAxis3D":"Z","size":64,"billboardMode3D":"FaceNearPlane","frame":{"xmin":0,"ymin":0,"xmax":612,"ymax":792},"markerGraphics":[{"type":"CIMMarkerGraphic","geometry":{"rings":[[[305.5,475.6],[226.8,437.8],[384.0,437.5],[305.5,475.6]]]},"symbol":{"type":"CIMPolygonSymbol","symbolLayers":[{"type":"CIMSolidFill","enable":true,"primitiveName":"icon_element","color":[0,0,0,255]}]}},{"type":"CIMMarkerGraphic","geometry":{"rings":[[[318.1,351.4],[318.1,375.2],[342.0,375.2],[342.0,401.1],[318.1,401.1],[318.1,425.4],[292.8,425.4],[292.8,401.1],[269.0,401.1],[269.0,375.2],[292.8,375.2],[292.8,351.4],[318.1,351.4]]]},"symbol":{"type":"CIMPolygonSymbol","symbolLayers":[{"type":"CIMSolidFill","enable":true,"primitiveName":"icon_element","color":[0,0,0,255]}]}},{"type":"CIMMarkerGraphic","geometry":{"rings":[[[253.8,342.8],[253.8,352.4],[250.2,352.4],[250.2,421.8],[253.8,421.8],[253.8,431.0],[235.5,431.0],[235.5,421.8],[238.6,421.8],[238.6,352.4],[235.5,352.4],[235.5,342.8],[253.8,342.8]]]},"symbol":{"type":"CIMPolygonSymbol","symbolLayers":[{"type":"CIMSolidFill","enable":true,"primitiveName":"icon_element","color":[0,0,0,255]}]}},{"type":"CIMMarkerGraphic","geometry":{"rings":[[[375.4,342.8],[375.4,352.4],[371.9,352.4],[371.9,421.8],[375.4,421.8],[375.4,431.0],[357.2,431.0],[357.2,421.8],[360.2,421.8],[360.2,352.4],[357.2,352.4],[357.2,342.8],[375.4,342.8]]]},"symbol":{"type":"CIMPolygonSymbol","symbolLayers":[{"type":"CIMSolidFill","enable":true,"primitiveName":"icon_element","color":[0,0,0,255]}]}},{"type":"CIMMarkerGraphic","geometry":{"rings":[[[379.5,332.1],[379.5,339.7],[231.0,339.7],[231.0,332.1],[379.5,332.1]]]},"symbol":{"type":"CIMPolygonSymbol","symbolLayers":[{"type":"CIMSolidFill","enable":true,"primitiveName":"icon_element","color":[0,0,0,255]}]}},{"type":"CIMMarkerGraphic","geometry":{"rings":[[[384.5,317.4],[384.5,324.5],[226.4,324.5],[226.4,317.4],[384.5,317.4]]]},"symbol":{"type":"CIMPolygonSymbol","symbolLayers":[{"type":"CIMSolidFill","enable":true,"primitiveName":"icon_element","color":[0,0,0,255]}]}}],"scaleSymbolsProportionally":true,"respectFrame":true}],"haloSize":1,"scaleX":1,"angleAlignment":"Display","version":"2.0.0","build":"8933"}