{"type":"CIMPointSymbol","symbolLayers":[{"type":"CIMVectorMarker","enable":true,"anchorPointUnits":"Relative","dominantSizeAxis3D":"Z","size":64,"billboardMode3D":"FaceNearPlane","frame":{"xmin":0,"ymin":0,"xmax":612,"ymax":792},"markerGraphics":[{"type":"CIMMarkerGraphic","geometry":{"rings":[[[305.5,246.5],[319.4,247.7],[332.9,251.3],[345.5,257.2],[356.9,265.2],[366.8,275.1],[374.8,286.5],[380.7,299.1],[384.3,312.6],[385.5,326.5],[384.3,340.4],[380.7,353.9],[374.8,366.5],[366.8,377.9],[356.9,387.8],[345.5,395.8],[332.9,401.7],[319.4,405.3],[305.5,406.5],[291.6,405.3],[278.1,401.7],[265.5,395.8],[254.1,387.8],[244.2,377.9],[236.2,366.5],[230.3,353.9],[226.7,340.4],[225.5,326.5],[226.7,312.6],[230.3,299.1],[236.2,286.5],[244.2,275.1],[254.1,265.2],[265.5,257.2],[278.1,251.3],[291.6,247.7],[305.5,246.5]]]},"symbol":{"type":"CIMPolygonSymbol","symbolLayers":[{"type":"CIMSolidFill","enable":true,"colorLocked":true,"color":[0,0,0,255]}]}},{"type":"CIMMarkerGraphic","geometry":{"rings":[[[305.5,246.5],[319.4,247.7],[332.9,251.3],[345.5,257.2],[356.9,265.2],[366.8,275.1],[374.8,286.5],[380.7,299.1],[384.3,312.6],[385.5,326.5],[384.3,340.4],[380.7,353.9],[374.8,366.5],[366.8,377.9],[356.9,387.8],[345.5,395.8],[332.9,401.7],[319.4,405.3],[305.5,406.5],[291.6,405.3],[278.1,401.7],[265.5,395.8],[254.1,387.8],[244.2,377.9],[236.2,366.5],[230.3,353.9],[226.7,340.4],[225.5,326.5],[226.7,312.6],[230.3,299.1],[236.2,286.5],[244.2,275.1],[254.1,265.2],[265.5,257.2],[278.1,251.3],[291.6,247.7],[305.5,246.5]]]},"symbol":{"type":"CIMPolygonSymbol","symbolLayers":[{"type":"CIMSolidStroke","enable":true,"colorLocked":true,"capStyle":"Round","joinStyle":"Miter","lineStyle3D":"Strip","miterLimit":10,"width":1,"color":[0,0,0,255]}]}},{"type":"CIMMarkerGraphic","geometry":{"rings":[[[374.5,286.5],[305.5,406.5],[236.5,286.5],[374.5,286.5]]]},"symbol":{"type":"CIMPolygonSymbol","symbolLayers":[{"type":"CIMSolidFill","enable":true,"primitiveName":"icon_element","color":[255,255,255,255]}]}},{"type":"CIMMarkerGraphic","geometry":{"rings":[[[305.5,406.5],[374.5,286.5],[236.5,286.5],[305.5,406.5]]]},"symbol":{"type":"CIMPolygonSymbol","symbolLayers":[{"type":"CIMSolidStroke","enable":true,"colorLocked":true,"capStyle":"Round","joinStyle":"Bevel","lineStyle3D":"Strip","miterLimit":10,"width":1,"color":[0,0,0,255]}]}},{"type":"CIMMarkerGraphic","geometry":{"rings":[[[305.0,510.0],[308.3,510.3],[311.5,511.3],[314.4,512.9],[317.0,515.0],[319.1,517.6],[320.7,520.5],[321.7,523.7],[322.0,527.0],[321.7,530.3],[320.7,533.5],[319.1,536.4],[317.0,539.0],[314.4,541.1],[311.5,542.7],[308.3,543.7],[305.0,544.0],[301.7,543.7],[298.5,542.7],[295.6,541.1],[293.0,539.0],[290.9,536.4],[289.3,533.5],[288.3,530.3],[288.0,527.0],[288.3,523.7],[289.3,520.5],[290.9,517.6],[293.0,515.0],[295.6,512.9],[298.5,511.3],[301.7,510.3],[305.0,510.0]]]},"symbol":{"type":"CIMPolygonSymbol","symbolLayers":[{"type":"CIMSolidStroke","enable":true,"colorLocked":true,"capStyle":"Round","joinStyle":"Miter","lineStyle3D":"Strip","miterLimit":10,"width":7,"color":[0,0,0,255]}]}},{"type":"CIMMarkerGraphic","geometry":{"paths":[[[288.0,510.0],[322.0,544.0]]]},"symbol":{"type":"CIMPolygonSymbol","symbolLayers":[{"type":"CIMSolidStroke","enable":true,"colorLocked":true,"capStyle":"Butt","joinStyle":"Miter","lineStyle3D":"Strip","miterLimit":10,"width":7,"color":[0,0,0,255]}]}}],"scaleSymbolsProportionally":true,"respectFrame":true}],"haloSize":1,"scaleX":1,"angleAlignment":"Display","version":"2.0.0","build":"8933"}