{"type":"CIMPointSymbol","symbolLayers":[{"type":"CIMVectorMarker","enable":true,"anchorPointUnits":"Relative","dominantSizeAxis3D":"Z","size":64,"billboardMode3D":"FaceNearPlane","frame":{"xmin":0,"ymin":0,"xmax":612,"ymax":792},"markerGraphics":[{"type":"CIMMarkerGraphic","geometry":{"rings":[[[306.0,316.0],[319.9,317.2],[333.4,320.8],[346.0,326.7],[357.4,334.7],[367.3,344.6],[375.3,356.0],[381.2,368.6],[384.8,382.1],[386.0,396.0],[384.8,409.9],[381.2,423.4],[375.3,436.0],[367.3,447.4],[357.4,457.3],[346.0,465.3],[333.4,471.2],[319.9,474.8],[306.0,476.0],[292.1,474.8],[278.6,471.2],[266.0,465.3],[254.6,457.3],[244.7,447.4],[236.7,436.0],[230.8,423.4],[227.2,409.9],[226.0,396.0],[227.2,382.1],[230.8,368.6],[236.7,356.0],[244.7,344.6],[254.6,334.7],[266.0,326.7],[278.6,320.8],[292.1,317.2],[306.0,316.0]]]},"symbol":{"type":"CIMPolygonSymbol","symbolLayers":[{"type":"CIMSolidFill","enable":true,"colorLocked":true,"color":[0,0,0,255]}]}},{"type":"CIMMarkerGraphic","geometry":{"rings":[[[306.0,316.0],[319.9,317.2],[333.4,320.8],[346.0,326.7],[357.4,334.7],[367.3,344.6],[375.3,356.0],[381.2,368.6],[384.8,382.1],[386.0,396.0],[384.8,409.9],[381.2,423.4],[375.3,436.0],[367.3,447.4],[357.4,457.3],[346.0,465.3],[333.4,471.2],[319.9,474.8],[306.0,476.0],[292.1,474.8],[278.6,471.2],[266.0,465.3],[254.6,457.3],[244.7,447.4],[236.7,436.0],[230.8,423.4],[227.2,409.9],[226.0,396.0],[227.2,382.1],[230.8,368.6],[236.7,356.0],[244.7,344.6],[254.6,334.7],[266.0,326.7],[278.6,320.8],[292.1,317.2],[306.0,316.0]]]},"symbol":{"type":"CIMPolygonSymbol","symbolLayers":[{"type":"CIMSolidStroke","enable":true,"colorLocked":true,"capStyle":"Round","joinStyle":"Miter","lineStyle3D":"Strip","miterLimit":10,"width":1,"color":[0,0,0,255]}]}},{"type":"CIMMarkerGraphic","geometry":{"rings":[[[375.0,356.0],[306.0,476.0],[237.0,356.0],[375.0,356.0]]]},"symbol":{"type":"CIMPolygonSymbol","symbolLayers":[{"type":"CIMSolidFill","enable":true,"primitiveName":"icon_element","color":[255,255,255,255]}]}},{"type":"CIMMarkerGraphic","geometry":{"rings":[[[306.0,476.0],[375.0,356.0],[237.0,356.0],[306.0,476.0]]]},"symbol":{"type":"CIMPolygonSymbol","symbolLayers":[{"type":"CIMSolidStroke","enable":true,"colorLocked":true,"capStyle":"Round","joinStyle":"Bevel","lineStyle3D":"Strip","miterLimit":10,"width":1,"color":[0,0,0,255]}]}},{"type":"CIMMarkerGraphic","geometry":{"x":294.886688232421875,"y":378.796875},"symbol":{"type":"CIMTextSymbol","blockProgression":"TTB","depth3D":1,"extrapolateBaselines":true,"fontEffects":"Normal","fontEncoding":"Unicode","fontFamilyName":"Arial","fontType":"Unspecified","haloSize":1,"height":80,"hinting":"Default","horizontalAlignment":"Left","kerning":true,"letterWidth":100,"ligatures":true,"lineGapType":"ExtraLeading","symbol":{"type":"CIMPolygonSymbol","symbolLayers":[{"type":"CIMSolidFill","enable":true,"colorLocked":true,"color":[0,0,0,255]}]},"textCase":"Normal","textDirection":"LTR","verticalAlignment":"Baseline","verticalGlyphOrientation":"Right","wordSpacing":100,"billboardMode3D":"FaceNearPlane"},"textString":"i","primitiveName":"icon_element"}],"scaleSymbolsProportionally":true,"respectFrame":true}],"haloSize":1,"scaleX":1,"angleAlignment":"Display","version":"2.0.0","build":"8933"}