{"type":"CIMPointSymbol","symbolLayers":[{"type":"CIMVectorMarker","enable":true,"anchorPointUnits":"Relative","dominantSizeAxis3D":"Z","size":64,"billboardMode3D":"FaceNearPlane","frame":{"xmin":0,"ymin":0,"xmax":612,"ymax":792},"markerGraphics":[{"type":"CIMMarkerGraphic","geometry":{"rings":[[[376.5,331.2],[376.5,426.0],[281.7,426.0],[281.7,378.6],[234.3,378.6],[234.3,331.2],[376.5,331.2]]]},"symbol":{"type":"CIMPolygonSymbol","symbolLayers":[{"type":"CIMSolidFill","enable":true,"primitiveName":"icon_element","color":[255,255,255,255]}]}},{"type":"CIMMarkerGraphic","geometry":{"rings":[[[234.3,331.2],[234.3,378.6],[281.7,378.6],[281.7,426.0],[376.5,426.0],[376.5,331.2],[234.3,331.2]]]},"symbol":{"type":"CIMPolygonSymbol","symbolLayers":[{"type":"CIMSolidStroke","enable":true,"colorLocked":true,"capStyle":"Round","joinStyle":"Miter","lineStyle3D":"Strip","miterLimit":10,"width":5,"color":[0,0,0,255]}]}},{"type":"CIMMarkerGraphic","geometry":{"rings":[[[352.8,307.5],[356.5,307.9],[360.1,308.9],[363.3,310.7],[366.2,313.1],[368.6,315.9],[370.3,319.2],[371.4,322.8],[371.8,326.5],[371.4,330.2],[370.3,333.7],[368.6,337.0],[366.2,339.9],[363.3,342.2],[360.1,344.0],[356.5,345.1],[352.8,345.4],[349.1,345.1],[345.5,344.0],[342.3,342.2],[339.4,339.9],[337.0,337.0],[335.3,333.7],[334.2,330.2],[333.8,326.5],[334.2,322.8],[335.3,319.2],[337.0,315.9],[339.4,313.1],[342.3,310.7],[345.5,308.9],[349.1,307.9],[352.8,307.5]]]},"symbol":{"type":"CIMPolygonSymbol","symbolLayers":[{"type":"CIMSolidFill","enable":true,"primitiveName":"icon_element","color":[255,255,255,255]}]}},{"type":"CIMMarkerGraphic","geometry":{"rings":[[[352.8,307.5],[356.5,307.9],[360.1,308.9],[363.3,310.7],[366.2,313.1],[368.6,315.9],[370.3,319.2],[371.4,322.8],[371.8,326.5],[371.4,330.2],[370.3,333.7],[368.6,337.0],[366.2,339.9],[363.3,342.2],[360.1,344.0],[356.5,345.1],[352.8,345.4],[349.1,345.1],[345.5,344.0],[342.3,342.2],[339.4,339.9],[337.0,337.0],[335.3,333.7],[334.2,330.2],[333.8,326.5],[334.2,322.8],[335.3,319.2],[337.0,315.9],[339.4,313.1],[342.3,310.7],[345.5,308.9],[349.1,307.9],[352.8,307.5]]]},"symbol":{"type":"CIMPolygonSymbol","symbolLayers":[{"type":"CIMSolidStroke","enable":true,"colorLocked":true,"capStyle":"Round","joinStyle":"Miter","lineStyle3D":"Strip","miterLimit":10,"width":5,"color":[0,0,0,255]}]}},{"type":"CIMMarkerGraphic","geometry":{"rings":[[[258.0,307.5],[261.7,307.9],[265.3,308.9],[268.5,310.7],[271.4,313.1],[273.8,315.9],[275.5,319.2],[276.6,322.8],[277.0,326.5],[276.6,330.2],[275.5,333.7],[273.8,337.0],[271.4,339.9],[268.5,342.2],[265.3,344.0],[261.7,345.1],[258.0,345.4],[254.3,345.1],[250.7,344.0],[247.5,342.2],[244.6,339.9],[242.2,337.0],[240.5,333.7],[239.4,330.2],[239.0,326.5],[239.4,322.8],[240.5,319.2],[242.2,315.9],[244.6,313.1],[247.5,310.7],[250.7,308.9],[254.3,307.9],[258.0,307.5]]]},"symbol":{"type":"CIMPolygonSymbol","symbolLayers":[{"type":"CIMSolidFill","enable":true,"primitiveName":"icon_element","color":[255,255,255,255]}]}},{"type":"CIMMarkerGraphic","geometry":{"rings":[[[258.0,307.5],[261.7,307.9],[265.3,308.9],[268.5,310.7],[271.4,313.1],[273.8,315.9],[275.5,319.2],[276.6,322.8],[277.0,326.5],[276.6,330.2],[275.5,333.7],[273.8,337.0],[271.4,339.9],[268.5,342.2],[265.3,344.0],[261.7,345.1],[258.0,345.4],[254.3,345.1],[250.7,344.0],[247.5,342.2],[244.6,339.9],[242.2,337.0],[240.5,333.7],[239.4,330.2],[239.0,326.5],[239.4,322.8],[240.5,319.2],[242.2,315.9],[244.6,313.1],[247.5,310.7],[250.7,308.9],[254.3,307.9],[258.0,307.5]]]},"symbol":{"type":"CIMPolygonSymbol","symbolLayers":[{"type":"CIMSolidStroke","enable":true,"colorLocked":true,"capStyle":"Round","joinStyle":"Miter","lineStyle3D":"Strip","miterLimit":10,"width":5,"color":[0,0,0,255]}]}},{"type":"CIMMarkerGraphic","geometry":{"rings":[[[291.2,375.8],[320.6,375.8],[320.6,416.5],[291.2,416.5],[291.2,375.8]]]},"symbol":{"type":"CIMPolygonSymbol","symbolLayers":[{"type":"CIMSolidStroke","enable":true,"colorLocked":true,"capStyle":"Round","joinStyle":"Miter","lineStyle3D":"Strip","miterLimit":10,"width":3,"color":[0,0,0,255]}]}},{"type":"CIMMarkerGraphic","geometry":{"paths":[[[273.2,472.1],[339.4,472.1]]]},"symbol":{"type":"CIMPolygonSymbol","symbolLayers":[{"type":"CIMSolidStroke","enable":true,"colorLocked":true,"capStyle":"Butt","joinStyle":"Miter","lineStyle3D":"Strip","miterLimit":10,"width":25,"color":[0,0,0,255]}]}},{"type":"CIMMarkerGraphic","geometry":{"paths":[[[306.3,507.0],[306.3,440.8]]]},"symbol":{"type":"CIMPolygonSymbol","symbolLayers":[{"type":"CIMSolidStroke","enable":true,"colorLocked":true,"capStyle":"Butt","joinStyle":"Miter","lineStyle3D":"Strip","miterLimit":10,"width":25,"color":[0,0,0,255]}]}}],"scaleSymbolsProportionally":true,"respectFrame":true}],"haloSize":1,"scaleX":1,"angleAlignment":"Display","version":"2.0.0","build":"8933"}