{"type":"CIMPointSymbol","symbolLayers":[{"type":"CIMVectorMarker","enable":true,"anchorPointUnits":"Relative","dominantSizeAxis3D":"Z","size":64,"billboardMode3D":"FaceNearPlane","frame":{"xmin":0,"ymin":0,"xmax":612,"ymax":792},"markerGraphics":[{"type":"CIMMarkerGraphic","geometry":{"paths":[[[174.0,346.0],[438.0,346.0]]]},"symbol":{"type":"CIMPolygonSymbol","symbolLayers":[{"type":"CIMSolidStroke","enable":true,"primitiveName":"icon_element","capStyle":"Butt","joinStyle":"Miter","lineStyle3D":"Strip","miterLimit":10,"width":5,"color":[0,0,0,255]}]}},{"type":"CIMMarkerGraphic","geometry":{"rings":[[[301.2,395.9],[301.7,402.6],[303.2,409.2],[305.7,415.5],[309.1,421.3],[313.4,426.6],[318.4,431.2],[324.0,435.0],[330.2,437.8],[322.3,440.0],[314.2,440.8],[305.5,439.9],[297.1,437.4],[289.3,433.2],[282.5,427.6],[276.9,420.8],[272.7,413.0],[270.2,404.6],[269.3,395.9],[270.2,387.1],[272.7,378.7],[276.9,370.9],[282.5,364.1],[289.3,358.5],[297.1,354.4],[305.5,351.8],[314.2,351.0],[322.3,351.7],[330.2,353.9],[324.0,356.7],[318.4,360.5],[313.4,365.1],[309.1,370.4],[305.7,376.2],[303.2,382.5],[301.7,389.1],[301.2,395.9]]]},"symbol":{"type":"CIMPolygonSymbol","symbolLayers":[{"type":"CIMSolidStroke","enable":true,"primitiveName":"icon_element","capStyle":"Round","joinStyle":"Miter","lineStyle3D":"Strip","miterLimit":10,"width":5,"color":[0,0,0,255]}]}}],"scaleSymbolsProportionally":true,"respectFrame":true}],"haloSize":1,"scaleX":1,"angleAlignment":"Display","version":"2.0.0","build":"8933"}