{"type":"CIMPointSymbol","symbolLayers":[{"type":"CIMVectorMarker","enable":true,"anchorPointUnits":"Relative","dominantSizeAxis3D":"Z","size":64,"billboardMode3D":"FaceNearPlane","frame":{"xmin":0,"ymin":0,"xmax":612,"ymax":792},"markerGraphics":[{"type":"CIMMarkerGraphic","geometry":{"rings":[[[368.9,472.2],[368.9,480.0],[336.3,480.0],[339.5,474.1],[340.6,472.7],[341.5,472.2],[368.9,472.2]]]},"symbol":{"type":"CIMPolygonSymbol","symbolLayers":[{"type":"CIMSolidFill","enable":true,"colorLocked":true,"color":[0,0,0,255]}]}},{"type":"CIMMarkerGraphic","geometry":{"rings":[[[355.0,449.4],[358.0,449.7],[360.8,450.6],[363.2,452.1],[365.2,454.2],[366.8,456.9],[368.0,460.0],[368.8,463.6],[369.0,467.5],[341.0,467.5],[340.1,467.3],[339.1,466.5],[337.9,465.3],[336.9,463.9],[340.5,463.9],[340.5,462.3],[340.8,459.8],[341.6,457.4],[342.9,455.2],[344.7,453.2],[346.9,451.6],[349.4,450.4],[352.2,449.6],[355.0,449.4]]]},"symbol":{"type":"CIMPolygonSymbol","symbolLayers":[{"type":"CIMSolidFill","enable":true,"colorLocked":true,"color":[0,0,0,255]}]}},{"type":"CIMMarkerGraphic","geometry":{"rings":[[[268.0,385.9],[278.6,392.1],[325.4,424.2],[325.7,389.4],[363.2,444.9],[325.5,444.9],[317.5,439.9],[290.9,421.0],[273.6,408.8],[265.6,403.4],[262.3,400.6],[260.1,397.3],[259.3,393.6],[259.3,392.6],[260.2,390.7],[262.4,388.2],[264.6,386.5],[266.5,385.9],[268.0,385.9]]]},"symbol":{"type":"CIMPolygonSymbol","symbolLayers":[{"type":"CIMSolidFill","enable":true,"colorLocked":true,"color":[0,0,0,255]}]}},{"type":"CIMMarkerGraphic","geometry":{"rings":[[[241.7,376.0],[241.7,444.8],[233.4,444.8],[231.9,444.5],[230.3,443.6],[229.1,442.4],[228.7,441.2],[228.7,380.1],[229.3,377.8],[231.3,376.0],[241.7,376.0]]]},"symbol":{"type":"CIMPolygonSymbol","symbolLayers":[{"type":"CIMSolidFill","enable":true,"colorLocked":true,"color":[0,0,0,255]}]}},{"type":"CIMMarkerGraphic","geometry":{"rings":[[[346.7,313.9],[347.9,315.1],[349.0,318.9],[351.0,334.9],[354.4,357.4],[355.2,357.4],[361.6,314.0],[383.3,314.0],[383.3,437.0],[382.4,439.3],[380.2,442.1],[377.4,444.1],[375.0,444.8],[374.6,444.8],[368.8,438.2],[355.1,417.7],[336.3,389.4],[367.3,389.4],[367.3,376.5],[326.0,376.5],[326.0,313.9],[346.7,313.9]]]},"symbol":{"type":"CIMPolygonSymbol","symbolLayers":[{"type":"CIMSolidFill","enable":true,"colorLocked":true,"color":[0,0,0,255]}]}},{"type":"CIMMarkerGraphic","geometry":{"rings":[[[311.0,312.9],[311.0,376.0],[241.7,376.0],[241.7,312.9],[311.0,312.9]]]},"symbol":{"type":"CIMPolygonSymbol","symbolLayers":[{"type":"CIMSolidFill","enable":true,"colorLocked":true,"color":[0,0,0,255]}]}},{"type":"CIMMarkerGraphic","geometry":{"rings":[[[367.4,376.5],[367.4,389.4],[336.4,389.4],[341.2,397.2],[355.2,417.6],[368.9,438.1],[372.7,443.0],[374.7,444.7],[363.2,444.7],[325.7,389.2],[326.0,376.5],[367.4,376.5]]]},"symbol":{"type":"CIMPolygonSymbol","symbolLayers":[{"type":"CIMSolidFill","enable":true,"primitiveName":"icon_element","color":[255,255,255,255]}]}},{"type":"CIMMarkerGraphic","geometry":{"rings":[[[368.9,467.5],[368.9,472.2],[341.5,472.2],[341.0,467.5],[368.9,467.5]]]},"symbol":{"type":"CIMPolygonSymbol","symbolLayers":[{"type":"CIMSolidFill","enable":true,"primitiveName":"icon_element","color":[255,255,255,255]}]}}],"scaleSymbolsProportionally":true,"respectFrame":true}],"haloSize":1,"scaleX":1,"angleAlignment":"Display","version":"2.0.0","build":"8933"}