{"type":"CIMPointSymbol","symbolLayers":[{"type":"CIMVectorMarker","enable":true,"anchorPointUnits":"Relative","dominantSizeAxis3D":"Z","size":64,"billboardMode3D":"FaceNearPlane","frame":{"xmin":0,"ymin":0,"xmax":612,"ymax":792},"markerGraphics":[{"type":"CIMMarkerGraphic","geometry":{"rings":[[[306.0,356.0],[312.3,356.5],[318.4,357.9],[324.2,360.3],[329.5,363.6],[334.3,367.7],[338.4,372.5],[341.7,377.8],[344.1,383.6],[345.5,389.7],[346.0,396.0],[345.5,402.3],[344.1,408.4],[341.7,414.2],[338.4,419.5],[334.3,424.3],[329.5,428.4],[324.2,431.7],[318.4,434.1],[312.3,435.5],[306.0,436.0],[299.7,435.5],[293.6,434.1],[287.8,431.7],[282.5,428.4],[277.7,424.3],[273.6,419.5],[270.3,414.2],[267.9,408.4],[266.5,402.3],[266.0,396.0],[266.5,389.7],[267.9,383.6],[270.3,377.8],[273.6,372.5],[277.7,367.7],[282.5,363.6],[287.8,360.3],[293.6,357.9],[299.7,356.5],[306.0,356.0]]]},"symbol":{"type":"CIMPolygonSymbol","symbolLayers":[{"type":"CIMSolidFill","enable":true,"primitiveName":"icon_element","color":[0,0,0,255]}]}},{"type":"CIMMarkerGraphic","geometry":{"rings":[[[306.0,356.0],[312.3,356.5],[318.4,357.9],[324.2,360.3],[329.5,363.6],[334.3,367.7],[338.4,372.5],[341.7,377.8],[344.1,383.6],[345.5,389.7],[346.0,396.0],[345.5,402.3],[344.1,408.4],[341.7,414.2],[338.4,419.5],[334.3,424.3],[329.5,428.4],[324.2,431.7],[318.4,434.1],[312.3,435.5],[306.0,436.0],[299.7,435.5],[293.6,434.1],[287.8,431.7],[282.5,428.4],[277.7,424.3],[273.6,419.5],[270.3,414.2],[267.9,408.4],[266.5,402.3],[266.0,396.0],[266.5,389.7],[267.9,383.6],[270.3,377.8],[273.6,372.5],[277.7,367.7],[282.5,363.6],[287.8,360.3],[293.6,357.9],[299.7,356.5],[306.0,356.0]]]},"symbol":{"type":"CIMPolygonSymbol","symbolLayers":[{"type":"CIMSolidStroke","enable":true,"primitiveName":"icon_element","capStyle":"Round","joinStyle":"Miter","lineStyle3D":"Strip","miterLimit":10,"width":1,"color":[0,0,0,255]}]}},{"type":"CIMMarkerGraphic","geometry":{"rings":[[[336.8,346.7],[306.0,396.0],[336.8,445.3],[275.2,445.3],[306.0,396.0],[275.2,346.7],[336.8,346.7]]]},"symbol":{"type":"CIMPolygonSymbol","symbolLayers":[{"type":"CIMSolidFill","enable":true,"primitiveName":"icon_element","color":[0,0,0,255]}]}},{"type":"CIMMarkerGraphic","geometry":{"paths":[[[275.2,445.3],[336.8,445.3],[306.0,396.0],[336.8,346.7],[275.2,346.7],[306.0,396.0]]]},"symbol":{"type":"CIMPolygonSymbol","symbolLayers":[{"type":"CIMSolidStroke","enable":true,"primitiveName":"icon_element","capStyle":"Butt","joinStyle":"Miter","lineStyle3D":"Strip","miterLimit":10,"width":1,"color":[0,0,0,255]}]}},{"type":"CIMMarkerGraphic","geometry":{"rings":[[[306.0,396.0],[355.3,365.2],[355.3,426.8],[306.0,396.0],[256.7,426.8],[256.7,365.2],[306.0,396.0]]]},"symbol":{"type":"CIMPolygonSymbol","symbolLayers":[{"type":"CIMSolidFill","enable":true,"primitiveName":"icon_element","color":[0,0,0,255]}]}},{"type":"CIMMarkerGraphic","geometry":{"paths":[[[256.7,426.8],[256.7,365.2],[306.0,396.0],[355.3,365.2],[355.3,426.8],[306.0,396.0]]]},"symbol":{"type":"CIMPolygonSymbol","symbolLayers":[{"type":"CIMSolidStroke","enable":true,"primitiveName":"icon_element","capStyle":"Butt","joinStyle":"Miter","lineStyle3D":"Strip","miterLimit":10,"width":1,"color":[0,0,0,255]}]}}],"scaleSymbolsProportionally":true,"respectFrame":true}],"haloSize":1,"scaleX":1,"angleAlignment":"Display","version":"2.0.0","build":"8933"}