{"type":"CIMPointSymbol","symbolLayers":[{"type":"CIMVectorMarker","enable":true,"anchorPointUnits":"Relative","dominantSizeAxis3D":"Z","size":64,"billboardMode3D":"FaceNearPlane","frame":{"xmin":0,"ymin":0,"xmax":612,"ymax":792},"markerGraphics":[{"type":"CIMMarkerGraphic","geometry":{"rings":[[[328.3,312.1],[328.3,356.1],[366.9,334.0],[390.0,373.3],[351.8,396.1],[390.2,418.5],[367.0,458.1],[328.4,435.9],[328.3,480.6],[282.7,480.6],[282.7,436.1],[244.1,458.1],[221.4,418.5],[259.5,396.2],[221.3,373.7],[244.0,334.1],[282.6,356.3],[282.7,312.1],[328.3,312.1]]]},"symbol":{"type":"CIMPolygonSymbol","symbolLayers":[{"type":"CIMSolidFill","enable":true,"primitiveName":"icon_element","color":[0,0,0,255]}]}}],"scaleSymbolsProportionally":true,"respectFrame":true}],"haloSize":1,"scaleX":1,"angleAlignment":"Display","version":"2.0.0","build":"8933"}