{"type":"CIMPointSymbol","symbolLayers":[{"type":"CIMVectorMarker","enable":true,"anchorPointUnits":"Relative","dominantSizeAxis3D":"Z","size":64,"billboardMode3D":"FaceNearPlane","frame":{"xmin":0,"ymin":0,"xmax":612,"ymax":792},"markerGraphics":[{"type":"CIMMarkerGraphic","geometry":{"rings":[[[297.6,405.2],[311.3,400.5],[311.3,420.4],[301.3,424.2],[298.6,425.6],[297.7,426.6],[297.7,444.4],[283.5,449.1],[283.5,430.7],[270.2,435.7],[270.2,415.9],[274.0,414.8],[279.1,412.8],[282.3,411.0],[283.4,409.8],[283.4,392.0],[297.6,386.5],[297.6,405.2]]]},"symbol":{"type":"CIMPolygonSymbol","symbolLayers":[{"type":"CIMSolidFill","enable":true,"primitiveName":"icon_element","color":[0,0,0,255]}]}},{"type":"CIMMarkerGraphic","geometry":{"rings":[[[315.0,360.1],[315.62,360.17],[316.18,360.38],[316.69,360.74],[317.13,361.23],[317.5,361.85],[317.77,362.57],[317.94,363.37],[318.0,364.2],[318.0,365.2],[317.88,366.41],[317.53,367.73],[316.97,369.07],[316.24,370.32],[315.43,371.37],[314.57,372.15],[313.72,372.64],[312.9,372.8],[312.2,372.72],[311.53,372.49],[310.91,372.11],[310.37,371.59],[309.91,370.97],[309.58,370.26],[309.37,369.49],[309.3,368.7],[309.3,366.7],[309.4,366.7],[309.53,365.57],[309.91,364.36],[310.5,363.17],[311.27,362.1],[312.13,361.25],[313.06,360.61],[314.02,360.23],[315.0,360.1]]]},"symbol":{"type":"CIMPolygonSymbol","symbolLayers":[{"type":"CIMSolidFill","enable":true,"primitiveName":"icon_element","color":[0,0,0,255]}]}},{"type":"CIMMarkerGraphic","geometry":{"rings":[[[260.1,324.5],[260.1,484.0],[326.5,461.4],[326.6,301.7],[260.1,324.5]],[[330.7,322.0],[355.1,322.0],[355.1,490.6],[256.0,490.6],[256.0,321.5],[330.7,295.6],[330.7,322.0]]]},"symbol":{"type":"CIMPolygonSymbol","symbolLayers":[{"type":"CIMSolidFill","enable":true,"primitiveName":"icon_element","color":[0,0,0,255]}]}}],"scaleSymbolsProportionally":true,"respectFrame":true}],"haloSize":1,"scaleX":1,"angleAlignment":"Display","version":"2.0.0","build":"8933"}