{"type":"CIMPointSymbol","symbolLayers":[{"type":"CIMVectorMarker","enable":true,"anchorPointUnits":"Relative","dominantSizeAxis3D":"Z","size":64,"billboardMode3D":"FaceNearPlane","frame":{"xmin":0,"ymin":0,"xmax":612,"ymax":792},"markerGraphics":[{"type":"CIMMarkerGraphic","geometry":{"rings":[[[306.5,275.5],[321.9,277.0],[336.7,281.3],[350.4,288.4],[362.4,298.0],[372.2,309.6],[379.5,322.9],[384.0,337.3],[385.5,352.3],[384.0,367.3],[379.5,381.7],[372.2,394.9],[362.4,406.6],[350.4,416.1],[336.7,423.2],[321.9,427.6],[306.5,429.1],[291.1,427.6],[276.3,423.2],[262.6,416.1],[250.6,406.6],[240.8,394.9],[233.5,381.7],[229.0,367.3],[227.5,352.3],[229.0,337.3],[233.5,322.9],[240.8,309.6],[250.6,298.0],[262.6,288.4],[276.3,281.3],[291.1,277.0],[306.5,275.5]]]},"symbol":{"type":"CIMPolygonSymbol","symbolLayers":[{"type":"CIMSolidFill","enable":true,"colorLocked":true,"color":[0,0,0,255]}]}},{"type":"CIMMarkerGraphic","geometry":{"rings":[[[306.5,275.5],[321.9,277.0],[336.7,281.3],[350.4,288.4],[362.4,298.0],[372.2,309.6],[379.5,322.9],[384.0,337.3],[385.5,352.3],[384.0,367.3],[379.5,381.7],[372.2,394.9],[362.4,406.6],[350.4,416.1],[336.7,423.2],[321.9,427.6],[306.5,429.1],[291.1,427.6],[276.3,423.2],[262.6,416.1],[250.6,406.6],[240.8,394.9],[233.5,381.7],[229.0,367.3],[227.5,352.3],[229.0,337.3],[233.5,322.9],[240.8,309.6],[250.6,298.0],[262.6,288.4],[276.3,281.3],[291.1,277.0],[306.5,275.5]]]},"symbol":{"type":"CIMPolygonSymbol","symbolLayers":[{"type":"CIMSolidStroke","enable":true,"colorLocked":true,"capStyle":"Round","joinStyle":"Miter","lineStyle3D":"Strip","miterLimit":10,"width":1,"color":[0,0,0,255]}]}},{"type":"CIMMarkerGraphic","geometry":{"rings":[[[374.6,313.9],[306.5,429.1],[238.4,313.9],[374.6,313.9]]]},"symbol":{"type":"CIMPolygonSymbol","symbolLayers":[{"type":"CIMSolidFill","enable":true,"primitiveName":"icon_element","color":[255,255,255,255]}]}},{"type":"CIMMarkerGraphic","geometry":{"rings":[[[306.5,429.1],[374.6,313.9],[238.4,313.9],[306.5,429.1]]]},"symbol":{"type":"CIMPolygonSymbol","symbolLayers":[{"type":"CIMSolidStroke","enable":true,"colorLocked":true,"capStyle":"Round","joinStyle":"Bevel","lineStyle3D":"Strip","miterLimit":10,"width":1,"color":[0,0,0,255]}]}},{"type":"CIMMarkerGraphic","geometry":{"rings":[[[306.0,481.4],[309.3,481.7],[312.4,482.6],[315.3,484.1],[317.9,486.1],[320.0,488.6],[321.5,491.4],[322.5,494.5],[322.8,497.7],[322.5,500.9],[321.5,503.9],[320.0,506.7],[317.9,509.2],[315.3,511.3],[312.4,512.8],[309.3,513.7],[306.0,514.0],[302.7,513.7],[299.6,512.8],[296.7,511.3],[294.1,509.2],[292.0,506.7],[290.5,503.9],[289.5,500.9],[289.2,497.7],[289.5,494.5],[290.5,491.4],[292.0,488.6],[294.1,486.1],[296.7,484.1],[299.6,482.6],[302.7,481.7],[306.0,481.4]]]},"symbol":{"type":"CIMPolygonSymbol","symbolLayers":[{"type":"CIMSolidStroke","enable":true,"colorLocked":true,"capStyle":"Round","joinStyle":"Miter","lineStyle3D":"Strip","miterLimit":10,"width":7,"color":[0,0,0,255]}]}},{"type":"CIMMarkerGraphic","geometry":{"paths":[[[289.2,481.4],[322.8,514.0]]]},"symbol":{"type":"CIMPolygonSymbol","symbolLayers":[{"type":"CIMSolidStroke","enable":true,"colorLocked":true,"capStyle":"Butt","joinStyle":"Miter","lineStyle3D":"Strip","miterLimit":10,"width":7,"color":[0,0,0,255]}]}}],"scaleSymbolsProportionally":true,"respectFrame":true}],"haloSize":1,"scaleX":1,"angleAlignment":"Display","version":"2.0.0","build":"8933"}