{"type":"CIMPointSymbol","symbolLayers":[{"type":"CIMVectorMarker","enable":true,"anchorPointUnits":"Relative","dominantSizeAxis3D":"Z","size":64,"billboardMode3D":"FaceNearPlane","frame":{"xmin":0,"ymin":0,"xmax":612,"ymax":792},"markerGraphics":[{"type":"CIMMarkerGraphic","geometry":{"rings":[[[264.8,460.4],[297.7,460.4],[303.2,458.9],[308.3,454.6],[311.7,448.5],[312.8,442.2],[311.4,435.8],[307.8,430.4],[302.6,426.8],[296.5,425.6],[264.8,425.6],[264.8,460.4]],[[370.2,310.5],[332.2,358.8],[368.3,403.3],[342.8,403.6],[318.6,376.6],[300.1,401.6],[315.7,407.4],[321.8,411.5],[326.7,416.3],[330.5,422.1],[333.2,428.7],[334.9,436.1],[335.4,444.5],[334.7,451.7],[332.5,458.7],[328.9,465.3],[324.1,471.2],[318.3,476.1],[311.8,479.7],[304.9,481.9],[297.8,482.7],[243.0,482.7],[243.0,345.7],[264.8,345.7],[264.8,401.6],[270.7,401.6],[290.6,378.2],[304.8,358.7],[267.2,310.5],[293.4,310.7],[319.1,341.2],[343.0,310.4],[370.2,310.5]]]},"symbol":{"type":"CIMPolygonSymbol","symbolLayers":[{"type":"CIMSolidFill","enable":true,"primitiveName":"icon_element","color":[0,0,0,255]}]}}],"scaleSymbolsProportionally":true,"respectFrame":true}],"haloSize":1,"scaleX":1,"angleAlignment":"Display","version":"2.0.0","build":"8933"}