{"type":"CIMPointSymbol","symbolLayers":[{"type":"CIMVectorMarker","enable":true,"anchorPointUnits":"Relative","dominantSizeAxis3D":"Z","size":64,"billboardMode3D":"FaceNearPlane","frame":{"xmin":0,"ymin":0,"xmax":612,"ymax":792},"markerGraphics":[{"type":"CIMMarkerGraphic","geometry":{"x":270.31640625,"y":456.16796875},"symbol":{"type":"CIMTextSymbol","blockProgression":"TTB","depth3D":1,"extrapolateBaselines":true,"fontEffects":"Normal","fontEncoding":"Unicode","fontFamilyName":"Arial","fontType":"Unspecified","haloSize":1,"height":52,"hinting":"Default","horizontalAlignment":"Left","kerning":true,"letterWidth":100,"ligatures":true,"lineGapType":"ExtraLeading","symbol":{"type":"CIMPolygonSymbol","symbolLayers":[{"type":"CIMSolidFill","enable":true,"colorLocked":true,"color":[0,0,0,255]}]},"textCase":"Normal","textDirection":"LTR","verticalAlignment":"Baseline","verticalGlyphOrientation":"Right","wordSpacing":100,"billboardMode3D":"FaceNearPlane"},"textString":"ES","primitiveName":"icon_element"},{"type":"CIMMarkerGraphic","geometry":{"rings":[[[305.0,293.0],[318.9,294.2],[332.4,297.8],[345.0,303.7],[356.4,311.7],[366.3,321.6],[374.3,333.0],[380.2,345.6],[383.8,359.1],[385.0,373.0],[383.8,386.9],[380.2,400.4],[374.3,413.0],[366.3,424.4],[356.4,434.3],[345.0,442.3],[332.4,448.2],[318.9,451.8],[305.0,453.0],[291.1,451.8],[277.6,448.2],[265.0,442.3],[253.6,434.3],[243.7,424.4],[235.7,413.0],[229.8,400.4],[226.2,386.9],[225.0,373.0],[226.2,359.1],[229.8,345.6],[235.7,333.0],[243.7,321.6],[253.6,311.7],[265.0,303.7],[277.6,297.8],[291.1,294.2],[305.0,293.0]]]},"symbol":{"type":"CIMPolygonSymbol","symbolLayers":[{"type":"CIMSolidFill","enable":true,"colorLocked":true,"color":[0,0,0,255]}]}},{"type":"CIMMarkerGraphic","geometry":{"rings":[[[305.0,293.0],[318.9,294.2],[332.4,297.8],[345.0,303.7],[356.4,311.7],[366.3,321.6],[374.3,333.0],[380.2,345.6],[383.8,359.1],[385.0,373.0],[383.8,386.9],[380.2,400.4],[374.3,413.0],[366.3,424.4],[356.4,434.3],[345.0,442.3],[332.4,448.2],[318.9,451.8],[305.0,453.0],[291.1,451.8],[277.6,448.2],[265.0,442.3],[253.6,434.3],[243.7,424.4],[235.7,413.0],[229.8,400.4],[226.2,386.9],[225.0,373.0],[226.2,359.1],[229.8,345.6],[235.7,333.0],[243.7,321.6],[253.6,311.7],[265.0,303.7],[277.6,297.8],[291.1,294.2],[305.0,293.0]]]},"symbol":{"type":"CIMPolygonSymbol","symbolLayers":[{"type":"CIMSolidStroke","enable":true,"colorLocked":true,"capStyle":"Round","joinStyle":"Miter","lineStyle3D":"Strip","miterLimit":10,"width":1,"color":[0,0,0,255]}]}},{"type":"CIMMarkerGraphic","geometry":{"rings":[[[374.0,333.0],[305.0,453.0],[236.0,333.0],[374.0,333.0]]]},"symbol":{"type":"CIMPolygonSymbol","symbolLayers":[{"type":"CIMSolidFill","enable":true,"primitiveName":"icon_element","color":[255,255,255,255]}]}},{"type":"CIMMarkerGraphic","geometry":{"rings":[[[305.0,453.0],[374.0,333.0],[236.0,333.0],[305.0,453.0]]]},"symbol":{"type":"CIMPolygonSymbol","symbolLayers":[{"type":"CIMSolidStroke","enable":true,"colorLocked":true,"capStyle":"Round","joinStyle":"Bevel","lineStyle3D":"Strip","miterLimit":10,"width":1,"color":[0,0,0,255]}]}}],"scaleSymbolsProportionally":true,"respectFrame":true}],"haloSize":1,"scaleX":1,"angleAlignment":"Display","version":"2.0.0","build":"8933"}