{"type":"CIMPointSymbol","symbolLayers":[{"type":"CIMVectorMarker","enable":true,"anchorPointUnits":"Relative","dominantSizeAxis3D":"Z","size":64,"billboardMode3D":"FaceNearPlane","frame":{"xmin":0,"ymin":0,"xmax":612,"ymax":792},"markerGraphics":[{"type":"CIMMarkerGraphic","geometry":{"rings":[[[279.7,475.2],[330.1,475.2],[330.1,456.9],[279.7,456.9],[279.7,475.2]],[[397.3,337.6],[397.3,408.6],[395.9,418.5],[391.7,426.1],[377.7,435.2],[369.5,449.1],[366.3,452.8],[360.6,455.9],[352.6,456.9],[345.4,456.9],[345.4,476.3],[344.0,483.0],[340.1,488.2],[333.9,491.5],[325.9,492.6],[283.9,492.6],[276.1,491.4],[269.6,488.0],[265.4,483.0],[264.0,476.8],[264.0,456.9],[256.0,456.9],[248.7,455.8],[243.2,452.7],[239.5,448.2],[232.9,436.4],[216.4,424.3],[213.4,419.1],[212.5,412.8],[212.5,337.6],[397.3,337.6]]]},"symbol":{"type":"CIMPolygonSymbol","symbolLayers":[{"type":"CIMSolidFill","enable":true,"colorLocked":true,"color":[0,0,0,255]}]}},{"type":"CIMMarkerGraphic","geometry":{"rings":[[[315.9,354.8],[315.9,376.8],[335.2,365.8],[346.8,385.4],[327.6,396.8],[346.9,408.0],[335.3,427.8],[316.0,416.7],[315.9,439.0],[293.1,439.0],[293.1,416.8],[273.8,427.8],[262.5,408.0],[281.5,396.9],[262.4,385.6],[273.8,365.8],[293.0,376.9],[293.1,354.8],[315.9,354.8]]]},"symbol":{"type":"CIMPolygonSymbol","symbolLayers":[{"type":"CIMSolidFill","enable":true,"primitiveName":"icon_element","color":[255,255,255,255]}]}}],"scaleSymbolsProportionally":true,"respectFrame":true}],"haloSize":1,"scaleX":1,"angleAlignment":"Display","version":"2.0.0","build":"8933"}