{"type":"CIMPolygonSymbol","symbolLayers":[{"type":"CIMVectorMarker","enable":true,"anchorPointUnits":"Relative","dominantSizeAxis3D":"Z","size":100,"billboardMode3D":"None","markerPlacement":{"type":"CIMMarkerPlacementOnLine","angleToLine":true,"relativeTo":"LineBeginning"},"frame":{"xmin":0,"ymin":208,"xmax":612,"ymax":1000},"markerGraphics":[{"type":"CIMMarkerGraphic","geometry":{"paths":[[[273.0,622.0],[273.0,586.0]],[[255.0,604.0],[291.0,604.0]],[[319.1,604.0],[355.1,604.0]],[[337.1,622.0],[337.1,586.0]]]},"symbol":{"type":"CIMPolygonSymbol","symbolLayers":[{"type":"CIMSolidStroke","effects":[{"type":"CIMGeometricEffectOffset","method":"Square","offset":0,"option":"Fast"},{"type":"CIMGeometricEffectDashes","lineDashEnding":"NoConstraint","controlPointEnding":"NoConstraint"}],"enable":true,"capStyle":"Square","joinStyle":"Miter","lineStyle3D":"Strip","miterLimit":10,"width":10,"color":[0,0,0,255]},{"type":"CIMSolidStroke","effects":[{"type":"CIMGeometricEffectOffset","method":"Square","offset":0,"option":"Fast"},{"type":"CIMGeometricEffectDashes","lineDashEnding":"NoConstraint","controlPointEnding":"NoConstraint"}],"enable":true,"colorLocked":true,"capStyle":"Square","joinStyle":"Miter","lineStyle3D":"Strip","miterLimit":10,"width":15,"color":[255,255,255,255]}]}}],"scaleSymbolsProportionally":true,"respectFrame":true}],"version":"2.0.0","build":"8933"}