{"type":"CIMPolygonSymbol","symbolLayers":[{"type":"CIMVectorMarker","enable":true,"anchorPointUnits":"Relative","dominantSizeAxis3D":"Z","size":64,"billboardMode3D":"None","markerPlacement":{"type":"CIMMarkerPlacementOnLine","angleToLine":true,"relativeTo":"LineBeginning"},"frame":{"xmin":0,"ymin":208,"xmax":612,"ymax":1000},"markerGraphics":[{"type":"CIMMarkerGraphic","geometry":{"paths":[[[283.0,628.5],[283.0,579.5]],[[327.1,628.5],[327.1,579.5]]]},"symbol":{"type":"CIMLineSymbol","symbolLayers":[{"type":"CIMSolidStroke","effects":[{"type":"CIMGeometricEffectOffset","method":"Square","offset":0,"option":"Fast"},{"type":"CIMGeometricEffectDashes","lineDashEnding":"NoConstraint","controlPointEnding":"NoConstraint"}],"enable":true,"capStyle":"Square","joinStyle":"Round","lineStyle3D":"Strip","miterLimit":10,"width":10,"color":[0,0,0,255]},{"type":"CIMSolidStroke","effects":[{"type":"CIMGeometricEffectOffset","method":"Square","offset":0,"option":"Fast"},{"type":"CIMGeometricEffectDashes","lineDashEnding":"NoConstraint","controlPointEnding":"NoConstraint"}],"enable":true,"colorLocked":true,"capStyle":"Square","joinStyle":"Round","lineStyle3D":"Strip","miterLimit":10,"width":15,"color":[255,255,255,255]}]}}],"scaleSymbolsProportionally":true,"respectFrame":true}],"version":"2.0.0","build":"8933"}