{"type":"CIMPointSymbol","symbolLayers":[{"type":"CIMVectorMarker","enable":true,"primitiveName":"echelon","anchorPointUnits":"Relative","dominantSizeAxis3D":"Z","size":50,"billboardMode3D":"FaceNearPlane","frame":{"xmin":0,"ymin":208,"xmax":612,"ymax":1000},"markerGraphics":[{"type":"CIMMarkerGraphic","geometry":{"paths":[[[137,629],[177,580]],[[177,629],[137,580]],[[197,629],[237,580]],[[237,629],[197,580]],[[257,629],[297,580]],[[297,629],[257,580]],[[317,629],[357,580]],[[357,629],[317,580]],[[377,629],[417,580]],[[417,629],[377,580]],[[437,629],[477,580]],[[477,629],[437,580]]]},"symbol":{"type":"CIMPolygonSymbol","symbolLayers":[{"type":"CIMSolidStroke","enable":true,"capStyle":"Square","joinStyle":"Miter","lineStyle3D":"Strip","miterLimit":10,"width":10,"color":[0,0,0,255]},{"type":"CIMSolidStroke","enable":true,"capStyle":"Square","joinStyle":"Miter","lineStyle3D":"Strip","miterLimit":10,"width":15,"color":[255,255,255,255]}]}}],"scaleSymbolsProportionally":true,"respectFrame":true}],"haloSize":1,"scaleX":1,"angleAlignment":"Display","version":"2.0.0","build":"8933"}