{"type":"CIMPolygonSymbol","symbolLayers":[{"type":"CIMVectorMarker","enable":true,"anchorPointUnits":"Relative","dominantSizeAxis3D":"Z","size":10,"billboardMode3D":"FaceNearPlane","markerPlacement":{"type":"CIMMarkerPlacementPolygonCenter","method":"OnPolygon"},"frame":{"xmin":-5.0,"ymin":-5.0,"xmax":5.0,"ymax":5.0},"markerGraphics":[{"type":"CIMMarkerGraphic","geometry":{"x":0,"y":0},"symbol":{"type":"CIMTextSymbol","blockProgression":"TTB","depth3D":1,"extrapolateBaselines":true,"flipAngle":1,"fontEffects":"Normal","fontEncoding":"Unicode","fontFamilyName":"Arial","fontStyleName":"Bold","fontType":"Unspecified","haloSize":0.75,"haloSymbol":{"type":"CIMPolygonSymbol","symbolLayers":[{"type":"CIMSolidFill","enable":true,"color":[255,255,255,255]}]},"height":8.25,"hinting":"Default","horizontalAlignment":"Center","kerning":true,"letterWidth":100,"ligatures":true,"lineGapType":"ExtraLeading","symbol":{"type":"CIMPolygonSymbol","symbolLayers":[{"type":"CIMSolidFill","enable":true,"color":[0,0,0,255]}]},"textCase":"Allcaps","textDirection":"LTR","verticalAlignment":"Center","verticalGlyphOrientation":"Right","wordSpacing":100,"billboardMode3D":"FaceNearPlane"},"textString":"BKB\n[uniquedesignation]\n[datetimevalid]-[datetimeexpired]"}],"scaleSymbolsProportionally":true,"respectFrame":true}],"version":"2.0.0","build":"8933"}