{"type":"CIMPointSymbol","symbolLayers":[{"type":"CIMVectorMarker","enable":true,"anchorPointUnits":"Relative","dominantSizeAxis3D":"Z","size":64,"billboardMode3D":"FaceNearPlane","frame":{"xmin":0,"ymin":0,"xmax":612,"ymax":792},"markerGraphics":[{"type":"CIMMarkerGraphic","geometry":{"rings":[[[287.4,348.7],[321.6,348.7],[321.6,371.1],[287.4,371.1],[287.4,348.7]]]},"symbol":{"type":"CIMPolygonSymbol","symbolLayers":[{"type":"CIMSolidFill","enable":true,"primitiveName":"icon_element","color":[0,0,0,255]}]}},{"type":"CIMMarkerGraphic","geometry":{"rings":[[[304.8,367.6],[312.7,368.4],[320.3,370.5],[327.4,374.0],[333.5,378.8],[338.6,384.6],[342.3,391.1],[344.7,398.3],[345.4,405.7],[344.7,413.1],[342.3,420.3],[338.6,426.9],[333.5,432.6],[327.4,437.4],[320.3,440.9],[312.7,443.1],[304.8,443.8],[296.9,443.1],[289.3,440.9],[282.2,437.4],[276.1,432.6],[271.0,426.9],[267.3,420.3],[264.9,413.1],[264.2,405.7],[264.9,398.3],[267.3,391.1],[271.0,384.6],[276.1,378.8],[282.2,374.0],[289.3,370.5],[296.9,368.4],[304.8,367.6]]]},"symbol":{"type":"CIMPolygonSymbol","symbolLayers":[{"type":"CIMSolidFill","enable":true,"primitiveName":"icon_element","color":[0,0,0,255]}]}}],"scaleSymbolsProportionally":true,"respectFrame":true}],"haloSize":1,"scaleX":1,"angleAlignment":"Display","version":"2.0.0","build":"8933"}