{"type":"CIMPointSymbol","symbolLayers":[{"type":"CIMVectorMarker","enable":true,"anchorPointUnits":"Relative","dominantSizeAxis3D":"Z","size":64,"billboardMode3D":"FaceNearPlane","frame":{"xmin":0,"ymin":0,"xmax":612,"ymax":792},"markerGraphics":[{"type":"CIMMarkerGraphic","geometry":{"rings":[[[332.8,352.6],[332.5,367.5],[315.4,367.5],[315.3,396.0],[363.2,396.0],[363.2,417.3],[314.5,417.2],[314.5,430.3],[295.6,430.3],[295.7,415.9],[246.9,415.8],[246.8,396.0],[296.1,396.0],[296.1,368.1],[276.9,368.1],[276.8,352.6],[332.8,352.6]]]},"symbol":{"type":"CIMPolygonSymbol","symbolLayers":[{"type":"CIMSolidFill","enable":true,"primitiveName":"icon_element","color":[255,255,255,255]}]}},{"type":"CIMMarkerGraphic","geometry":{"rings":[[[314.5,417.2],[363.2,417.3],[363.2,396.0],[315.3,396.0],[315.4,367.5],[332.5,367.5],[332.8,352.6],[276.8,352.6],[276.9,368.1],[296.1,368.1],[296.1,396.0],[246.8,396.0],[246.9,415.8],[295.7,415.9],[295.6,430.3],[314.5,430.3],[314.5,417.2]]]},"symbol":{"type":"CIMPolygonSymbol","symbolLayers":[{"type":"CIMSolidStroke","enable":true,"colorLocked":true,"capStyle":"Round","joinStyle":"Miter","lineStyle3D":"Strip","miterLimit":10,"width":5,"color":[0,0,0,255]}]}},{"type":"CIMMarkerGraphic","geometry":{"rings":[[[299.33,430.25],[311.0,430.25],[311.0,438.17],[299.33,438.17],[299.33,430.25]]]},"symbol":{"type":"CIMPolygonSymbol","symbolLayers":[{"type":"CIMSolidFill","enable":true,"primitiveName":"icon_element","color":[255,255,255,255]}]}},{"type":"CIMMarkerGraphic","geometry":{"rings":[[[299.33,430.25],[311.0,430.25],[311.0,438.17],[299.33,438.17],[299.33,430.25]]]},"symbol":{"type":"CIMPolygonSymbol","symbolLayers":[{"type":"CIMSolidStroke","enable":true,"colorLocked":true,"capStyle":"Round","joinStyle":"Miter","lineStyle3D":"Strip","miterLimit":10,"width":5,"color":[0,0,0,255]}]}}],"scaleSymbolsProportionally":true,"respectFrame":true}],"haloSize":1,"scaleX":1,"angleAlignment":"Display","version":"2.0.0","build":"8933"}