{"type":"CIMPointSymbol","symbolLayers":[{"type":"CIMVectorMarker","enable":true,"anchorPointUnits":"Relative","dominantSizeAxis3D":"Z","size":64,"billboardMode3D":"FaceNearPlane","frame":{"xmin":0,"ymin":0,"xmax":612,"ymax":792},"markerGraphics":[{"type":"CIMMarkerGraphic","geometry":{"rings":[[[252.37,351.17],[254.28,351.35],[256.11,351.87],[257.8,352.72],[259.28,353.86],[260.5,355.25],[261.4,356.83],[261.96,358.55],[262.15,360.34],[261.96,362.12],[261.4,363.84],[260.5,365.43],[259.28,366.81],[257.8,367.95],[256.11,368.8],[254.28,369.32],[252.37,369.5],[250.47,369.32],[248.63,368.8],[246.94,367.95],[245.46,366.81],[244.25,365.43],[243.34,363.84],[242.79,362.12],[242.6,360.34],[242.79,358.55],[243.34,356.83],[244.25,355.25],[245.46,353.86],[246.94,352.72],[248.63,351.87],[250.47,351.35],[252.37,351.17]]]},"symbol":{"type":"CIMPolygonSymbol","symbolLayers":[{"type":"CIMSolidFill","enable":true,"primitiveName":"icon_element","color":[255,255,255,255]}]}},{"type":"CIMMarkerGraphic","geometry":{"rings":[[[252.37,351.17],[254.28,351.35],[256.11,351.87],[257.8,352.72],[259.28,353.86],[260.5,355.25],[261.4,356.83],[261.96,358.55],[262.15,360.34],[261.96,362.12],[261.4,363.84],[260.5,365.43],[259.28,366.81],[257.8,367.95],[256.11,368.8],[254.28,369.32],[252.37,369.5],[250.47,369.32],[248.63,368.8],[246.94,367.95],[245.46,366.81],[244.25,365.43],[243.34,363.84],[242.79,362.12],[242.6,360.34],[242.79,358.55],[243.34,356.83],[244.25,355.25],[245.46,353.86],[246.94,352.72],[248.63,351.87],[250.47,351.35],[252.37,351.17]]]},"symbol":{"type":"CIMPolygonSymbol","symbolLayers":[{"type":"CIMSolidStroke","enable":true,"colorLocked":true,"capStyle":"Round","joinStyle":"Miter","lineStyle3D":"Strip","miterLimit":10,"width":5,"color":[0,0,0,255]}]}},{"type":"CIMMarkerGraphic","geometry":{"rings":[[[287.9,351.2],[320.2,351.2],[320.2,372.3],[287.9,372.3],[287.9,351.2]]]},"symbol":{"type":"CIMPolygonSymbol","symbolLayers":[{"type":"CIMSolidFill","enable":true,"primitiveName":"icon_element","color":[255,255,255,255]}]}},{"type":"CIMMarkerGraphic","geometry":{"rings":[[[287.9,351.2],[320.2,351.2],[320.2,372.3],[287.9,372.3],[287.9,351.2]]]},"symbol":{"type":"CIMPolygonSymbol","symbolLayers":[{"type":"CIMSolidStroke","enable":true,"colorLocked":true,"capStyle":"Round","joinStyle":"Miter","lineStyle3D":"Strip","miterLimit":10,"width":5,"color":[0,0,0,255]}]}},{"type":"CIMMarkerGraphic","geometry":{"rings":[[[304.3,369.1],[311.8,369.7],[319.0,371.8],[325.6,375.1],[331.4,379.6],[336.1,385.0],[339.7,391.2],[341.9,397.9],[342.6,404.9],[341.9,411.9],[339.7,418.7],[336.1,424.9],[331.4,430.3],[325.6,434.8],[319.0,438.1],[311.8,440.1],[304.3,440.8],[296.8,440.1],[289.7,438.1],[283.0,434.8],[277.2,430.3],[272.5,424.9],[268.9,418.7],[266.8,411.9],[266.0,404.9],[266.8,397.9],[268.9,391.2],[272.5,385.0],[277.2,379.6],[283.0,375.1],[289.7,371.8],[296.8,369.7],[304.3,369.1]]]},"symbol":{"type":"CIMPolygonSymbol","symbolLayers":[{"type":"CIMSolidFill","enable":true,"primitiveName":"icon_element","color":[255,255,255,255]}]}},{"type":"CIMMarkerGraphic","geometry":{"rings":[[[304.3,369.1],[311.8,369.7],[319.0,371.8],[325.6,375.1],[331.4,379.6],[336.1,385.0],[339.7,391.2],[341.9,397.9],[342.6,404.9],[341.9,411.9],[339.7,418.7],[336.1,424.9],[331.4,430.3],[325.6,434.8],[319.0,438.1],[311.8,440.1],[304.3,440.8],[296.8,440.1],[289.7,438.1],[283.0,434.8],[277.2,430.3],[272.5,424.9],[268.9,418.7],[266.8,411.9],[266.0,404.9],[266.8,397.9],[268.9,391.2],[272.5,385.0],[277.2,379.6],[283.0,375.1],[289.7,371.8],[296.8,369.7],[304.3,369.1]]]},"symbol":{"type":"CIMPolygonSymbol","symbolLayers":[{"type":"CIMSolidStroke","enable":true,"colorLocked":true,"capStyle":"Round","joinStyle":"Miter","lineStyle3D":"Strip","miterLimit":10,"width":5,"color":[0,0,0,255]}]}},{"type":"CIMMarkerGraphic","geometry":{"paths":[[[254.37,369.5],[267.22,396.0]]]},"symbol":{"type":"CIMPolygonSymbol","symbolLayers":[{"type":"CIMSolidStroke","enable":true,"colorLocked":true,"capStyle":"Butt","joinStyle":"Miter","lineStyle3D":"Strip","miterLimit":10,"width":5,"color":[0,0,0,255]}]}}],"scaleSymbolsProportionally":true,"respectFrame":true}],"haloSize":1,"scaleX":1,"angleAlignment":"Display","version":"2.0.0","build":"8933"}