{"type":"CIMPointSymbol","symbolLayers":[{"type":"CIMVectorMarker","enable":true,"anchorPointUnits":"Relative","dominantSizeAxis3D":"Z","size":64,"billboardMode3D":"FaceNearPlane","frame":{"xmin":0,"ymin":0,"xmax":612,"ymax":792},"markerGraphics":[{"type":"CIMMarkerGraphic","geometry":{"rings":[[[310.1,350.9],[314.3,441.1],[295.5,441.1],[300.2,350.9],[310.1,350.9]]]},"symbol":{"type":"CIMPolygonSymbol","symbolLayers":[{"type":"CIMSolidFill","enable":true,"primitiveName":"icon_element","color":[0,0,0,255]}]}},{"type":"CIMMarkerGraphic","geometry":{"rings":[[[310.1,350.9],[300.2,350.9],[295.5,441.1],[314.3,441.1],[310.1,350.9]]]},"symbol":{"type":"CIMPolygonSymbol","symbolLayers":[{"type":"CIMSolidStroke","enable":true,"primitiveName":"icon_element","capStyle":"Round","joinStyle":"Miter","lineStyle3D":"Strip","miterLimit":10,"width":5,"color":[0,0,0,255]}]}},{"type":"CIMMarkerGraphic","geometry":{"rings":[[[195.0,371.6],[276.7,371.6],[276.7,420.4],[195.0,420.4],[195.0,371.6]]]},"symbol":{"type":"CIMPolygonSymbol","symbolLayers":[{"type":"CIMSolidFill","enable":true,"primitiveName":"icon_element","color":[0,0,0,255]}]}},{"type":"CIMMarkerGraphic","geometry":{"rings":[[[286.2,371.6],[323.7,371.6],[323.7,420.4],[286.2,420.4],[286.2,371.6]]]},"symbol":{"type":"CIMPolygonSymbol","symbolLayers":[{"type":"CIMSolidFill","enable":true,"primitiveName":"icon_element","color":[0,0,0,255]}]}},{"type":"CIMMarkerGraphic","geometry":{"rings":[[[333.2,371.6],[414.9,371.6],[414.9,420.4],[333.2,420.4],[333.2,371.6]]]},"symbol":{"type":"CIMPolygonSymbol","symbolLayers":[{"type":"CIMSolidFill","enable":true,"primitiveName":"icon_element","color":[0,0,0,255]}]}},{"type":"CIMMarkerGraphic","geometry":{"paths":[[[275.7,396.0],[335.2,396.0]]]},"symbol":{"type":"CIMPolygonSymbol","symbolLayers":[{"type":"CIMSolidStroke","enable":true,"primitiveName":"icon_element","capStyle":"Butt","joinStyle":"Miter","lineStyle3D":"Strip","miterLimit":10,"width":5,"color":[0,0,0,255]}]}}],"scaleSymbolsProportionally":true,"respectFrame":true}],"haloSize":1,"scaleX":1,"angleAlignment":"Display","version":"2.0.0","build":"8933"}