{"type":"CIMPointSymbol","symbolLayers":[{"type":"CIMVectorMarker","enable":true,"anchorPointUnits":"Relative","dominantSizeAxis3D":"Z","size":64,"billboardMode3D":"FaceNearPlane","frame":{"xmin":0,"ymin":0,"xmax":612,"ymax":792},"markerGraphics":[{"type":"CIMMarkerGraphic","geometry":{"rings":[[[205.7,349.0],[279.4,349.0],[279.4,393.0],[205.7,393.0],[205.7,349.0]]]},"symbol":{"type":"CIMPolygonSymbol","symbolLayers":[{"type":"CIMSolidFill","enable":true,"primitiveName":"icon_element","color":[0,0,0,255]}]}},{"type":"CIMMarkerGraphic","geometry":{"rings":[[[288.0,349.0],[321.8,349.0],[321.8,393.0],[288.0,393.0],[288.0,349.0]]]},"symbol":{"type":"CIMPolygonSymbol","symbolLayers":[{"type":"CIMSolidFill","enable":true,"primitiveName":"icon_element","color":[0,0,0,255]}]}},{"type":"CIMMarkerGraphic","geometry":{"rings":[[[330.4,349.0],[404.2,349.0],[404.2,393.0],[330.4,393.0],[330.4,349.0]]]},"symbol":{"type":"CIMPolygonSymbol","symbolLayers":[{"type":"CIMSolidFill","enable":true,"primitiveName":"icon_element","color":[0,0,0,255]}]}},{"type":"CIMMarkerGraphic","geometry":{"paths":[[[278.5,371.0],[332.2,371.0]]]},"symbol":{"type":"CIMPolygonSymbol","symbolLayers":[{"type":"CIMSolidStroke","enable":true,"primitiveName":"icon_element","capStyle":"Butt","joinStyle":"Miter","lineStyle3D":"Strip","miterLimit":10,"width":5,"color":[0,0,0,255]}]}},{"type":"CIMMarkerGraphic","geometry":{"rings":[[[367.3,407.5],[370.6,407.8],[373.8,408.8],[376.7,410.3],[379.3,412.5],[381.4,415.0],[383.0,418.0],[384.0,421.2],[384.3,424.5],[384.0,427.8],[383.0,431.0],[381.4,434.0],[379.3,436.5],[376.7,438.7],[373.8,440.2],[370.6,441.2],[367.3,441.5],[364.0,441.2],[360.8,440.2],[357.8,438.7],[355.3,436.5],[353.1,434.0],[351.6,431.0],[350.6,427.8],[350.3,424.5],[350.6,421.2],[351.6,418.0],[353.1,415.0],[355.3,412.5],[357.8,410.3],[360.8,408.8],[364.0,407.8],[367.3,407.5]]]},"symbol":{"type":"CIMPolygonSymbol","symbolLayers":[{"type":"CIMSolidFill","enable":true,"primitiveName":"icon_element","color":[0,0,0,255]}]}},{"type":"CIMMarkerGraphic","geometry":{"rings":[[[367.3,407.5],[370.6,407.8],[373.8,408.8],[376.7,410.3],[379.3,412.5],[381.4,415.0],[383.0,418.0],[384.0,421.2],[384.3,424.5],[384.0,427.8],[383.0,431.0],[381.4,434.0],[379.3,436.5],[376.7,438.7],[373.8,440.2],[370.6,441.2],[367.3,441.5],[364.0,441.2],[360.8,440.2],[357.8,438.7],[355.3,436.5],[353.1,434.0],[351.6,431.0],[350.6,427.8],[350.3,424.5],[350.6,421.2],[351.6,418.0],[353.1,415.0],[355.3,412.5],[357.8,410.3],[360.8,408.8],[364.0,407.8],[367.3,407.5]]]},"symbol":{"type":"CIMPolygonSymbol","symbolLayers":[{"type":"CIMSolidStroke","enable":true,"primitiveName":"icon_element","capStyle":"Round","joinStyle":"Miter","lineStyle3D":"Strip","miterLimit":10,"width":5,"color":[0,0,0,255]}]}},{"type":"CIMMarkerGraphic","geometry":{"paths":[[[305.1,388.8],[357.2,418.2]]]},"symbol":{"type":"CIMPolygonSymbol","symbolLayers":[{"type":"CIMSolidStroke","enable":true,"primitiveName":"icon_element","capStyle":"Butt","joinStyle":"Miter","lineStyle3D":"Strip","miterLimit":10,"width":5,"color":[0,0,0,255]}]}}],"scaleSymbolsProportionally":true,"respectFrame":true}],"haloSize":1,"scaleX":1,"angleAlignment":"Display","version":"2.0.0","build":"8933"}