{"type":"CIMPointSymbol","symbolLayers":[{"type":"CIMVectorMarker","enable":true,"anchorPointUnits":"Relative","dominantSizeAxis3D":"Z","size":64,"billboardMode3D":"FaceNearPlane","frame":{"xmin":0,"ymin":0,"xmax":612,"ymax":792},"markerGraphics":[{"type":"CIMMarkerGraphic","geometry":{"rings":[[[335.9,351.3],[340.4,352.2],[344.2,354.7],[346.8,358.4],[347.7,362.8],[336.8,403.9],[329.0,428.6],[326.3,435.4],[324.8,437.7],[306.2,440.7],[290.0,437.7],[288.5,437.3],[286.9,436.0],[283.6,430.6],[280.5,422.8],[275.3,406.8],[262.5,362.6],[263.0,359.0],[264.4,356.1],[266.8,353.6],[270.6,351.3],[335.9,351.3]]]},"symbol":{"type":"CIMPolygonSymbol","symbolLayers":[{"type":"CIMSolidFill","enable":true,"primitiveName":"icon_element","color":[255,255,255,255]}]}},{"type":"CIMMarkerGraphic","geometry":{"rings":[[[347.7,362.8],[346.8,358.4],[344.2,354.7],[340.4,352.2],[335.9,351.3],[270.6,351.3],[266.8,353.6],[264.4,356.1],[263.0,359.0],[262.5,362.6],[275.3,406.8],[280.5,422.8],[283.6,430.6],[286.9,436.0],[288.5,437.3],[290.0,437.7],[306.2,440.7],[324.8,437.7],[326.3,435.4],[329.0,428.6],[336.8,403.9],[347.7,362.8]]]},"symbol":{"type":"CIMPolygonSymbol","symbolLayers":[{"type":"CIMSolidStroke","enable":true,"colorLocked":true,"capStyle":"Round","joinStyle":"Miter","lineStyle3D":"Strip","miterLimit":10,"width":5,"color":[0,0,0,255]}]}}],"scaleSymbolsProportionally":true,"respectFrame":true}],"haloSize":1,"scaleX":1,"angleAlignment":"Display","version":"2.0.0","build":"8933"}