{"type":"CIMPointSymbol","symbolLayers":[{"type":"CIMVectorMarker","enable":true,"anchorPointUnits":"Relative","dominantSizeAxis3D":"Z","size":64,"billboardMode3D":"FaceNearPlane","frame":{"xmin":0,"ymin":0,"xmax":612,"ymax":792},"markerGraphics":[{"type":"CIMMarkerGraphic","geometry":{"rings":[[[207.0,351.3],[279.8,351.3],[279.8,394.7],[207.0,394.7],[207.0,351.3]]]},"symbol":{"type":"CIMPolygonSymbol","symbolLayers":[{"type":"CIMSolidFill","enable":true,"primitiveName":"icon_element","color":[255,255,255,255]}]}},{"type":"CIMMarkerGraphic","geometry":{"rings":[[[207.0,351.3],[279.8,351.3],[279.8,394.7],[207.0,394.7],[207.0,351.3]]]},"symbol":{"type":"CIMPolygonSymbol","symbolLayers":[{"type":"CIMSolidStroke","enable":true,"colorLocked":true,"capStyle":"Round","joinStyle":"Miter","lineStyle3D":"Strip","miterLimit":10,"width":5,"color":[0,0,0,255]}]}},{"type":"CIMMarkerGraphic","geometry":{"rings":[[[288.2,351.3],[321.6,351.3],[321.6,394.7],[288.2,394.7],[288.2,351.3]]]},"symbol":{"type":"CIMPolygonSymbol","symbolLayers":[{"type":"CIMSolidFill","enable":true,"primitiveName":"icon_element","color":[255,255,255,255]}]}},{"type":"CIMMarkerGraphic","geometry":{"rings":[[[288.2,351.3],[321.6,351.3],[321.6,394.7],[288.2,394.7],[288.2,351.3]]]},"symbol":{"type":"CIMPolygonSymbol","symbolLayers":[{"type":"CIMSolidStroke","enable":true,"colorLocked":true,"capStyle":"Round","joinStyle":"Miter","lineStyle3D":"Strip","miterLimit":10,"width":5,"color":[0,0,0,255]}]}},{"type":"CIMMarkerGraphic","geometry":{"rings":[[[330.1,351.3],[402.8,351.3],[402.8,394.7],[330.1,394.7],[330.1,351.3]]]},"symbol":{"type":"CIMPolygonSymbol","symbolLayers":[{"type":"CIMSolidFill","enable":true,"primitiveName":"icon_element","color":[255,255,255,255]}]}},{"type":"CIMMarkerGraphic","geometry":{"rings":[[[330.1,351.3],[402.8,351.3],[402.8,394.7],[330.1,394.7],[330.1,351.3]]]},"symbol":{"type":"CIMPolygonSymbol","symbolLayers":[{"type":"CIMSolidStroke","enable":true,"colorLocked":true,"capStyle":"Round","joinStyle":"Miter","lineStyle3D":"Strip","miterLimit":10,"width":5,"color":[0,0,0,255]}]}},{"type":"CIMMarkerGraphic","geometry":{"paths":[[[320.37,373.0],[331.84,373.0]]]},"symbol":{"type":"CIMPolygonSymbol","symbolLayers":[{"type":"CIMSolidStroke","enable":true,"colorLocked":true,"capStyle":"Butt","joinStyle":"Miter","lineStyle3D":"Strip","miterLimit":10,"width":5,"color":[0,0,0,255]}]}},{"type":"CIMMarkerGraphic","geometry":{"paths":[[[278.87,373.0],[288.7,373.0]]]},"symbol":{"type":"CIMPolygonSymbol","symbolLayers":[{"type":"CIMSolidStroke","enable":true,"colorLocked":true,"capStyle":"Butt","joinStyle":"Miter","lineStyle3D":"Strip","miterLimit":10,"width":5,"color":[0,0,0,255]}]}},{"type":"CIMMarkerGraphic","geometry":{"rings":[[[366.4,407.2],[369.8,407.5],[373.0,408.5],[375.9,410.1],[378.5,412.2],[380.6,414.7],[382.2,417.7],[383.1,420.9],[383.5,424.2],[383.1,427.5],[382.2,430.7],[380.6,433.7],[378.5,436.2],[375.9,438.4],[373.0,439.9],[369.8,440.9],[366.4,441.2],[363.1,440.9],[359.9,439.9],[357.0,438.4],[354.4,436.2],[352.3,433.7],[350.7,430.7],[349.8,427.5],[349.4,424.2],[349.8,420.9],[350.7,417.7],[352.3,414.7],[354.4,412.2],[357.0,410.1],[359.9,408.5],[363.1,407.5],[366.4,407.2]]]},"symbol":{"type":"CIMPolygonSymbol","symbolLayers":[{"type":"CIMSolidFill","enable":true,"primitiveName":"icon_element","color":[255,255,255,255]}]}},{"type":"CIMMarkerGraphic","geometry":{"rings":[[[366.4,407.2],[369.8,407.5],[373.0,408.5],[375.9,410.1],[378.5,412.2],[380.6,414.7],[382.2,417.7],[383.1,420.9],[383.5,424.2],[383.1,427.5],[382.2,430.7],[380.6,433.7],[378.5,436.2],[375.9,438.4],[373.0,439.9],[369.8,440.9],[366.4,441.2],[363.1,440.9],[359.9,439.9],[357.0,438.4],[354.4,436.2],[352.3,433.7],[350.7,430.7],[349.8,427.5],[349.4,424.2],[349.8,420.9],[350.7,417.7],[352.3,414.7],[354.4,412.2],[357.0,410.1],[359.9,408.5],[363.1,407.5],[366.4,407.2]]]},"symbol":{"type":"CIMPolygonSymbol","symbolLayers":[{"type":"CIMSolidStroke","enable":true,"colorLocked":true,"capStyle":"Round","joinStyle":"Miter","lineStyle3D":"Strip","miterLimit":10,"width":5,"color":[0,0,0,255]}]}},{"type":"CIMMarkerGraphic","geometry":{"paths":[[[309.5,395.1],[349.4,415.8]]]},"symbol":{"type":"CIMPolygonSymbol","symbolLayers":[{"type":"CIMSolidStroke","enable":true,"colorLocked":true,"capStyle":"Butt","joinStyle":"Miter","lineStyle3D":"Strip","miterLimit":10,"width":5,"color":[0,0,0,255]}]}}],"scaleSymbolsProportionally":true,"respectFrame":true}],"haloSize":1,"scaleX":1,"angleAlignment":"Display","version":"2.0.0","build":"8933"}