{"type":"CIMPointSymbol","symbolLayers":[{"type":"CIMVectorMarker","enable":true,"anchorPointUnits":"Relative","dominantSizeAxis3D":"Z","size":64,"billboardMode3D":"FaceNearPlane","frame":{"xmin":0,"ymin":0,"xmax":612,"ymax":792},"markerGraphics":[{"type":"CIMMarkerGraphic","geometry":{"rings":[[[391,277],[410,279],[428,284],[444,293],[458,305],[469,321],[478,339],[483,359],[485,380],[483,401],[478,421],[469,439],[458,454],[444,466],[428,475],[410,481],[391,482],[390,504],[385,524],[378,541],[368,557],[355,569],[340,579],[323,585],[306,587],[289,585],[272,579],[257,569],[244,557],[234,541],[227,524],[222,504],[221,482],[202,481],[184,475],[168,466],[154,454],[143,439],[134,421],[129,401],[127,380],[129,359],[134,339],[143,321],[154,305],[168,293],[184,284],[202,279],[221,277],[391,277]]]},"symbol":{"type":"CIMPolygonSymbol","symbolLayers":[{"type":"CIMSolidFill","enable":true,"primitiveName":"frame_fill","color":[255,255,128,255]}]}},{"type":"CIMMarkerGraphic","geometry":{"paths":[[[391,277],[410,279],[428,284],[444,293],[458,305],[469,321],[478,339],[483,359],[485,380],[483,401],[478,421],[469,439],[458,454],[444,466],[428,475],[410,481],[391,482],[390,504],[385,524],[378,541],[368,557],[355,569],[340,579],[323,585],[306,587],[289,585],[272,579],[257,569],[244,557],[234,541],[227,524],[222,504],[221,482],[202,481],[184,475],[168,466],[154,454],[143,439],[134,421],[129,401],[127,380],[129,359],[134,339],[143,321],[154,305],[168,293],[184,284],[202,279],[221,277]]]},"symbol":{"type":"CIMPolygonSymbol","symbolLayers":[{"type":"CIMSolidStroke","effects":[{"type":"CIMGeometricEffectDashes","dashTemplate":[5,5],"lineDashEnding":"NoConstraint","controlPointEnding":"NoConstraint"}],"enable":true,"primitiveName":"frame_outline","capStyle":"Butt","joinStyle":"Miter","lineStyle3D":"Strip","miterLimit":10,"width":5,"color":[0,0,0,255]}]}}],"scaleSymbolsProportionally":true,"respectFrame":true}],"haloSize":1,"scaleX":1,"angleAlignment":"Display","version":"2.0.0","build":"8933"}