{"type":"CIMPointSymbol","symbolLayers":[{"type":"CIMVectorMarker","enable":true,"anchorPointUnits":"Relative","dominantSizeAxis3D":"Z","size":64,"billboardMode3D":"FaceNearPlane","frame":{"xmin":0,"ymin":0,"xmax":612,"ymax":792},"markerGraphics":[{"type":"CIMMarkerGraphic","geometry":{"rings":[[[391,278],[410,280],[428,285],[444,294],[458,306],[469,322],[478,340],[483,360],[485,381],[483,402],[478,422],[469,440],[458,455],[444,467],[428,476],[410,482],[391,483],[390,505],[385,525],[378,542],[368,558],[355,570],[340,580],[323,586],[306,588],[289,586],[272,580],[257,570],[244,558],[234,542],[227,525],[222,505],[221,483],[202,482],[184,476],[168,467],[154,455],[143,440],[134,422],[129,402],[127,381],[129,360],[134,340],[143,322],[154,306],[168,294],[184,285],[202,280],[221,278],[391,278]]]},"symbol":{"type":"CIMPolygonSymbol","symbolLayers":[{"type":"CIMSolidFill","enable":true,"primitiveName":"frame_fill","color":[255,255,128,255]}]}},{"type":"CIMMarkerGraphic","geometry":{"paths":[[[391.0,278.38],[394.18,278.42],[397.32,278.55],[400.42,278.78],[403.48,279.09]]]},"symbol":{"type":"CIMPolygonSymbol","symbolLayers":[{"type":"CIMSolidStroke","enable":true,"primitiveName":"frame_outline","capStyle":"Butt","joinStyle":"Miter","lineStyle3D":"Strip","miterLimit":10,"width":5,"color":[0,0,0,255]}]}},{"type":"CIMMarkerGraphic","geometry":{"paths":[[[417.8,281.9],[432.5,287.4],[445.8,295.5],[457.4,305.9],[467.3,318.7],[475.2,333.5],[480.8,349.8],[484.0,367.4],[484.7,385.4],[482.8,403.1],[478.4,420.0],[471.7,435.6],[462.8,449.4],[452.2,461.0],[439.8,470.3],[425.9,477.2],[410.7,481.6]]]},"symbol":{"type":"CIMPolygonSymbol","symbolLayers":[{"type":"CIMSolidStroke","effects":[{"type":"CIMGeometricEffectDashes","dashTemplate":[24.267000198364258,14.560199737548828],"lineDashEnding":"NoConstraint","controlPointEnding":"NoConstraint"}],"enable":true,"primitiveName":"frame_outline","capStyle":"Butt","joinStyle":"Miter","lineStyle3D":"Strip","miterLimit":10,"width":5,"color":[0,0,0,255]}]}},{"type":"CIMMarkerGraphic","geometry":{"paths":[[[403.48,482.66],[400.42,482.97],[397.32,483.2],[394.18,483.33],[391.0,483.37],[390.88,489.7],[390.52,495.87]]]},"symbol":{"type":"CIMPolygonSymbol","symbolLayers":[{"type":"CIMSolidStroke","enable":true,"primitiveName":"frame_outline","capStyle":"Butt","joinStyle":"Miter","lineStyle3D":"Strip","miterLimit":10,"width":5,"color":[0,0,0,255]}]}},{"type":"CIMMarkerGraphic","geometry":{"paths":[[[388.8,509.8],[384.5,526.7],[378.0,542.1],[369.4,555.6],[358.9,567.1],[346.5,576.3],[332.8,582.9],[318.0,586.7],[302.8,587.6],[287.7,585.5],[273.4,580.5],[260.2,572.8],[248.6,562.7],[238.9,550.4],[231.2,536.2],[225.6,520.3],[222.2,502.8]]]},"symbol":{"type":"CIMPolygonSymbol","symbolLayers":[{"type":"CIMSolidStroke","effects":[{"type":"CIMGeometricEffectDashes","dashTemplate":[23.368200302124023,14.020899772644043],"lineDashEnding":"NoConstraint","controlPointEnding":"NoConstraint"}],"enable":true,"primitiveName":"frame_outline","capStyle":"Butt","joinStyle":"Miter","lineStyle3D":"Strip","miterLimit":10,"width":5,"color":[0,0,0,255]}]}},{"type":"CIMMarkerGraphic","geometry":{"paths":[[[221.48,495.87],[221.12,489.69],[221.0,483.38],[217.82,483.33],[214.68,483.2],[211.58,482.97],[208.52,482.66]]]},"symbol":{"type":"CIMPolygonSymbol","symbolLayers":[{"type":"CIMSolidStroke","enable":true,"primitiveName":"frame_outline","capStyle":"Butt","joinStyle":"Miter","lineStyle3D":"Strip","miterLimit":10,"width":5,"color":[0,0,0,255]}]}},{"type":"CIMMarkerGraphic","geometry":{"paths":[[[194.2,479.9],[179.5,474.3],[166.2,466.3],[154.6,455.8],[144.7,443.1],[136.8,428.3],[131.2,411.9],[128.0,394.4],[127.3,376.4],[129.2,358.7],[133.6,341.7],[140.3,326.1],[149.2,312.3],[159.8,300.7],[172.2,291.4],[186.1,284.5],[201.3,280.2]]]},"symbol":{"type":"CIMPolygonSymbol","symbolLayers":[{"type":"CIMSolidStroke","effects":[{"type":"CIMGeometricEffectDashes","dashTemplate":[24.267000198364258,14.560199737548828],"lineDashEnding":"NoConstraint","controlPointEnding":"NoConstraint"}],"enable":true,"primitiveName":"frame_outline","capStyle":"Butt","joinStyle":"Miter","lineStyle3D":"Strip","miterLimit":10,"width":5,"color":[0,0,0,255]}]}},{"type":"CIMMarkerGraphic","geometry":{"paths":[[[208.52,279.09],[211.58,278.78],[214.68,278.55],[217.82,278.42],[221.0,278.37]]]},"symbol":{"type":"CIMPolygonSymbol","symbolLayers":[{"type":"CIMSolidStroke","enable":true,"primitiveName":"frame_outline","capStyle":"Butt","joinStyle":"Miter","lineStyle3D":"Strip","miterLimit":10,"width":5,"color":[0,0,0,255]}]}}],"scaleSymbolsProportionally":true,"respectFrame":true}],"haloSize":1,"scaleX":1,"angleAlignment":"Display","version":"2.0.0","build":"8933"}