{"type":"CIMPointSymbol","symbolLayers":[{"type":"CIMVectorMarker","enable":true,"anchorPointUnits":"Relative","dominantSizeAxis3D":"Z","size":64,"billboardMode3D":"FaceNearPlane","frame":{"xmin":0,"ymin":0,"xmax":612,"ymax":792},"markerGraphics":[{"type":"CIMMarkerGraphic","geometry":{"rings":[[[221,312],[222,294],[227,278],[234,263],[244,250],[257,240],[272,232],[289,227],[306,226],[323,227],[340,232],[355,240],[368,250],[378,263],[385,278],[390,294],[391,312],[409,313],[425,318],[440,325],[453,335],[463,348],[471,363],[476,380],[477,397],[476,414],[471,431],[463,446],[453,459],[440,469],[425,476],[409,481],[391,482],[390,500],[385,516],[378,531],[368,544],[355,554],[340,562],[323,567],[306,568],[289,567],[272,562],[257,554],[244,544],[234,531],[227,516],[222,500],[221,482],[203,481],[187,476],[172,469],[159,459],[149,446],[141,431],[136,414],[135,397],[136,380],[141,363],[149,348],[159,335],[172,325],[187,318],[203,313],[221,312]]]},"symbol":{"type":"CIMPolygonSymbol","symbolLayers":[{"type":"CIMSolidFill","enable":true,"primitiveName":"frame_fill","color":[255,255,128,255]}]}},{"type":"CIMMarkerGraphic","geometry":{"rings":[[[221,312],[222,294],[227,278],[234,263],[244,250],[257,240],[272,232],[289,227],[306,226],[323,227],[340,232],[355,240],[368,250],[378,263],[385,278],[390,294],[391,312],[409,313],[425,318],[440,325],[453,335],[463,348],[471,363],[476,380],[477,397],[476,414],[471,431],[463,446],[453,459],[440,469],[425,476],[409,481],[391,482],[390,500],[385,516],[378,531],[368,544],[355,554],[340,562],[323,567],[306,568],[289,567],[272,562],[257,554],[244,544],[234,531],[227,516],[222,500],[221,482],[203,481],[187,476],[172,469],[159,459],[149,446],[141,431],[136,414],[135,397],[136,380],[141,363],[149,348],[159,335],[172,325],[187,318],[203,313],[221,312]]]},"symbol":{"type":"CIMPolygonSymbol","symbolLayers":[{"type":"CIMSolidStroke","enable":true,"primitiveName":"frame_outline","capStyle":"Round","joinStyle":"Miter","lineStyle3D":"Strip","miterLimit":10,"width":5,"color":[0,0,0,255]}]}},{"type":"CIMMarkerGraphic","geometry":{"x":226.5,"y":302.96875},"symbol":{"type":"CIMTextSymbol","blockProgression":"TTB","depth3D":1,"extrapolateBaselines":true,"fontEffects":"Normal","fontEncoding":"Unicode","fontFamilyName":"Arial","fontType":"Unspecified","haloSize":1,"height":288,"hinting":"Default","horizontalAlignment":"Left","kerning":true,"letterWidth":100,"ligatures":true,"lineGapType":"ExtraLeading","symbol":{"type":"CIMPolygonSymbol","symbolLayers":[{"type":"CIMSolidFill","enable":true,"color":[0,0,0,255]}]},"textCase":"Normal","textDirection":"LTR","verticalAlignment":"Baseline","verticalGlyphOrientation":"Right","wordSpacing":100,"billboardMode3D":"FaceNearPlane"},"textString":"?"}],"scaleSymbolsProportionally":true,"respectFrame":true}],"haloSize":1,"scaleX":1,"angleAlignment":"Display","version":"2.0.0","build":"8933"}