{"type":"CIMPointSymbol","symbolLayers":[{"type":"CIMVectorMarker","enable":true,"anchorPointUnits":"Relative","dominantSizeAxis3D":"Z","size":64,"billboardMode3D":"FaceNearPlane","frame":{"xmin":0,"ymin":0,"xmax":612,"ymax":792},"markerGraphics":[{"type":"CIMMarkerGraphic","geometry":{"rings":[[[391,278],[410,280],[428,285],[444,294],[458,306],[469,322],[478,340],[483,360],[485,381],[483,402],[478,422],[469,440],[458,455],[444,467],[428,476],[410,482],[391,483],[390,505],[385,525],[378,542],[368,558],[355,570],[340,580],[323,586],[306,588],[289,586],[272,580],[257,570],[244,558],[234,542],[227,525],[222,505],[221,483],[202,482],[184,476],[168,467],[154,455],[143,440],[134,422],[129,402],[127,381],[129,360],[134,340],[143,322],[154,306],[168,294],[184,285],[202,280],[221,278],[391,278]]]},"symbol":{"type":"CIMPolygonSymbol","symbolLayers":[{"type":"CIMSolidFill","enable":true,"primitiveName":"frame_fill","color":[255,255,128,255]}]}},{"type":"CIMMarkerGraphic","geometry":{"paths":[[[391,278],[410,280],[428,285],[444,294],[458,306],[469,322],[478,340],[483,360],[485,381],[483,402],[478,422],[469,440],[458,455],[444,467],[428,476],[410,482],[391,483],[390,505],[385,525],[378,542],[368,558],[355,570],[340,580],[323,586],[306,588],[289,586],[272,580],[257,570],[244,558],[234,542],[227,525],[222,505],[221,483],[202,482],[184,476],[168,467],[154,455],[143,440],[134,422],[129,402],[127,381],[129,360],[134,340],[143,322],[154,306],[168,294],[184,285],[202,280],[221,278]]]},"symbol":{"type":"CIMPolygonSymbol","symbolLayers":[{"type":"CIMSolidStroke","enable":true,"primitiveName":"frame_outline","capStyle":"Butt","joinStyle":"Miter","lineStyle3D":"Strip","miterLimit":10,"width":5,"color":[0,0,0,255]}]}}],"scaleSymbolsProportionally":true,"respectFrame":true}],"haloSize":1,"scaleX":1,"angleAlignment":"Display","version":"2.0.0","build":"8933"}