{"type":"CIMPointSymbol","symbolLayers":[{"type":"CIMVectorMarker","enable":true,"anchorPointUnits":"Relative","dominantSizeAxis3D":"Z","size":64,"billboardMode3D":"FaceNearPlane","frame":{"xmin":0,"ymin":0,"xmax":612,"ymax":792},"markerGraphics":[{"type":"CIMMarkerGraphic","geometry":{"rings":[[[221,310],[222,288],[227,268],[234,251],[244,235],[257,223],[272,213],[289,207],[306,205],[323,207],[340,213],[355,223],[368,235],[378,251],[385,268],[390,288],[391,310],[410,311],[428,317],[444,326],[458,338],[469,353],[478,371],[483,391],[485,412],[483,433],[478,453],[469,471],[458,487],[444,499],[428,508],[410,513],[391,515],[221,515],[202,513],[184,508],[168,499],[154,487],[143,471],[134,453],[129,433],[127,412],[129,391],[134,371],[143,353],[154,338],[168,326],[184,317],[202,311],[221,310]]]},"symbol":{"type":"CIMPolygonSymbol","symbolLayers":[{"type":"CIMSolidFill","enable":true,"primitiveName":"frame_fill","color":[255,255,128,255]}]}},{"type":"CIMMarkerGraphic","geometry":{"paths":[[[221,515],[202,513],[184,508],[168,499],[154,487],[143,471],[134,453],[129,433],[127,412],[129,391],[134,371],[143,353],[154,338],[168,326],[184,317],[202,311],[221,310],[222,288],[227,268],[234,251],[244,235],[257,223],[272,213],[289,207],[306,205],[323,207],[340,213],[355,223],[368,235],[378,251],[385,268],[390,288],[391,310],[410,311],[428,317],[444,326],[458,338],[469,353],[478,371],[483,391],[485,412],[483,433],[478,453],[469,471],[458,487],[444,499],[428,508],[410,513],[391,515]]]},"symbol":{"type":"CIMPolygonSymbol","symbolLayers":[{"type":"CIMSolidStroke","enable":true,"primitiveName":"frame_outline","capStyle":"Butt","joinStyle":"Miter","lineStyle3D":"Strip","miterLimit":10,"width":5,"color":[0,0,0,255]}]}}],"scaleSymbolsProportionally":true,"respectFrame":true}],"haloSize":1,"scaleX":1,"angleAlignment":"Display","version":"2.0.0","build":"8933"}