{"type":"CIMPointSymbol","symbolLayers":[{"type":"CIMVectorMarker","enable":true,"anchorPointUnits":"Relative","dominantSizeAxis3D":"Z","size":64,"billboardMode3D":"FaceNearPlane","frame":{"xmin":0,"ymin":0,"xmax":612,"ymax":792},"markerGraphics":[{"type":"CIMMarkerGraphic","geometry":{"rings":[[[306.0,249.0],[328.5,250.8],[350.5,256.0],[371.4,264.7],[390.6,276.5],[407.8,291.2],[422.5,308.4],[434.3,327.6],[443.0,348.5],[448.2,370.5],[450.0,393.0],[448.2,415.5],[443.0,437.5],[434.3,458.4],[422.5,477.6],[407.8,494.8],[390.6,509.5],[371.4,521.3],[350.5,530.0],[328.5,535.2],[306.0,537.0],[283.5,535.2],[261.5,530.0],[240.6,521.3],[221.4,509.5],[204.2,494.8],[189.5,477.6],[177.7,458.4],[169.0,437.5],[163.8,415.5],[162.0,393.0],[163.8,370.5],[169.0,348.5],[177.7,327.6],[189.5,308.4],[204.2,291.2],[221.4,276.5],[240.6,264.7],[261.5,256.0],[283.5,250.8],[306.0,249.0]]]},"symbol":{"type":"CIMPolygonSymbol","symbolLayers":[{"type":"CIMSolidFill","enable":true,"primitiveName":"frame_fill","color":[128,224,255,255]}]}},{"type":"CIMMarkerGraphic","geometry":{"rings":[[[306.0,249.0],[328.5,250.8],[350.5,256.0],[371.4,264.7],[390.6,276.5],[407.8,291.2],[422.5,308.4],[434.3,327.6],[443.0,348.5],[448.2,370.5],[450.0,393.0],[448.2,415.5],[443.0,437.5],[434.3,458.4],[422.5,477.6],[407.8,494.8],[390.6,509.5],[371.4,521.3],[350.5,530.0],[328.5,535.2],[306.0,537.0],[283.5,535.2],[261.5,530.0],[240.6,521.3],[221.4,509.5],[204.2,494.8],[189.5,477.6],[177.7,458.4],[169.0,437.5],[163.8,415.5],[162.0,393.0],[163.8,370.5],[169.0,348.5],[177.7,327.6],[189.5,308.4],[204.2,291.2],[221.4,276.5],[240.6,264.7],[261.5,256.0],[283.5,250.8],[306.0,249.0]]]},"symbol":{"type":"CIMPolygonSymbol","symbolLayers":[{"type":"CIMSolidStroke","effects":[{"type":"CIMGeometricEffectDashes","dashTemplate":[5,5],"lineDashEnding":"NoConstraint","controlPointEnding":"NoConstraint"}],"enable":true,"primitiveName":"frame_outline","capStyle":"Butt","joinStyle":"Miter","lineStyle3D":"Strip","miterLimit":10,"width":5,"color":[0,0,0,255]}]}}],"scaleSymbolsProportionally":true,"respectFrame":true}],"haloSize":1,"scaleX":1,"angleAlignment":"Display","version":"2.0.0","build":"8933"}