{"type":"CIMPointSymbol","symbolLayers":[{"type":"CIMVectorMarker","enable":true,"anchorPointUnits":"Relative","dominantSizeAxis3D":"Z","size":64,"billboardMode3D":"FaceNearPlane","frame":{"xmin":0,"ymin":0,"xmax":612,"ymax":792},"markerGraphics":[{"type":"CIMMarkerGraphic","geometry":{"rings":[[[307,201],[320,203],[332,207],[345,215],[357,225],[368,239],[379,254],[399,294],[415,342],[427,396],[435,455],[437,517],[177,517],[179,455],[186,396],[198,342],[215,294],[235,254],[246,239],[257,225],[269,215],[281,207],[294,203],[307,201]]]},"symbol":{"type":"CIMPolygonSymbol","symbolLayers":[{"type":"CIMSolidFill","enable":true,"primitiveName":"frame_fill","color":[128,224,255,255]}]}},{"type":"CIMMarkerGraphic","geometry":{"paths":[[[437,517],[435,455],[427,396],[415,342],[399,294],[379,254],[368,239],[357,225],[345,215],[332,207],[320,203],[307,201],[294,203],[281,207],[269,215],[257,225],[246,239],[235,254],[215,294],[198,342],[186,396],[179,455],[177,517]]]},"symbol":{"type":"CIMPolygonSymbol","symbolLayers":[{"type":"CIMSolidStroke","enable":true,"primitiveName":"frame_outline","capStyle":"Butt","joinStyle":"Miter","lineStyle3D":"Strip","miterLimit":10,"width":5,"color":[0,0,0,255]}]}}],"scaleSymbolsProportionally":true,"respectFrame":true}],"haloSize":1,"scaleX":1,"angleAlignment":"Display","version":"2.0.0","build":"8933"}