{"type":"CIMPointSymbol","symbolLayers":[{"type":"CIMVectorMarker","enable":true,"anchorPointUnits":"Relative","dominantSizeAxis3D":"Z","size":64,"billboardMode3D":"FaceNearPlane","frame":{"xmin":0,"ymin":0,"xmax":612,"ymax":792},"markerGraphics":[{"type":"CIMMarkerGraphic","geometry":{"paths":[[[226.0,309.5],[226.7,315.7],[228.8,321.4],[232.2,326.5],[237.0,330.9],[243.0,334.5],[250.0,337.3],[257.8,338.9],[266.0,339.5],[274.2,338.9],[282.0,337.3],[289.0,334.5],[295.0,330.9],[299.8,326.5],[303.2,321.4],[305.3,315.7],[306.0,309.5],[306.7,315.7],[308.8,321.4],[312.2,326.5],[317.0,330.9],[323.0,334.5],[330.0,337.3],[337.8,338.9],[346.0,339.5],[354.2,338.9],[362.0,337.3],[369.0,334.5],[375.0,330.9],[379.8,326.5],[383.2,321.4],[385.3,315.7],[386.0,309.5]]]},"symbol":{"type":"CIMPolygonSymbol","symbolLayers":[{"type":"CIMSolidStroke","enable":true,"primitiveName":"icon_element","capStyle":"Butt","joinStyle":"Miter","lineStyle3D":"Strip","miterLimit":10,"width":5,"color":[0,0,0,255]}]}}],"scaleSymbolsProportionally":true,"respectFrame":true}],"haloSize":1,"scaleX":1,"angleAlignment":"Display","version":"2.0.0","build":"8933"}