{"type":"CIMPointSymbol","symbolLayers":[{"type":"CIMVectorMarker","enable":true,"anchorPointUnits":"Relative","dominantSizeAxis3D":"Z","size":64,"billboardMode3D":"FaceNearPlane","frame":{"xmin":0,"ymin":0,"xmax":612,"ymax":792},"markerGraphics":[{"type":"CIMMarkerGraphic","geometry":{"rings":[[[306.0,285.5],[310.9,285.9],[315.6,287.2],[320.1,289.3],[324.1,292.1],[327.5,295.5],[330.3,299.6],[332.4,304.0],[333.7,308.7],[334.1,313.6],[333.7,318.5],[332.4,323.2],[330.3,327.7],[327.5,331.7],[324.1,335.1],[320.1,337.9],[315.6,340.0],[310.9,341.3],[306.0,341.7],[301.1,341.3],[296.4,340.0],[291.9,337.9],[287.9,335.1],[284.5,331.7],[281.7,327.7],[279.6,323.2],[278.3,318.5],[277.9,313.6],[278.3,308.7],[279.6,304.0],[281.7,299.6],[284.5,295.5],[287.9,292.1],[291.9,289.3],[296.4,287.2],[301.1,285.9],[306.0,285.5]]]},"symbol":{"type":"CIMPolygonSymbol","symbolLayers":[{"type":"CIMSolidStroke","enable":true,"primitiveName":"icon_element","capStyle":"Round","joinStyle":"Miter","lineStyle3D":"Strip","miterLimit":10,"width":5,"color":[0,0,0,255]}]}}],"scaleSymbolsProportionally":true,"respectFrame":true}],"haloSize":1,"scaleX":1,"angleAlignment":"Display","version":"2.0.0","build":"8933"}