{"type":"CIMPointSymbol","symbolLayers":[{"type":"CIMVectorMarker","enable":true,"anchorPointUnits":"Relative","dominantSizeAxis3D":"Z","size":64,"billboardMode3D":"FaceNearPlane","frame":{"xmin":0,"ymin":0,"xmax":612,"ymax":792},"markerGraphics":[{"type":"CIMMarkerGraphic","geometry":{"rings":[[[396.0,392.0],[390.7,384.7],[382.8,378.3],[372.4,372.7],[359.8,368.2],[345.0,364.8],[328.6,362.6],[293.0,362.0],[262.8,365.6],[238.9,372.1],[230.0,376.2],[223.2,381.0],[218.5,386.2],[215.9,392.0],[214.9,400.8],[216.5,420.3],[215.9,429.0],[396.0,429.0],[396.0,392.0]],[[293.0,352.0],[313.1,351.7],[333.5,353.1],[352.5,356.0],[369.2,360.3],[382.8,365.6],[393.4,372.1],[400.8,379.6],[405.0,388.0],[406.9,401.1],[405.4,426.9],[406.0,439.0],[205.9,439.0],[206.5,428.2],[205.2,400.9],[206.9,388.0],[210.2,381.0],[215.8,374.6],[223.6,368.9],[233.7,363.9],[245.9,359.6],[260.2,356.2],[293.0,352.0]]]},"symbol":{"type":"CIMPolygonSymbol","symbolLayers":[{"type":"CIMSolidFill","enable":true,"primitiveName":"icon_element","color":[0,0,0,255]}]}},{"type":"CIMMarkerGraphic","geometry":{"rings":[[[205.9,439.0],[406.0,439.0],[405.4,426.9],[406.9,401.1],[405.0,388.0],[400.8,379.6],[393.4,372.1],[382.8,365.6],[369.2,360.3],[352.5,356.0],[333.5,353.1],[313.1,351.7],[293.0,352.0],[260.2,356.2],[245.9,359.6],[233.7,363.9],[223.6,368.9],[215.8,374.6],[210.2,381.0],[206.9,388.0],[205.2,400.9],[206.5,428.2],[205.9,439.0]],[[396.0,392.0],[396.0,429.0],[215.9,429.0],[216.5,420.3],[214.9,400.8],[215.9,392.0],[218.5,386.2],[223.2,381.0],[230.0,376.2],[238.9,372.1],[262.8,365.6],[293.0,362.0],[328.6,362.6],[345.0,364.8],[359.8,368.2],[372.4,372.7],[382.8,378.3],[390.7,384.7],[396.0,392.0]]]},"symbol":{"type":"CIMPolygonSymbol","symbolLayers":[{"type":"CIMSolidStroke","enable":true,"primitiveName":"icon_element","capStyle":"Round","joinStyle":"Miter","lineStyle3D":"Strip","miterLimit":10,"width":0.5,"color":[0,0,0,255]}]}}],"scaleSymbolsProportionally":true,"respectFrame":true}],"haloSize":1,"scaleX":1,"angleAlignment":"Display","version":"2.0.0","build":"8933"}