{"type":"CIMPointSymbol","symbolLayers":[{"type":"CIMVectorMarker","enable":true,"anchorPointUnits":"Relative","dominantSizeAxis3D":"Z","size":64,"billboardMode3D":"FaceNearPlane","frame":{"xmin":0,"ymin":0,"xmax":612,"ymax":792},"markerGraphics":[{"type":"CIMMarkerGraphic","geometry":{"paths":[[[157.16,399.6],[157.06,397.39],[156.76,395.2],[156.25,393.06],[155.56,390.99],[154.67,388.99],[153.6,387.1],[152.36,385.32],[150.96,383.68],[149.41,382.19],[147.74,380.87],[145.96,379.73],[144.08,378.79],[142.13,378.05],[140.12,377.51],[138.06,377.19],[135.98,377.08]]]},"symbol":{"type":"CIMPolygonSymbol","symbolLayers":[{"type":"CIMSolidStroke","enable":true,"primitiveName":"icon_element","capStyle":"Butt","joinStyle":"Miter","lineStyle3D":"Strip","miterLimit":10,"width":5,"color":[0,0,0,255]}]}},{"type":"CIMMarkerGraphic","geometry":{"paths":[[[157.2,398.7],[157.6,403.1],[158.8,407.3],[160.7,411.2],[163.4,414.7],[166.6,417.5],[170.2,419.5],[174.2,420.8],[178.3,421.2],[182.5,420.8],[186.4,419.5],[190.1,417.5],[193.3,414.7],[196.0,411.2],[197.9,407.3],[199.1,403.1],[199.5,398.7]]]},"symbol":{"type":"CIMPolygonSymbol","symbolLayers":[{"type":"CIMSolidStroke","enable":true,"primitiveName":"icon_element","capStyle":"Butt","joinStyle":"Miter","lineStyle3D":"Strip","miterLimit":10,"width":5,"color":[0,0,0,255]}]}},{"type":"CIMMarkerGraphic","geometry":{"paths":[[[242.1,399.6],[241.7,395.2],[240.5,391.0],[238.6,387.1],[235.9,383.7],[232.7,380.9],[229.1,378.8],[225.1,377.5],[221.0,377.1],[216.8,377.5],[212.9,378.8],[209.2,380.9],[206.0,383.7],[203.3,387.1],[201.4,391.0],[200.2,395.2],[199.8,399.6]]]},"symbol":{"type":"CIMPolygonSymbol","symbolLayers":[{"type":"CIMSolidStroke","enable":true,"primitiveName":"icon_element","capStyle":"Butt","joinStyle":"Miter","lineStyle3D":"Strip","miterLimit":10,"width":5,"color":[0,0,0,255]}]}},{"type":"CIMMarkerGraphic","geometry":{"paths":[[[242.1,398.7],[242.5,403.1],[243.7,407.3],[245.7,411.2],[248.3,414.7],[251.6,417.5],[255.2,419.5],[259.2,420.8],[263.3,421.2],[267.5,420.8],[271.4,419.5],[275.1,417.5],[278.3,414.7],[280.9,411.2],[282.9,407.3],[284.1,403.1],[284.5,398.7]]]},"symbol":{"type":"CIMPolygonSymbol","symbolLayers":[{"type":"CIMSolidStroke","enable":true,"primitiveName":"icon_element","capStyle":"Butt","joinStyle":"Miter","lineStyle3D":"Strip","miterLimit":10,"width":5,"color":[0,0,0,255]}]}},{"type":"CIMMarkerGraphic","geometry":{"paths":[[[326.9,399.6],[326.5,395.2],[325.3,391.0],[323.3,387.1],[320.7,383.7],[317.4,380.9],[313.8,378.8],[309.8,377.5],[305.7,377.1],[301.5,377.5],[297.6,378.8],[293.9,380.9],[290.7,383.7],[288.1,387.1],[286.1,391.0],[284.9,395.2],[284.5,399.6]]]},"symbol":{"type":"CIMPolygonSymbol","symbolLayers":[{"type":"CIMSolidStroke","enable":true,"primitiveName":"icon_element","capStyle":"Butt","joinStyle":"Miter","lineStyle3D":"Strip","miterLimit":10,"width":5,"color":[0,0,0,255]}]}},{"type":"CIMMarkerGraphic","geometry":{"paths":[[[326.9,398.7],[327.3,403.1],[328.5,407.3],[330.4,411.2],[333.1,414.7],[336.3,417.5],[339.9,419.5],[343.9,420.8],[348.0,421.2],[352.2,420.8],[356.1,419.5],[359.8,417.5],[363.0,414.7],[365.7,411.2],[367.6,407.3],[368.8,403.1],[369.2,398.7]]]},"symbol":{"type":"CIMPolygonSymbol","symbolLayers":[{"type":"CIMSolidStroke","enable":true,"primitiveName":"icon_element","capStyle":"Butt","joinStyle":"Miter","lineStyle3D":"Strip","miterLimit":10,"width":5,"color":[0,0,0,255]}]}},{"type":"CIMMarkerGraphic","geometry":{"paths":[[[411.6,399.6],[411.2,395.2],[410.0,391.0],[408.0,387.1],[405.4,383.7],[402.2,380.9],[398.5,378.8],[394.5,377.5],[390.4,377.1],[386.3,377.5],[382.3,378.8],[378.6,380.9],[375.4,383.7],[372.8,387.1],[370.8,391.0],[369.6,395.2],[369.2,399.6]]]},"symbol":{"type":"CIMPolygonSymbol","symbolLayers":[{"type":"CIMSolidStroke","enable":true,"primitiveName":"icon_element","capStyle":"Butt","joinStyle":"Miter","lineStyle3D":"Strip","miterLimit":10,"width":5,"color":[0,0,0,255]}]}},{"type":"CIMMarkerGraphic","geometry":{"paths":[[[411.6,398.7],[412.0,403.1],[413.2,407.3],[415.1,411.2],[417.8,414.7],[421.0,417.5],[424.7,419.5],[428.6,420.8],[432.8,421.2],[436.9,420.8],[440.9,419.5],[444.5,417.5],[447.7,414.7],[450.4,411.2],[452.3,407.3],[453.5,403.1],[453.9,398.7]]]},"symbol":{"type":"CIMPolygonSymbol","symbolLayers":[{"type":"CIMSolidStroke","enable":true,"primitiveName":"icon_element","capStyle":"Butt","joinStyle":"Miter","lineStyle3D":"Strip","miterLimit":10,"width":5,"color":[0,0,0,255]}]}},{"type":"CIMMarkerGraphic","geometry":{"paths":[[[475.12,377.08],[473.04,377.19],[470.98,377.51],[468.97,378.05],[467.02,378.79],[465.14,379.73],[463.36,380.87],[461.69,382.19],[460.14,383.68],[458.74,385.32],[457.5,387.1],[456.43,388.99],[455.54,390.99],[454.85,393.07],[454.34,395.2],[454.04,397.39],[453.94,399.6]]]},"symbol":{"type":"CIMPolygonSymbol","symbolLayers":[{"type":"CIMSolidStroke","enable":true,"primitiveName":"icon_element","capStyle":"Butt","joinStyle":"Miter","lineStyle3D":"Strip","miterLimit":10,"width":5,"color":[0,0,0,255]}]}}],"scaleSymbolsProportionally":true,"respectFrame":true}],"haloSize":1,"scaleX":1,"angleAlignment":"Display","version":"2.0.0","build":"8933"}