{"type":"CIMPointSymbol","symbolLayers":[{"type":"CIMVectorMarker","enable":true,"anchorPointUnits":"Relative","dominantSizeAxis3D":"Z","size":64,"billboardMode3D":"FaceNearPlane","frame":{"xmin":0,"ymin":0,"xmax":612,"ymax":792},"markerGraphics":[{"type":"CIMMarkerGraphic","geometry":{"paths":[[[217.5,316.5],[389.5,485.5]]]},"symbol":{"type":"CIMPolygonSymbol","symbolLayers":[{"type":"CIMSolidStroke","enable":true,"primitiveName":"icon_element","capStyle":"Butt","joinStyle":"Miter","lineStyle3D":"Strip","miterLimit":10,"width":5,"color":[0,0,0,255]}]}},{"type":"CIMMarkerGraphic","geometry":{"paths":[[[222.5,485.5],[399.5,316.5]]]},"symbol":{"type":"CIMPolygonSymbol","symbolLayers":[{"type":"CIMSolidStroke","enable":true,"primitiveName":"icon_element","capStyle":"Butt","joinStyle":"Miter","lineStyle3D":"Strip","miterLimit":10,"width":5,"color":[0,0,0,255]}]}},{"type":"CIMMarkerGraphic","geometry":{"paths":[[[172.94,403.6],[172.85,401.39],[172.57,399.2],[172.12,397.06],[171.48,394.99],[170.67,392.99],[169.7,391.1],[168.57,389.32],[167.29,387.68],[165.89,386.19],[164.36,384.87],[162.74,383.73],[161.03,382.79],[159.26,382.05],[157.42,381.51],[155.55,381.19],[153.66,381.08]]]},"symbol":{"type":"CIMPolygonSymbol","symbolLayers":[{"type":"CIMSolidStroke","enable":true,"primitiveName":"icon_element","capStyle":"Butt","joinStyle":"Miter","lineStyle3D":"Strip","miterLimit":10,"width":5,"color":[0,0,0,255]}]}},{"type":"CIMMarkerGraphic","geometry":{"paths":[[[172.9,402.7],[173.3,407.1],[174.4,411.3],[176.2,415.2],[178.6,418.7],[181.5,421.5],[184.8,423.5],[188.5,424.8],[192.2,425.2],[196.0,424.8],[199.6,423.5],[202.9,421.5],[205.9,418.7],[208.3,415.2],[210.0,411.3],[211.1,407.1],[211.5,402.7]]]},"symbol":{"type":"CIMPolygonSymbol","symbolLayers":[{"type":"CIMSolidStroke","enable":true,"primitiveName":"icon_element","capStyle":"Butt","joinStyle":"Miter","lineStyle3D":"Strip","miterLimit":10,"width":5,"color":[0,0,0,255]}]}},{"type":"CIMMarkerGraphic","geometry":{"paths":[[[250.3,403.6],[249.9,399.2],[248.8,395.0],[247.1,391.1],[244.7,387.7],[241.7,384.9],[238.4,382.8],[234.8,381.5],[231.0,381.1],[227.3,381.5],[223.6,382.8],[220.3,384.9],[217.4,387.7],[215.0,391.1],[213.2,395.0],[212.1,399.2],[211.7,403.6]]]},"symbol":{"type":"CIMPolygonSymbol","symbolLayers":[{"type":"CIMSolidStroke","enable":true,"primitiveName":"icon_element","capStyle":"Butt","joinStyle":"Miter","lineStyle3D":"Strip","miterLimit":10,"width":5,"color":[0,0,0,255]}]}},{"type":"CIMMarkerGraphic","geometry":{"paths":[[[250.3,402.7],[250.7,407.1],[251.8,411.3],[253.5,415.2],[256.0,418.7],[258.9,421.5],[262.2,423.5],[265.8,424.8],[269.6,425.2],[273.4,424.8],[277.0,423.5],[280.3,421.5],[283.2,418.7],[285.6,415.2],[287.4,411.3],[288.5,407.1],[288.9,402.7]]]},"symbol":{"type":"CIMPolygonSymbol","symbolLayers":[{"type":"CIMSolidStroke","enable":true,"primitiveName":"icon_element","capStyle":"Butt","joinStyle":"Miter","lineStyle3D":"Strip","miterLimit":10,"width":5,"color":[0,0,0,255]}]}},{"type":"CIMMarkerGraphic","geometry":{"paths":[[[327.4,403.6],[327.1,399.2],[326.0,395.0],[324.2,391.1],[321.8,387.7],[318.9,384.9],[315.5,382.8],[311.9,381.5],[308.2,381.1],[304.4,381.5],[300.8,382.8],[297.4,384.9],[294.5,387.7],[292.1,391.1],[290.3,395.0],[289.2,399.2],[288.9,403.6]]]},"symbol":{"type":"CIMPolygonSymbol","symbolLayers":[{"type":"CIMSolidStroke","enable":true,"primitiveName":"icon_element","capStyle":"Butt","joinStyle":"Miter","lineStyle3D":"Strip","miterLimit":10,"width":5,"color":[0,0,0,255]}]}},{"type":"CIMMarkerGraphic","geometry":{"paths":[[[327.4,402.7],[327.8,407.1],[328.9,411.3],[330.7,415.2],[333.1,418.7],[336.0,421.5],[339.3,423.5],[343.0,424.8],[346.7,425.2],[350.5,424.8],[354.1,423.5],[357.4,421.5],[360.4,418.7],[362.8,415.2],[364.5,411.3],[365.6,407.1],[366.0,402.7]]]},"symbol":{"type":"CIMPolygonSymbol","symbolLayers":[{"type":"CIMSolidStroke","enable":true,"primitiveName":"icon_element","capStyle":"Butt","joinStyle":"Miter","lineStyle3D":"Strip","miterLimit":10,"width":5,"color":[0,0,0,255]}]}},{"type":"CIMMarkerGraphic","geometry":{"paths":[[[404.6,403.6],[404.2,399.2],[403.1,395.0],[401.3,391.1],[398.9,387.7],[396.0,384.9],[392.7,382.8],[389.0,381.5],[385.3,381.1],[381.5,381.5],[377.9,382.8],[374.6,384.9],[371.6,387.7],[369.2,391.1],[367.5,395.0],[366.4,399.2],[366.0,403.6]]]},"symbol":{"type":"CIMPolygonSymbol","symbolLayers":[{"type":"CIMSolidStroke","enable":true,"primitiveName":"icon_element","capStyle":"Butt","joinStyle":"Miter","lineStyle3D":"Strip","miterLimit":10,"width":5,"color":[0,0,0,255]}]}},{"type":"CIMMarkerGraphic","geometry":{"paths":[[[404.6,402.7],[404.9,407.1],[406.0,411.3],[407.8,415.2],[410.2,418.7],[413.1,421.5],[416.5,423.5],[420.1,424.8],[423.8,425.2],[427.6,424.8],[431.2,423.5],[434.6,421.5],[437.5,418.7],[439.9,415.2],[441.7,411.3],[442.8,407.1],[443.1,402.7]]]},"symbol":{"type":"CIMPolygonSymbol","symbolLayers":[{"type":"CIMSolidStroke","enable":true,"primitiveName":"icon_element","capStyle":"Butt","joinStyle":"Miter","lineStyle3D":"Strip","miterLimit":10,"width":5,"color":[0,0,0,255]}]}},{"type":"CIMMarkerGraphic","geometry":{"paths":[[[462.42,381.08],[460.52,381.19],[458.65,381.51],[456.82,382.05],[455.04,382.79],[453.33,383.73],[451.71,384.87],[450.19,386.19],[448.78,387.68],[447.51,389.32],[446.38,391.1],[445.4,392.99],[444.59,394.99],[443.96,397.06],[443.5,399.2],[443.23,401.39],[443.13,403.6]]]},"symbol":{"type":"CIMPolygonSymbol","symbolLayers":[{"type":"CIMSolidStroke","enable":true,"primitiveName":"icon_element","capStyle":"Butt","joinStyle":"Miter","lineStyle3D":"Strip","miterLimit":10,"width":5,"color":[0,0,0,255]}]}}],"scaleSymbolsProportionally":true,"respectFrame":true}],"haloSize":1,"scaleX":1,"angleAlignment":"Display","version":"2.0.0","build":"8933"}