{"type":"CIMPointSymbol","symbolLayers":[{"type":"CIMVectorMarker","enable":true,"anchorPointUnits":"Relative","dominantSizeAxis3D":"Z","size":64,"billboardMode3D":"FaceNearPlane","frame":{"xmin":0,"ymin":0,"xmax":612,"ymax":792},"markerGraphics":[{"type":"CIMMarkerGraphic","geometry":{"paths":[[[438.0,528.0],[174.0,264.0]]]},"symbol":{"type":"CIMPolygonSymbol","symbolLayers":[{"type":"CIMSolidStroke","enable":true,"primitiveName":"icon_element","capStyle":"Butt","joinStyle":"Miter","lineStyle3D":"Strip","miterLimit":10,"width":5,"color":[0,0,0,255]}]}},{"type":"CIMMarkerGraphic","geometry":{"paths":[[[174.0,528.0],[438.0,264.0]]]},"symbol":{"type":"CIMPolygonSymbol","symbolLayers":[{"type":"CIMSolidStroke","enable":true,"primitiveName":"icon_element","capStyle":"Butt","joinStyle":"Miter","lineStyle3D":"Strip","miterLimit":10,"width":5,"color":[0,0,0,255]}]}},{"type":"CIMMarkerGraphic","geometry":{"rings":[[[246.0,443.3],[236.7,442.5],[228.1,440.1],[220.5,436.1],[213.9,430.6],[208.4,423.7],[204.4,415.5],[201.9,406.5],[201.0,397.0],[201.9,387.5],[204.4,378.5],[208.4,370.4],[213.9,363.4],[220.5,357.9],[228.1,354.0],[236.7,351.6],[246.0,350.8],[366.0,350.8],[375.3,351.6],[383.9,354.0],[391.5,357.9],[398.1,363.4],[403.6,370.4],[407.6,378.5],[410.1,387.5],[411.0,397.0],[410.1,406.5],[407.6,415.5],[403.6,423.7],[398.1,430.6],[391.5,436.1],[383.9,440.1],[375.3,442.5],[366.0,443.3],[246.0,443.3]]]},"symbol":{"type":"CIMPolygonSymbol","symbolLayers":[{"type":"CIMSolidStroke","enable":true,"primitiveName":"icon_element","capStyle":"Round","joinStyle":"Miter","lineStyle3D":"Strip","miterLimit":10,"width":5,"color":[0,0,0,255]}]}}],"scaleSymbolsProportionally":true,"respectFrame":true}],"haloSize":1,"scaleX":1,"angleAlignment":"Display","version":"2.0.0","build":"8933"}