{"type":"CIMPointSymbol","symbolLayers":[{"type":"CIMVectorMarker","enable":true,"anchorPointUnits":"Relative","dominantSizeAxis3D":"Z","size":64,"billboardMode3D":"FaceNearPlane","frame":{"xmin":0,"ymin":0,"xmax":612,"ymax":792},"markerGraphics":[{"type":"CIMMarkerGraphic","geometry":{"rings":[[[388.0,364.3],[394.8,364.9],[401.3,366.8],[407.3,369.7],[412.6,373.7],[416.9,378.6],[420.1,384.2],[422.0,390.2],[422.7,396.5],[422.0,402.7],[420.1,408.7],[416.9,414.3],[412.6,419.2],[407.3,423.2],[401.3,426.1],[394.8,428.0],[388.0,428.6],[376.4,426.5],[358.3,420.3],[334.1,409.9],[306.3,396.5],[334.1,383.1],[358.3,372.7],[376.4,366.4],[388.0,364.3]]]},"symbol":{"type":"CIMPolygonSymbol","symbolLayers":[{"type":"CIMSolidFill","enable":true,"primitiveName":"icon_element","color":[0,0,0,255]}]}},{"type":"CIMMarkerGraphic","geometry":{"rings":[[[422.7,396.5],[422.0,390.2],[420.1,384.2],[416.9,378.6],[412.6,373.7],[407.3,369.7],[401.3,366.8],[394.8,364.9],[388.0,364.3],[376.4,366.4],[358.3,372.7],[334.1,383.1],[306.3,396.5],[334.1,409.9],[358.3,420.3],[376.4,426.5],[388.0,428.6],[394.8,428.0],[401.3,426.1],[407.3,423.2],[412.6,419.2],[416.9,414.3],[420.1,408.7],[422.0,402.7],[422.7,396.5]]]},"symbol":{"type":"CIMPolygonSymbol","symbolLayers":[{"type":"CIMSolidStroke","enable":true,"primitiveName":"icon_element","capStyle":"Round","joinStyle":"Miter","lineStyle3D":"Strip","miterLimit":10,"width":1,"color":[0,0,0,255]}]}},{"type":"CIMMarkerGraphic","geometry":{"rings":[[[222.3,363.5],[234.1,365.6],[252.5,372.0],[277.1,382.6],[305.4,396.2],[277.1,409.8],[252.5,420.4],[234.1,426.7],[222.3,428.8],[215.4,428.2],[208.8,426.4],[202.7,423.4],[197.3,419.3],[192.9,414.3],[189.7,408.7],[187.7,402.6],[187.0,396.2],[187.7,389.8],[189.7,383.7],[192.9,378.0],[197.3,373.1],[202.7,369.0],[208.8,366.0],[215.4,364.1],[222.3,363.5]]]},"symbol":{"type":"CIMPolygonSymbol","symbolLayers":[{"type":"CIMSolidFill","enable":true,"primitiveName":"icon_element","color":[0,0,0,255]}]}},{"type":"CIMMarkerGraphic","geometry":{"rings":[[[187.0,396.2],[187.7,402.6],[189.7,408.7],[192.9,414.3],[197.3,419.3],[202.7,423.4],[208.8,426.4],[215.4,428.2],[222.3,428.8],[234.1,426.7],[252.5,420.4],[277.1,409.8],[305.4,396.2],[277.1,382.6],[252.5,372.0],[234.1,365.6],[222.3,363.5],[215.4,364.1],[208.8,366.0],[202.7,369.0],[197.3,373.1],[192.9,378.0],[189.7,383.7],[187.7,389.8],[187.0,396.2]]]},"symbol":{"type":"CIMPolygonSymbol","symbolLayers":[{"type":"CIMSolidStroke","enable":true,"primitiveName":"icon_element","capStyle":"Round","joinStyle":"Miter","lineStyle3D":"Strip","miterLimit":10,"width":1,"color":[0,0,0,255]}]}}],"scaleSymbolsProportionally":true,"respectFrame":true}],"haloSize":1,"scaleX":1,"angleAlignment":"Display","version":"2.0.0","build":"8933"}