{"type":"CIMPointSymbol","symbolLayers":[{"type":"CIMVectorMarker","enable":true,"anchorPointUnits":"Relative","dominantSizeAxis3D":"Z","size":64,"billboardMode3D":"FaceNearPlane","frame":{"xmin":0,"ymin":0,"xmax":612,"ymax":792},"markerGraphics":[{"type":"CIMMarkerGraphic","geometry":{"rings":[[[265.0,347.7],[272.5,348.7],[275.3,350.0],[277.5,351.8],[279.1,354.0],[280.1,356.8],[280.2,363.9],[305.2,386.5],[319.5,372.9],[329.9,364.4],[330.2,359.4],[331.8,354.6],[335.5,350.2],[340.9,348.0],[344.7,347.7],[350.4,348.4],[354.9,350.5],[358.0,353.9],[359.9,358.7],[344.4,367.5],[331.2,376.6],[320.4,385.7],[311.9,395.1],[317.8,402.9],[322.0,411.4],[324.6,420.4],[325.4,430.0],[324.8,436.6],[322.8,444.3],[319.3,432.4],[315.1,421.7],[310.4,412.3],[305.0,404.1],[299.8,412.6],[295.5,421.4],[291.9,430.7],[289.3,440.2],[287.9,441.7],[286.2,442.1],[285.2,429.1],[286.0,420.7],[288.5,412.2],[292.6,403.5],[298.3,394.6],[289.4,385.4],[278.5,376.3],[265.4,367.4],[250.3,358.7],[251.9,353.9],[254.9,350.5],[259.3,348.4],[265.0,347.7]]]},"symbol":{"type":"CIMPolygonSymbol","symbolLayers":[{"type":"CIMSolidFill","enable":true,"colorLocked":true,"color":[0,0,0,255]}]}},{"type":"CIMMarkerGraphic","geometry":{"rings":[[[270.13,355.81],[271.64,356.87],[272.72,357.9],[273.36,358.89],[273.52,359.38],[273.58,359.86],[273.1,362.23],[272.38,364.13],[258.83,356.53],[259.45,355.86],[260.14,355.28],[260.88,354.79],[261.68,354.38],[262.54,354.07],[263.46,353.85],[265.49,353.67],[270.13,355.81]]]},"symbol":{"type":"CIMPolygonSymbol","symbolLayers":[{"type":"CIMSolidFill","enable":true,"primitiveName":"icon_element","color":[255,255,255,255]}]}},{"type":"CIMMarkerGraphic","geometry":{"rings":[[[348.48,354.39],[351.33,356.53],[337.54,363.9],[336.59,361.28],[336.76,360.17],[337.28,358.99],[338.13,357.73],[339.32,356.41],[340.68,355.21],[342.02,354.36],[343.36,353.84],[344.68,353.67],[348.48,354.39]]]},"symbol":{"type":"CIMPolygonSymbol","symbolLayers":[{"type":"CIMSolidFill","enable":true,"primitiveName":"icon_element","color":[255,255,255,255]}]}},{"type":"CIMMarkerGraphic","geometry":{"x":245.000503540039063,"y":450.791961669921875},"symbol":{"type":"CIMTextSymbol","blockProgression":"TTB","depth3D":1,"extrapolateBaselines":true,"fontEffects":"Normal","fontEncoding":"Unicode","fontFamilyName":"Arial","fontType":"Unspecified","haloSize":1,"height":60,"hinting":"Default","horizontalAlignment":"Left","kerning":true,"letterWidth":100,"ligatures":true,"lineGapType":"ExtraLeading","symbol":{"type":"CIMPolygonSymbol","symbolLayers":[{"type":"CIMSolidFill","enable":true,"colorLocked":true,"color":[0,0,0,255]}]},"textCase":"Normal","textDirection":"LTR","verticalAlignment":"Baseline","verticalGlyphOrientation":"Right","wordSpacing":100,"billboardMode3D":"FaceNearPlane"},"textString":"SOF","primitiveName":"icon_element"}],"scaleSymbolsProportionally":true,"respectFrame":true}],"haloSize":1,"scaleX":1,"angleAlignment":"Display","version":"2.0.0","build":"8933"}