{"type":"CIMPointSymbol","symbolLayers":[{"type":"CIMVectorMarker","enable":true,"anchorPointUnits":"Relative","dominantSizeAxis3D":"Z","size":64,"billboardMode3D":"FaceNearPlane","frame":{"xmin":0,"ymin":0,"xmax":612,"ymax":792},"markerGraphics":[{"type":"CIMMarkerGraphic","geometry":{"rings":[[[334.3,346.8],[305.9,395.5],[277.9,346.6],[334.3,346.8]]]},"symbol":{"type":"CIMPolygonSymbol","symbolLayers":[{"type":"CIMSolidFill","enable":true,"primitiveName":"icon_element","color":[0,0,0,255]}]}},{"type":"CIMMarkerGraphic","geometry":{"rings":[[[277.9,346.6],[305.9,395.5],[334.3,346.8],[277.9,346.6]]]},"symbol":{"type":"CIMPolygonSymbol","symbolLayers":[{"type":"CIMSolidStroke","enable":true,"primitiveName":"icon_element","capStyle":"Round","joinStyle":"Miter","lineStyle3D":"Strip","miterLimit":10,"width":1,"color":[0,0,0,255]}]}},{"type":"CIMMarkerGraphic","geometry":{"rings":[[[356.5,375.7],[360.7,376.1],[364.7,377.2],[368.4,379.1],[371.6,381.5],[374.3,384.5],[376.3,388.0],[377.5,391.7],[377.9,395.6],[377.5,399.4],[376.3,403.1],[374.3,406.6],[371.6,409.6],[368.4,412.1],[364.7,413.9],[360.7,415.0],[356.5,415.4],[349.3,414.1],[338.2,410.3],[323.2,403.8],[306.0,395.6],[323.2,387.3],[338.2,380.9],[349.3,377.0],[356.5,375.7]]]},"symbol":{"type":"CIMPolygonSymbol","symbolLayers":[{"type":"CIMSolidFill","enable":true,"primitiveName":"icon_element","color":[0,0,0,255]}]}},{"type":"CIMMarkerGraphic","geometry":{"rings":[[[377.9,395.6],[377.5,391.7],[376.3,388.0],[374.3,384.5],[371.6,381.5],[368.4,379.1],[364.7,377.2],[360.7,376.1],[356.5,375.7],[349.3,377.0],[338.2,380.9],[323.2,387.3],[306.0,395.6],[323.2,403.8],[338.2,410.3],[349.3,414.1],[356.5,415.4],[360.7,415.0],[364.7,413.9],[368.4,412.1],[371.6,409.6],[374.3,406.6],[376.3,403.1],[377.5,399.4],[377.9,395.6]]]},"symbol":{"type":"CIMPolygonSymbol","symbolLayers":[{"type":"CIMSolidStroke","enable":true,"primitiveName":"icon_element","capStyle":"Round","joinStyle":"Miter","lineStyle3D":"Strip","miterLimit":10,"width":1,"color":[0,0,0,255]}]}},{"type":"CIMMarkerGraphic","geometry":{"rings":[[[255.5,375.7],[262.7,377.0],[273.8,380.9],[288.8,387.3],[306.0,395.6],[288.8,403.8],[273.8,410.3],[262.7,414.1],[255.5,415.4],[251.3,415.0],[247.3,413.9],[243.6,412.1],[240.4,409.6],[237.7,406.6],[235.7,403.2],[234.5,399.4],[234.1,395.6],[234.5,391.7],[235.7,388.0],[237.7,384.5],[240.4,381.5],[243.6,379.1],[247.3,377.2],[251.3,376.1],[255.5,375.7]]]},"symbol":{"type":"CIMPolygonSymbol","symbolLayers":[{"type":"CIMSolidFill","enable":true,"primitiveName":"icon_element","color":[0,0,0,255]}]}},{"type":"CIMMarkerGraphic","geometry":{"rings":[[[234.1,395.6],[234.5,399.4],[235.7,403.2],[237.7,406.6],[240.4,409.6],[243.6,412.1],[247.3,413.9],[251.3,415.0],[255.5,415.4],[262.7,414.1],[273.8,410.3],[288.8,403.8],[306.0,395.6],[288.8,387.3],[273.8,380.9],[262.7,377.0],[255.5,375.7],[251.3,376.1],[247.3,377.2],[243.6,379.1],[240.4,381.5],[237.7,384.5],[235.7,388.0],[234.5,391.7],[234.1,395.6]]]},"symbol":{"type":"CIMPolygonSymbol","symbolLayers":[{"type":"CIMSolidStroke","enable":true,"primitiveName":"icon_element","capStyle":"Round","joinStyle":"Miter","lineStyle3D":"Strip","miterLimit":10,"width":1,"color":[0,0,0,255]}]}},{"type":"CIMMarkerGraphic","geometry":{"rings":[[[334.7,444.7],[277.7,444.9],[306.0,395.5],[334.7,444.7]]]},"symbol":{"type":"CIMPolygonSymbol","symbolLayers":[{"type":"CIMSolidFill","enable":true,"primitiveName":"icon_element","color":[0,0,0,255]}]}},{"type":"CIMMarkerGraphic","geometry":{"rings":[[[277.7,444.9],[334.7,444.7],[306.0,395.5],[277.7,444.9]]]},"symbol":{"type":"CIMPolygonSymbol","symbolLayers":[{"type":"CIMSolidStroke","enable":true,"primitiveName":"icon_element","capStyle":"Round","joinStyle":"Miter","lineStyle3D":"Strip","miterLimit":10,"width":1,"color":[0,0,0,255]}]}}],"scaleSymbolsProportionally":true,"respectFrame":true}],"haloSize":1,"scaleX":1,"angleAlignment":"Display","version":"2.0.0","build":"8933"}