{"type":"CIMPointSymbol","symbolLayers":[{"type":"CIMVectorMarker","enable":true,"anchorPointUnits":"Relative","dominantSizeAxis3D":"Z","size":64,"billboardMode3D":"FaceNearPlane","frame":{"xmin":0,"ymin":0,"xmax":612,"ymax":792},"markerGraphics":[{"type":"CIMMarkerGraphic","geometry":{"paths":[[[178.34,421.25],[180.43,421.14],[182.48,420.82],[184.49,420.29],[186.44,419.54],[188.32,418.6],[190.1,417.46],[191.77,416.14],[193.32,414.65],[194.72,413.01],[195.96,411.23],[197.03,409.34],[197.92,407.34],[198.62,405.27],[199.12,403.13],[199.42,400.95],[199.52,398.73]]]},"symbol":{"type":"CIMPolygonSymbol","symbolLayers":[{"type":"CIMSolidStroke","enable":true,"primitiveName":"icon_element","capStyle":"Butt","joinStyle":"Miter","lineStyle3D":"Strip","miterLimit":10,"width":5,"color":[0,0,0,255]}]}},{"type":"CIMMarkerGraphic","geometry":{"paths":[[[242.1,399.6],[241.7,395.2],[240.5,391.0],[238.6,387.1],[235.9,383.7],[232.7,380.9],[229.1,378.8],[225.1,377.5],[221.0,377.1],[216.8,377.5],[212.9,378.8],[209.2,380.9],[206.0,383.7],[203.3,387.1],[201.4,391.0],[200.2,395.2],[199.8,399.6]]]},"symbol":{"type":"CIMPolygonSymbol","symbolLayers":[{"type":"CIMSolidStroke","enable":true,"primitiveName":"icon_element","capStyle":"Butt","joinStyle":"Miter","lineStyle3D":"Strip","miterLimit":10,"width":5,"color":[0,0,0,255]}]}},{"type":"CIMMarkerGraphic","geometry":{"paths":[[[242.1,398.7],[242.5,403.1],[243.7,407.3],[245.7,411.2],[248.3,414.7],[251.6,417.5],[255.2,419.5],[259.2,420.8],[263.3,421.2],[267.5,420.8],[271.4,419.5],[275.1,417.5],[278.3,414.7],[280.9,411.2],[282.9,407.3],[284.1,403.1],[284.5,398.7]]]},"symbol":{"type":"CIMPolygonSymbol","symbolLayers":[{"type":"CIMSolidStroke","enable":true,"primitiveName":"icon_element","capStyle":"Butt","joinStyle":"Miter","lineStyle3D":"Strip","miterLimit":10,"width":5,"color":[0,0,0,255]}]}},{"type":"CIMMarkerGraphic","geometry":{"paths":[[[326.9,399.6],[326.5,395.2],[325.3,391.0],[323.3,387.1],[320.7,383.7],[317.4,380.9],[313.8,378.8],[309.8,377.5],[305.7,377.1],[301.5,377.5],[297.6,378.8],[293.9,380.9],[290.7,383.7],[288.1,387.1],[286.1,391.0],[284.9,395.2],[284.5,399.6]]]},"symbol":{"type":"CIMPolygonSymbol","symbolLayers":[{"type":"CIMSolidStroke","enable":true,"primitiveName":"icon_element","capStyle":"Butt","joinStyle":"Miter","lineStyle3D":"Strip","miterLimit":10,"width":5,"color":[0,0,0,255]}]}},{"type":"CIMMarkerGraphic","geometry":{"paths":[[[326.9,398.7],[327.3,403.1],[328.5,407.3],[330.4,411.2],[333.1,414.7],[336.3,417.5],[339.9,419.5],[343.9,420.8],[348.0,421.2],[352.2,420.8],[356.1,419.5],[359.8,417.5],[363.0,414.7],[365.7,411.2],[367.6,407.3],[368.8,403.1],[369.2,398.7]]]},"symbol":{"type":"CIMPolygonSymbol","symbolLayers":[{"type":"CIMSolidStroke","enable":true,"primitiveName":"icon_element","capStyle":"Butt","joinStyle":"Miter","lineStyle3D":"Strip","miterLimit":10,"width":5,"color":[0,0,0,255]}]}},{"type":"CIMMarkerGraphic","geometry":{"paths":[[[411.6,399.6],[411.2,395.2],[410.0,391.0],[408.0,387.1],[405.4,383.7],[402.2,380.9],[398.5,378.8],[394.5,377.5],[390.4,377.1],[386.3,377.5],[382.3,378.8],[378.6,380.9],[375.4,383.7],[372.8,387.1],[370.8,391.0],[369.6,395.2],[369.2,399.6]]]},"symbol":{"type":"CIMPolygonSymbol","symbolLayers":[{"type":"CIMSolidStroke","enable":true,"primitiveName":"icon_element","capStyle":"Butt","joinStyle":"Miter","lineStyle3D":"Strip","miterLimit":10,"width":5,"color":[0,0,0,255]}]}},{"type":"CIMMarkerGraphic","geometry":{"paths":[[[411.58,398.73],[411.68,400.95],[411.98,403.13],[412.49,405.27],[413.18,407.34],[414.07,409.34],[415.14,411.24],[416.38,413.01],[417.78,414.65],[419.33,416.14],[421.0,417.46],[422.78,418.6],[424.66,419.54],[426.61,420.29],[428.62,420.82],[430.68,421.14],[432.76,421.25]]]},"symbol":{"type":"CIMPolygonSymbol","symbolLayers":[{"type":"CIMSolidStroke","enable":true,"primitiveName":"icon_element","capStyle":"Butt","joinStyle":"Miter","lineStyle3D":"Strip","miterLimit":10,"width":5,"color":[0,0,0,255]}]}}],"scaleSymbolsProportionally":true,"respectFrame":true}],"haloSize":1,"scaleX":1,"angleAlignment":"Display","version":"2.0.0","build":"8933"}