{"type":"CIMPointSymbol","symbolLayers":[{"type":"CIMVectorMarker","enable":true,"anchorPointUnits":"Relative","dominantSizeAxis3D":"Z","size":64,"billboardMode3D":"FaceNearPlane","frame":{"xmin":0,"ymin":0,"xmax":612,"ymax":792},"markerGraphics":[{"type":"CIMMarkerGraphic","geometry":{"paths":[[[156.4,396.6],[156.3,394.39],[155.99,392.2],[155.48,390.07],[154.77,387.99],[153.87,385.99],[152.78,384.1],[151.52,382.32],[150.1,380.68],[148.54,379.19],[146.84,377.87],[145.03,376.73],[143.13,375.79],[141.15,375.05],[139.11,374.51],[137.02,374.19],[134.91,374.08]]]},"symbol":{"type":"CIMPolygonSymbol","symbolLayers":[{"type":"CIMSolidStroke","enable":true,"primitiveName":"icon_element","capStyle":"Butt","joinStyle":"Miter","lineStyle3D":"Strip","miterLimit":10,"width":5,"color":[0,0,0,255]}]}},{"type":"CIMMarkerGraphic","geometry":{"paths":[[[156.4,395.7],[156.8,400.1],[158.0,404.3],[160.0,408.2],[162.7,411.7],[166.0,414.5],[169.7,416.5],[173.7,417.8],[177.9,418.2],[182.1,417.8],[186.1,416.5],[189.8,414.5],[193.1,411.7],[195.8,408.2],[197.7,404.3],[199.0,400.1],[199.4,395.7]]]},"symbol":{"type":"CIMPolygonSymbol","symbolLayers":[{"type":"CIMSolidStroke","enable":true,"primitiveName":"icon_element","capStyle":"Butt","joinStyle":"Miter","lineStyle3D":"Strip","miterLimit":10,"width":5,"color":[0,0,0,255]}]}},{"type":"CIMMarkerGraphic","geometry":{"paths":[[[242.6,396.6],[242.2,392.2],[241.0,388.0],[239.0,384.1],[236.3,380.7],[233.0,377.9],[229.3,375.8],[225.3,374.5],[221.1,374.1],[216.9,374.5],[212.9,375.8],[209.2,377.9],[205.9,380.7],[203.2,384.1],[201.3,388.0],[200.0,392.2],[199.6,396.6]]]},"symbol":{"type":"CIMPolygonSymbol","symbolLayers":[{"type":"CIMSolidStroke","enable":true,"primitiveName":"icon_element","capStyle":"Butt","joinStyle":"Miter","lineStyle3D":"Strip","miterLimit":10,"width":5,"color":[0,0,0,255]}]}},{"type":"CIMMarkerGraphic","geometry":{"paths":[[[242.6,395.7],[243.0,400.1],[244.2,404.3],[246.2,408.2],[248.9,411.7],[252.2,414.5],[255.9,416.5],[259.9,417.8],[264.1,418.2],[268.3,417.8],[272.3,416.5],[276.0,414.5],[279.3,411.7],[282.0,408.2],[284.0,404.3],[285.2,400.1],[285.6,395.7]]]},"symbol":{"type":"CIMPolygonSymbol","symbolLayers":[{"type":"CIMSolidStroke","enable":true,"primitiveName":"icon_element","capStyle":"Butt","joinStyle":"Miter","lineStyle3D":"Strip","miterLimit":10,"width":5,"color":[0,0,0,255]}]}},{"type":"CIMMarkerGraphic","geometry":{"paths":[[[328.6,396.6],[328.1,392.2],[326.9,388.0],[324.9,384.1],[322.3,380.7],[319.0,377.9],[315.3,375.8],[311.3,374.5],[307.1,374.1],[302.9,374.5],[298.9,375.8],[295.1,377.9],[291.9,380.7],[289.2,384.1],[287.2,388.0],[286.0,392.2],[285.6,396.6]]]},"symbol":{"type":"CIMPolygonSymbol","symbolLayers":[{"type":"CIMSolidStroke","enable":true,"primitiveName":"icon_element","capStyle":"Butt","joinStyle":"Miter","lineStyle3D":"Strip","miterLimit":10,"width":5,"color":[0,0,0,255]}]}},{"type":"CIMMarkerGraphic","geometry":{"paths":[[[328.6,395.7],[329.0,400.1],[330.2,404.3],[332.2,408.2],[334.8,411.7],[338.1,414.5],[341.8,416.5],[345.8,417.8],[350.0,418.2],[354.2,417.8],[358.3,416.5],[362.0,414.5],[365.2,411.7],[367.9,408.2],[369.9,404.3],[371.1,400.1],[371.5,395.7]]]},"symbol":{"type":"CIMPolygonSymbol","symbolLayers":[{"type":"CIMSolidStroke","enable":true,"primitiveName":"icon_element","capStyle":"Butt","joinStyle":"Miter","lineStyle3D":"Strip","miterLimit":10,"width":5,"color":[0,0,0,255]}]}},{"type":"CIMMarkerGraphic","geometry":{"paths":[[[414.5,396.6],[414.1,392.2],[412.9,388.0],[410.9,384.1],[408.2,380.7],[404.9,377.9],[401.2,375.8],[397.2,374.5],[393.0,374.1],[388.8,374.5],[384.8,375.8],[381.1,377.9],[377.8,380.7],[375.1,384.1],[373.2,388.0],[371.9,392.2],[371.5,396.6]]]},"symbol":{"type":"CIMPolygonSymbol","symbolLayers":[{"type":"CIMSolidStroke","enable":true,"primitiveName":"icon_element","capStyle":"Butt","joinStyle":"Miter","lineStyle3D":"Strip","miterLimit":10,"width":5,"color":[0,0,0,255]}]}},{"type":"CIMMarkerGraphic","geometry":{"paths":[[[414.5,395.7],[414.9,400.1],[416.1,404.3],[418.1,408.2],[420.8,411.7],[424.1,414.5],[427.8,416.5],[431.8,417.8],[436.0,418.2],[440.2,417.8],[444.2,416.5],[447.9,414.5],[451.2,411.7],[453.9,408.2],[455.9,404.3],[457.1,400.1],[457.5,395.7]]]},"symbol":{"type":"CIMPolygonSymbol","symbolLayers":[{"type":"CIMSolidStroke","enable":true,"primitiveName":"icon_element","capStyle":"Butt","joinStyle":"Miter","lineStyle3D":"Strip","miterLimit":10,"width":5,"color":[0,0,0,255]}]}},{"type":"CIMMarkerGraphic","geometry":{"paths":[[[478.97,374.08],[476.85,374.19],[474.77,374.51],[472.73,375.05],[470.75,375.79],[468.85,376.73],[467.04,377.87],[465.34,379.19],[463.77,380.68],[462.35,382.32],[461.1,384.1],[460.01,385.99],[459.11,387.99],[458.4,390.06],[457.89,392.2],[457.59,394.39],[457.48,396.6]]]},"symbol":{"type":"CIMPolygonSymbol","symbolLayers":[{"type":"CIMSolidStroke","enable":true,"primitiveName":"icon_element","capStyle":"Butt","joinStyle":"Miter","lineStyle3D":"Strip","miterLimit":10,"width":5,"color":[0,0,0,255]}]}},{"type":"CIMMarkerGraphic","geometry":{"rings":[[[246.0,442.3],[236.7,441.5],[228.1,439.1],[220.5,435.1],[213.9,429.6],[208.4,422.7],[204.4,414.5],[201.9,405.5],[201.0,396.0],[201.9,386.5],[204.4,377.5],[208.4,369.4],[213.9,362.4],[220.5,356.9],[228.1,353.0],[236.7,350.6],[246.0,349.8],[366.0,349.8],[375.3,350.6],[383.9,353.0],[391.5,356.9],[398.1,362.4],[403.6,369.4],[407.6,377.5],[410.1,386.5],[411.0,396.0],[410.1,405.5],[407.6,414.5],[403.6,422.7],[398.1,429.6],[391.5,435.1],[383.9,439.1],[375.3,441.5],[366.0,442.3],[246.0,442.3]]]},"symbol":{"type":"CIMPolygonSymbol","symbolLayers":[{"type":"CIMSolidStroke","enable":true,"primitiveName":"icon_element","capStyle":"Round","joinStyle":"Miter","lineStyle3D":"Strip","miterLimit":10,"width":5,"color":[0,0,0,255]}]}}],"scaleSymbolsProportionally":true,"respectFrame":true}],"haloSize":1,"scaleX":1,"angleAlignment":"Display","version":"2.0.0","build":"8933"}