{"type":"CIMPointSymbol","symbolLayers":[{"type":"CIMVectorMarker","enable":true,"anchorPointUnits":"Relative","dominantSizeAxis3D":"Z","size":64,"billboardMode3D":"FaceNearPlane","frame":{"xmin":0,"ymin":0,"xmax":612,"ymax":792},"markerGraphics":[{"type":"CIMMarkerGraphic","geometry":{"rings":[[[300.5,467.9],[306.5,483.5],[312.5,467.9],[300.5,467.9]]]},"symbol":{"type":"CIMPolygonSymbol","symbolLayers":[{"type":"CIMSolidStroke","enable":true,"primitiveName":"icon_element","capStyle":"Round","joinStyle":"Miter","lineStyle3D":"Strip","miterLimit":10,"width":3.0000001192092896,"color":[0,0,0,255]}]}},{"type":"CIMMarkerGraphic","geometry":{"paths":[[[306.5,483.5],[306.5,375.5]]]},"symbol":{"type":"CIMPolygonSymbol","symbolLayers":[{"type":"CIMSolidStroke","enable":true,"primitiveName":"icon_element","capStyle":"Butt","joinStyle":"Miter","lineStyle3D":"Strip","miterLimit":10,"width":3.0000001192092896,"color":[0,0,0,255]}]}},{"type":"CIMMarkerGraphic","geometry":{"rings":[[[306.5,358.7],[307.85,358.82],[309.17,359.17],[310.4,359.74],[311.51,360.52],[312.48,361.49],[313.26,362.6],[313.83,363.83],[314.18,365.15],[314.3,366.5],[314.18,367.85],[313.83,369.17],[313.26,370.4],[312.48,371.51],[311.51,372.48],[310.4,373.25],[309.17,373.83],[307.85,374.18],[306.5,374.3],[305.15,374.18],[303.83,373.83],[302.6,373.25],[301.49,372.48],[300.52,371.51],[299.75,370.4],[299.17,369.17],[298.82,367.85],[298.7,366.5],[298.82,365.15],[299.17,363.83],[299.75,362.6],[300.52,361.49],[301.49,360.52],[302.6,359.74],[303.83,359.17],[305.15,358.82],[306.5,358.7]]]},"symbol":{"type":"CIMPolygonSymbol","symbolLayers":[{"type":"CIMSolidStroke","enable":true,"primitiveName":"icon_element","capStyle":"Round","joinStyle":"Miter","lineStyle3D":"Strip","miterLimit":10,"width":3.0000001192092896,"color":[0,0,0,255]}]}},{"type":"CIMMarkerGraphic","geometry":{"rings":[[[226.0,342.0],[228.26,342.2],[230.45,342.78],[232.5,343.74],[234.36,345.04],[235.96,346.64],[237.26,348.5],[238.22,350.55],[238.8,352.74],[239.0,355.0],[238.8,357.26],[238.22,359.45],[237.26,361.5],[235.96,363.36],[234.36,364.96],[232.5,366.26],[230.45,367.22],[228.26,367.8],[226.0,368.0],[223.74,367.8],[221.55,367.22],[219.5,366.26],[217.64,364.96],[216.04,363.36],[214.74,361.5],[213.78,359.45],[213.2,357.26],[213.0,355.0],[213.2,352.74],[213.78,350.55],[214.74,348.5],[216.04,346.64],[217.64,345.04],[219.5,343.74],[221.55,342.78],[223.74,342.2],[226.0,342.0]]]},"symbol":{"type":"CIMPolygonSymbol","symbolLayers":[{"type":"CIMSolidStroke","enable":true,"primitiveName":"icon_element","capStyle":"Round","joinStyle":"Miter","lineStyle3D":"Strip","miterLimit":10,"width":5,"color":[0,0,0,255]}]}},{"type":"CIMMarkerGraphic","geometry":{"rings":[[[386.0,342.0],[388.03,342.16],[390.02,342.64],[391.9,343.42],[393.64,344.48],[395.19,345.81],[396.52,347.36],[397.58,349.1],[398.36,350.98],[398.84,352.97],[399.0,355.0],[398.84,357.03],[398.36,359.02],[397.58,360.9],[396.52,362.64],[395.19,364.19],[393.64,365.52],[391.9,366.58],[390.02,367.36],[388.03,367.84],[386.0,368.0],[383.97,367.84],[381.98,367.36],[380.1,366.58],[378.36,365.52],[376.81,364.19],[375.48,362.64],[374.42,360.9],[373.64,359.02],[373.16,357.03],[373.0,355.0],[373.16,352.97],[373.64,350.98],[374.42,349.1],[375.48,347.36],[376.81,345.81],[378.36,344.48],[380.1,343.42],[381.98,342.64],[383.97,342.16],[386.0,342.0]]]},"symbol":{"type":"CIMPolygonSymbol","symbolLayers":[{"type":"CIMSolidStroke","enable":true,"primitiveName":"icon_element","capStyle":"Round","joinStyle":"Miter","lineStyle3D":"Strip","miterLimit":10,"width":5,"color":[0,0,0,255]}]}},{"type":"CIMMarkerGraphic","geometry":{"paths":[[[239.0,355.0],[373.0,355.0]]]},"symbol":{"type":"CIMPolygonSymbol","symbolLayers":[{"type":"CIMSolidStroke","enable":true,"primitiveName":"icon_element","capStyle":"Butt","joinStyle":"Miter","lineStyle3D":"Strip","miterLimit":10,"width":5,"color":[0,0,0,255]}]}}],"scaleSymbolsProportionally":true,"respectFrame":true}],"haloSize":1,"scaleX":1,"angleAlignment":"Display","version":"2.0.0","build":"8933"}