{"type":"CIMPointSymbol","symbolLayers":[{"type":"CIMVectorMarker","enable":true,"anchorPointUnits":"Relative","dominantSizeAxis3D":"Z","size":64,"billboardMode3D":"FaceNearPlane","frame":{"xmin":0,"ymin":0,"xmax":612,"ymax":792},"markerGraphics":[{"type":"CIMMarkerGraphic","geometry":{"rings":[[[305.0,502.22],[305.86,502.3],[306.69,502.52],[307.47,502.88],[308.17,503.38],[308.78,503.98],[309.28,504.69],[309.64,505.47],[309.86,506.3],[309.94,507.16],[309.86,508.02],[309.64,508.85],[309.28,509.63],[308.78,510.33],[308.17,510.94],[307.47,511.44],[306.69,511.8],[305.86,512.02],[305.0,512.1],[304.14,512.02],[303.31,511.8],[302.53,511.44],[301.83,510.94],[301.22,510.33],[300.72,509.63],[300.36,508.85],[300.14,508.02],[300.06,507.16],[300.14,506.3],[300.36,505.47],[300.72,504.69],[301.22,503.98],[301.83,503.38],[302.53,502.88],[303.31,502.52],[304.14,502.3],[305.0,502.22]]]},"symbol":{"type":"CIMPolygonSymbol","symbolLayers":[{"type":"CIMSolidStroke","enable":true,"primitiveName":"icon_element","capStyle":"Round","joinStyle":"Miter","lineStyle3D":"Strip","miterLimit":10,"width":4,"color":[0,0,0,255]}]}},{"type":"CIMMarkerGraphic","geometry":{"paths":[[[305.0,502.2],[305.0,452.8]]]},"symbol":{"type":"CIMPolygonSymbol","symbolLayers":[{"type":"CIMSolidStroke","enable":true,"primitiveName":"icon_element","capStyle":"Butt","joinStyle":"Miter","lineStyle3D":"Strip","miterLimit":10,"width":5,"color":[0,0,0,255]}]}},{"type":"CIMMarkerGraphic","geometry":{"paths":[[[288.8,499.1],[321.3,499.1]]]},"symbol":{"type":"CIMPolygonSymbol","symbolLayers":[{"type":"CIMSolidStroke","enable":true,"primitiveName":"icon_element","capStyle":"Butt","joinStyle":"Miter","lineStyle3D":"Strip","miterLimit":10,"width":5,"color":[0,0,0,255]}]}},{"type":"CIMMarkerGraphic","geometry":{"rings":[[[274.1,477.5],[277.0,471.6],[280.3,466.3],[283.8,461.7],[287.7,457.9],[291.8,454.9],[296.1,452.7],[300.5,451.3],[305.0,450.9],[309.5,451.3],[313.9,452.7],[318.2,454.9],[322.3,457.9],[326.2,461.7],[329.7,466.3],[333.0,471.6],[335.9,477.5],[333.0,472.4],[329.7,467.8],[326.2,463.8],[322.3,460.5],[318.2,457.8],[313.9,455.9],[309.5,454.8],[305.0,454.4],[300.5,454.8],[296.1,455.9],[291.8,457.8],[287.7,460.5],[283.8,463.8],[280.3,467.8],[277.0,472.4],[274.1,477.5]]]},"symbol":{"type":"CIMPolygonSymbol","symbolLayers":[{"type":"CIMSolidFill","enable":true,"primitiveName":"icon_element","color":[0,0,0,255]}]}},{"type":"CIMMarkerGraphic","geometry":{"paths":[[[274.1,477.5],[277.0,472.4],[280.3,467.8],[283.8,463.8],[287.7,460.5],[291.8,457.8],[296.1,455.9],[300.5,454.8],[305.0,454.4],[309.5,454.8],[313.9,455.9],[318.2,457.8],[322.3,460.5],[326.2,463.8],[329.7,467.8],[333.0,472.4],[335.9,477.5],[333.0,471.6],[329.7,466.3],[326.2,461.7],[322.3,457.9],[318.2,454.9],[313.9,452.7],[309.5,451.3],[305.0,450.9],[300.5,451.3],[296.1,452.7],[291.8,454.9],[287.7,457.9],[283.8,461.7],[280.3,466.3],[277.0,471.6],[274.1,477.5]]]},"symbol":{"type":"CIMPolygonSymbol","symbolLayers":[{"type":"CIMSolidStroke","enable":true,"primitiveName":"icon_element","capStyle":"Butt","joinStyle":"Miter","lineStyle3D":"Strip","miterLimit":10,"width":4,"color":[0,0,0,255]}]}},{"type":"CIMMarkerGraphic","geometry":{"rings":[[[282.77,469.81],[280.95,470.71],[279.29,471.93],[277.99,473.23],[275.06,476.6],[274.13,477.52],[275.21,472.0],[276.27,467.75],[276.79,466.11],[277.28,464.85],[277.75,464.0],[278.14,463.63],[282.77,469.81]]]},"symbol":{"type":"CIMPolygonSymbol","symbolLayers":[{"type":"CIMSolidFill","enable":true,"primitiveName":"icon_element","color":[0,0,0,255]}]}},{"type":"CIMMarkerGraphic","geometry":{"paths":[[[274.13,477.52],[275.21,472.0],[276.27,467.75],[276.79,466.11],[277.28,464.85],[277.75,464.0],[278.14,463.63],[282.77,469.81],[280.95,470.71],[279.29,471.93],[277.99,473.23],[275.06,476.6]]]},"symbol":{"type":"CIMPolygonSymbol","symbolLayers":[{"type":"CIMSolidStroke","enable":true,"primitiveName":"icon_element","capStyle":"Butt","joinStyle":"Miter","lineStyle3D":"Strip","miterLimit":10,"width":4,"color":[0,0,0,255]}]}},{"type":"CIMMarkerGraphic","geometry":{"rings":[[[331.86,463.63],[332.25,464.0],[332.72,464.85],[333.21,466.11],[333.73,467.75],[334.78,472.0],[335.87,477.52],[334.94,476.6],[332.02,473.23],[330.71,471.93],[329.05,470.71],[327.22,469.81],[331.86,463.63]]]},"symbol":{"type":"CIMPolygonSymbol","symbolLayers":[{"type":"CIMSolidFill","enable":true,"primitiveName":"icon_element","color":[0,0,0,255]}]}},{"type":"CIMMarkerGraphic","geometry":{"paths":[[[335.87,477.52],[334.78,472.0],[333.73,467.75],[333.21,466.11],[332.72,464.85],[332.25,464.0],[331.86,463.63],[327.22,469.81],[329.05,470.71],[330.71,471.93],[332.02,473.23],[334.94,476.6]]]},"symbol":{"type":"CIMPolygonSymbol","symbolLayers":[{"type":"CIMSolidStroke","enable":true,"primitiveName":"icon_element","capStyle":"Butt","joinStyle":"Miter","lineStyle3D":"Strip","miterLimit":10,"width":4,"color":[0,0,0,255]}]}},{"type":"CIMMarkerGraphic","geometry":{"paths":[[[485,512],[129,277]]]},"symbol":{"type":"CIMPolygonSymbol","symbolLayers":[{"type":"CIMSolidStroke","enable":true,"primitiveName":"icon_element","capStyle":"Butt","joinStyle":"Miter","lineStyle3D":"Strip","miterLimit":10,"width":5,"color":[0,0,0,255]}]}},{"type":"CIMMarkerGraphic","geometry":{"rings":[[[399.9,446.0],[309.9,396.0],[399.9,346.0],[399.9,446.0]],[[309.9,396.0],[219.9,446.0],[219.9,346.0],[309.9,396.0]]]},"symbol":{"type":"CIMPolygonSymbol","symbolLayers":[{"type":"CIMSolidFill","enable":true,"primitiveName":"icon_element","color":[0,0,0,255]}]}},{"type":"CIMMarkerGraphic","geometry":{"rings":[[[309.9,360.8],[315.4,361.3],[320.8,362.6],[325.9,364.7],[330.6,367.5],[334.8,371.1],[338.4,375.3],[341.3,380.0],[343.4,385.1],[344.7,390.5],[345.1,396.0],[344.7,401.5],[343.4,406.9],[341.3,412.0],[338.4,416.7],[334.8,420.9],[330.6,424.5],[325.9,427.3],[320.8,429.4],[315.4,430.7],[309.9,431.2],[304.4,430.7],[299.1,429.4],[294.0,427.3],[289.3,424.5],[285.1,420.9],[281.5,416.7],[278.6,412.0],[276.5,406.9],[275.2,401.5],[274.8,396.0],[275.2,390.5],[276.5,385.1],[278.6,380.0],[281.5,375.3],[285.1,371.1],[289.3,367.5],[294.0,364.7],[299.1,362.6],[304.4,361.3],[309.9,360.8]]]},"symbol":{"type":"CIMPolygonSymbol","symbolLayers":[{"type":"CIMSolidFill","enable":true,"primitiveName":"icon_element","color":[0,0,0,255]}]}},{"type":"CIMMarkerGraphic","geometry":{"rings":[[[309.9,360.8],[315.4,361.3],[320.8,362.6],[325.9,364.7],[330.6,367.5],[334.8,371.1],[338.4,375.3],[341.3,380.0],[343.4,385.1],[344.7,390.5],[345.1,396.0],[344.7,401.5],[343.4,406.9],[341.3,412.0],[338.4,416.7],[334.8,420.9],[330.6,424.5],[325.9,427.3],[320.8,429.4],[315.4,430.7],[309.9,431.2],[304.4,430.7],[299.1,429.4],[294.0,427.3],[289.3,424.5],[285.1,420.9],[281.5,416.7],[278.6,412.0],[276.5,406.9],[275.2,401.5],[274.8,396.0],[275.2,390.5],[276.5,385.1],[278.6,380.0],[281.5,375.3],[285.1,371.1],[289.3,367.5],[294.0,364.7],[299.1,362.6],[304.4,361.3],[309.9,360.8]]]},"symbol":{"type":"CIMPolygonSymbol","symbolLayers":[{"type":"CIMSolidStroke","enable":true,"primitiveName":"icon_element","capStyle":"Round","joinStyle":"Miter","lineStyle3D":"Strip","miterLimit":10,"width":5,"color":[0,0,0,255]}]}}],"scaleSymbolsProportionally":true,"respectFrame":true}],"haloSize":1,"scaleX":1,"angleAlignment":"Display","version":"2.0.0","build":"8933"}