{"type":"CIMPointSymbol","symbolLayers":[{"type":"CIMVectorMarker","enable":true,"anchorPointUnits":"Relative","dominantSizeAxis3D":"Z","size":64,"billboardMode3D":"FaceNearPlane","frame":{"xmin":0,"ymin":0,"xmax":612,"ymax":792},"markerGraphics":[{"type":"CIMMarkerGraphic","geometry":{"rings":[[[305.1,351.0],[307.9,351.2],[310.6,352.0],[313.2,353.2],[315.5,354.8],[317.5,356.8],[319.1,359.1],[320.3,361.7],[321.0,364.4],[321.3,367.2],[321.0,370.0],[320.3,372.7],[319.1,375.3],[317.5,377.6],[315.5,379.6],[313.2,381.2],[310.6,382.4],[307.9,383.2],[305.1,383.4],[302.3,383.2],[299.5,382.4],[297.0,381.2],[294.7,379.6],[292.7,377.6],[291.0,375.3],[289.9,372.7],[289.1,370.0],[288.9,367.2],[289.1,364.4],[289.9,361.7],[291.0,359.1],[292.7,356.8],[294.7,354.8],[297.0,353.2],[299.5,352.0],[302.3,351.2],[305.1,351.0]]]},"symbol":{"type":"CIMPolygonSymbol","symbolLayers":[{"type":"CIMSolidStroke","enable":true,"primitiveName":"icon_element","capStyle":"Round","joinStyle":"Miter","lineStyle3D":"Strip","miterLimit":10,"width":5,"color":[0,0,0,255]}]}},{"type":"CIMMarkerGraphic","geometry":{"paths":[[[305.1,383.4],[305.1,440.3]]]},"symbol":{"type":"CIMPolygonSymbol","symbolLayers":[{"type":"CIMSolidStroke","enable":true,"primitiveName":"icon_element","capStyle":"Butt","joinStyle":"Miter","lineStyle3D":"Strip","miterLimit":10,"width":5,"color":[0,0,0,255]}]}},{"type":"CIMMarkerGraphic","geometry":{"paths":[[[287.6,421.5],[305.1,443.2],[322.5,421.5]]]},"symbol":{"type":"CIMPolygonSymbol","symbolLayers":[{"type":"CIMSolidStroke","enable":true,"primitiveName":"icon_element","capStyle":"Butt","joinStyle":"Miter","lineStyle3D":"Strip","miterLimit":10,"width":5,"color":[0,0,0,255]}]}}],"scaleSymbolsProportionally":true,"respectFrame":true}],"haloSize":1,"scaleX":1,"angleAlignment":"Display","version":"2.0.0","build":"8933"}