{"type":"CIMPointSymbol","symbolLayers":[{"type":"CIMVectorMarker","enable":true,"anchorPointUnits":"Relative","dominantSizeAxis3D":"Z","size":64,"billboardMode3D":"FaceNearPlane","frame":{"xmin":0,"ymin":0,"xmax":612,"ymax":792},"markerGraphics":[{"type":"CIMMarkerGraphic","geometry":{"rings":[[[305.1,358.2],[312.5,358.9],[319.6,361.0],[326.1,364.5],[331.8,369.2],[336.5,375.0],[340.0,381.5],[342.2,388.6],[342.9,396.0],[342.2,403.4],[340.0,410.5],[336.5,417.0],[331.8,422.8],[326.1,427.5],[319.6,431.0],[312.5,433.1],[305.1,433.8],[297.7,433.1],[290.6,431.0],[284.1,427.5],[278.3,422.8],[273.6,417.0],[270.1,410.5],[268.0,403.4],[267.3,396.0],[268.0,388.6],[270.1,381.5],[273.6,375.0],[278.3,369.2],[284.1,364.5],[290.6,361.0],[297.7,358.9],[305.1,358.2]]]},"symbol":{"type":"CIMPolygonSymbol","symbolLayers":[{"type":"CIMSolidFill","enable":true,"primitiveName":"icon_element","color":[0,0,0,255]}]}}],"scaleSymbolsProportionally":true,"respectFrame":true}],"haloSize":1,"scaleX":1,"angleAlignment":"Display","version":"2.0.0","build":"8933"}