{"type":"CIMPointSymbol","symbolLayers":[{"type":"CIMVectorMarker","enable":true,"anchorPointUnits":"Relative","dominantSizeAxis3D":"Z","size":64,"billboardMode3D":"FaceNearPlane","frame":{"xmin":0,"ymin":0,"xmax":612,"ymax":792},"markerGraphics":[{"type":"CIMMarkerGraphic","geometry":{"rings":[[[251.1,390.0],[235.0,387.9],[228.1,385.3],[222.2,381.8],[217.3,377.3],[213.6,372.0],[211.3,366.2],[210.6,360.0],[211.3,353.8],[213.6,348.0],[217.3,342.7],[222.2,338.2],[228.1,334.7],[235.0,332.1],[251.1,330.0],[359.1,330.0],[375.2,332.1],[382.0,334.7],[388.0,338.2],[392.9,342.7],[396.5,348.0],[398.8,353.8],[399.6,360.0],[398.8,366.2],[396.5,372.0],[392.9,377.3],[388.0,381.8],[382.0,385.3],[375.2,387.9],[359.1,390.0],[251.1,390.0]]]},"symbol":{"type":"CIMPolygonSymbol","symbolLayers":[{"type":"CIMSolidStroke","enable":true,"primitiveName":"icon_element","capStyle":"Round","joinStyle":"Miter","lineStyle3D":"Strip","miterLimit":10,"width":5,"color":[0,0,0,255]}]}},{"type":"CIMMarkerGraphic","geometry":{"rings":[[[300.08,485.5],[305.58,498.5],[311.08,485.5],[300.08,485.5]]]},"symbol":{"type":"CIMPolygonSymbol","symbolLayers":[{"type":"CIMSolidStroke","enable":true,"primitiveName":"icon_element","capStyle":"Round","joinStyle":"Miter","lineStyle3D":"Strip","miterLimit":10,"width":2.627974536389722,"color":[0,0,0,255]}]}},{"type":"CIMMarkerGraphic","geometry":{"paths":[[[305.6,498.5],[305.6,408.5]]]},"symbol":{"type":"CIMPolygonSymbol","symbolLayers":[{"type":"CIMSolidStroke","enable":true,"primitiveName":"icon_element","capStyle":"Butt","joinStyle":"Miter","lineStyle3D":"Strip","miterLimit":10,"width":2.627974536389722,"color":[0,0,0,255]}]}},{"type":"CIMMarkerGraphic","geometry":{"rings":[[[305.58,394.5],[306.98,394.62],[308.32,394.99],[309.55,395.6],[310.64,396.4],[311.53,397.39],[312.19,398.51],[312.6,399.73],[312.73,401.0],[312.6,402.27],[312.19,403.49],[311.53,404.61],[310.64,405.6],[309.55,406.4],[308.32,407.01],[306.98,407.38],[305.58,407.5],[304.19,407.38],[302.85,407.01],[301.61,406.4],[300.53,405.6],[299.64,404.61],[298.98,403.49],[298.57,402.27],[298.43,401.0],[298.57,399.73],[298.98,398.51],[299.64,397.39],[300.53,396.4],[301.61,395.6],[302.85,394.99],[304.19,394.62],[305.58,394.5]]]},"symbol":{"type":"CIMPolygonSymbol","symbolLayers":[{"type":"CIMSolidStroke","enable":true,"primitiveName":"icon_element","capStyle":"Round","joinStyle":"Miter","lineStyle3D":"Strip","miterLimit":10,"width":2.627974536389722,"color":[0,0,0,255]}]}}],"scaleSymbolsProportionally":true,"respectFrame":true}],"haloSize":1,"scaleX":1,"angleAlignment":"Display","version":"2.0.0","build":"8933"}