{"type":"CIMPointSymbol","symbolLayers":[{"type":"CIMVectorMarker","enable":true,"anchorPointUnits":"Relative","dominantSizeAxis3D":"Z","size":64,"billboardMode3D":"FaceNearPlane","frame":{"xmin":0,"ymin":0,"xmax":612,"ymax":792},"markerGraphics":[{"type":"CIMMarkerGraphic","geometry":{"rings":[[[228.0,409.0],[231.1,409.3],[234.2,410.1],[237.0,411.4],[239.6,413.2],[241.8,415.4],[243.6,418.0],[244.9,420.9],[245.7,423.9],[246.0,427.0],[245.7,430.1],[244.9,433.2],[243.6,436.0],[241.8,438.6],[239.6,440.8],[237.0,442.6],[234.2,443.9],[231.1,444.7],[228.0,445.0],[224.9,444.7],[221.8,443.9],[219.0,442.6],[216.4,440.8],[214.2,438.6],[212.4,436.0],[211.1,433.2],[210.3,430.1],[210.0,427.0],[210.3,423.9],[211.1,420.9],[212.4,418.0],[214.2,415.4],[216.4,413.2],[219.0,411.4],[221.8,410.1],[224.9,409.3],[228.0,409.0]]]},"symbol":{"type":"CIMPolygonSymbol","symbolLayers":[{"type":"CIMSolidFill","enable":true,"primitiveName":"icon_element","color":[0,0,0,255]}]}},{"type":"CIMMarkerGraphic","geometry":{"rings":[[[381.5,410.0],[384.6,410.3],[387.7,411.1],[390.5,412.4],[393.1,414.2],[395.3,416.4],[397.1,419.0],[398.4,421.9],[399.2,424.9],[399.5,428.0],[399.2,431.1],[398.4,434.2],[397.1,437.0],[395.3,439.6],[393.1,441.8],[390.5,443.6],[387.7,444.9],[384.6,445.7],[381.5,446.0],[378.4,445.7],[375.3,444.9],[372.5,443.6],[369.9,441.8],[367.7,439.6],[365.9,437.0],[364.6,434.2],[363.8,431.1],[363.5,428.0],[363.8,424.9],[364.6,421.9],[365.9,419.0],[367.7,416.4],[369.9,414.2],[372.5,412.4],[375.3,411.1],[378.4,410.3],[381.5,410.0]]]},"symbol":{"type":"CIMPolygonSymbol","symbolLayers":[{"type":"CIMSolidFill","enable":true,"primitiveName":"icon_element","color":[0,0,0,255]}]}},{"type":"CIMMarkerGraphic","geometry":{"paths":[[[236.0,438.3],[260.0,430.3],[277.9,423.1],[292.1,415.8],[303.7,407.7],[313.6,398.4],[322.7,386.8],[332.1,372.0],[343.7,350.6]]]},"symbol":{"type":"CIMPolygonSymbol","symbolLayers":[{"type":"CIMSolidStroke","enable":true,"primitiveName":"icon_element","capStyle":"Butt","joinStyle":"Miter","lineStyle3D":"Strip","miterLimit":10,"width":5,"color":[0,0,0,255]}]}},{"type":"CIMMarkerGraphic","geometry":{"paths":[[[372.0,438.3],[348.0,430.3],[330.1,423.1],[315.9,415.8],[304.3,407.7],[294.4,398.4],[285.3,386.8],[275.9,372.0],[264.3,350.6]]]},"symbol":{"type":"CIMPolygonSymbol","symbolLayers":[{"type":"CIMSolidStroke","enable":true,"primitiveName":"icon_element","capStyle":"Butt","joinStyle":"Miter","lineStyle3D":"Strip","miterLimit":10,"width":5,"color":[0,0,0,255]}]}}],"scaleSymbolsProportionally":true,"respectFrame":true}],"haloSize":1,"scaleX":1,"angleAlignment":"Display","version":"2.0.0","build":"8933"}