uniquedesignation,track_id,X,Y,Z,timefromstart,distanceonline,owningunit,operationalcondition,sidc,status911,speed
Shadow 1,{478a016b-3a89-44d0-a689-0cf7d6952ef9},-121.838,36.6103,1026.41,0.141233333,100,2-4-D,2,SFAPMFQ--------,0,160
Shadow 1,{478a016b-3a89-44d0-a689-0cf7d6952ef9},-121.837,36.6099,1028.73,0.282466667,200,2-4-D,2,SFAPMFQ--------,0,160
Shadow 1,{478a016b-3a89-44d0-a689-0cf7d6952ef9},-121.836,36.6096,1031.99,0.4237,300,2-4-D,2,SFAPMFQ--------,0,160
Shadow 1,{478a016b-3a89-44d0-a689-0cf7d6952ef9},-121.835,36.6092,1036.46,0.564933333,400,2-4-D,2,SFAPMFQ--------,0,160
Shadow 1,{478a016b-3a89-44d0-a689-0cf7d6952ef9},-121.834,36.6088,1041.4,0.706166667,500,2-4-D,2,SFAPMFQ--------,0,160
Shadow 1,{478a016b-3a89-44d0-a689-0cf7d6952ef9},-121.833,36.6084,1045.77,0.8474,600,2-4-D,2,SFAPMFQ--------,0,160
Shadow 1,{478a016b-3a89-44d0-a689-0cf7d6952ef9},-121.832,36.6079,1051.99,0.988633333,700,2-4-D,2,SFAPMFQ--------,0,160
Shadow 1,{478a016b-3a89-44d0-a689-0cf7d6952ef9},-121.831,36.6075,1060.95,1.129866667,800,2-4-D,2,SFAPMFQ--------,0,160
Shadow 1,{478a016b-3a89-44d0-a689-0cf7d6952ef9},-121.83,36.607,1067.46,1.2711,900,2-4-D,2,SFAPMFQ--------,0,160
Shadow 1,{478a016b-3a89-44d0-a689-0cf7d6952ef9},-121.83,36.6065,1067.93,1.412333333,1000,2-4-D,2,SFAPMFQ--------,0,160
Shadow 1,{478a016b-3a89-44d0-a689-0cf7d6952ef9},-121.829,36.6059,1074.12,1.553566667,1100,2-4-D,2,SFAPMFQ--------,0,160
Shadow 1,{478a016b-3a89-44d0-a689-0cf7d6952ef9},-121.828,36.6054,1084.37,1.6948,1200,2-4-D,2,SFAPMFQ--------,0,160
Shadow 1,{478a016b-3a89-44d0-a689-0cf7d6952ef9},-121.827,36.6048,1099.84,1.836033333,1300,2-4-D,2,SFAPMFQ--------,0,160
Shadow 1,{478a016b-3a89-44d0-a689-0cf7d6952ef9},-121.826,36.6042,1103.06,1.977266667,1400,2-4-D,2,SFAPMFQ--------,0,160
Shadow 1,{478a016b-3a89-44d0-a689-0cf7d6952ef9},-121.825,36.6036,1091.26,2.1185,1500,2-4-D,2,SFAPMFQ--------,0,160
Shadow 1,{478a016b-3a89-44d0-a689-0cf7d6952ef9},-121.824,36.603,1085.18,2.259733333,1600,2-4-D,2,SFAPMFQ--------,0,160
Shadow 1,{478a016b-3a89-44d0-a689-0cf7d6952ef9},-121.824,36.6024,1082.8,2.400966667,1700,2-4-D,2,SFAPMFQ--------,0,160
Shadow 1,{478a016b-3a89-44d0-a689-0cf7d6952ef9},-121.823,36.6017,1086.56,2.5422,1800,2-4-D,2,SFAPMFQ--------,0,160
Shadow 1,{478a016b-3a89-44d0-a689-0cf7d6952ef9},-121.822,36.601,1076.14,2.683433333,1900,2-4-D,2,SFAPMFQ--------,0,160
Shadow 1,{478a016b-3a89-44d0-a689-0cf7d6952ef9},-121.821,36.6003,1071.8,2.824666667,2000,2-4-D,2,SFAPMFQ--------,0,160
Shadow 1,{478a016b-3a89-44d0-a689-0cf7d6952ef9},-121.821,36.5996,1077.93,2.9659,2100,2-4-D,2,SFAPMFQ--------,0,160
Shadow 1,{478a016b-3a89-44d0-a689-0cf7d6952ef9},-121.82,36.5989,1086.15,3.107133333,2200,2-4-D,2,SFAPMFQ--------,0,160
Shadow 1,{478a016b-3a89-44d0-a689-0cf7d6952ef9},-121.819,36.5982,1084.52,3.248366667,2300,2-4-D,2,SFAPMFQ--------,0,160
Shadow 1,{478a016b-3a89-44d0-a689-0cf7d6952ef9},-121.819,36.5974,1088.3,3.3896,2400,2-4-D,2,SFAPMFQ--------,0,160
Shadow 1,{478a016b-3a89-44d0-a689-0cf7d6952ef9},-121.818,36.5966,1089.21,3.530833333,2500,2-4-D,2,SFAPMFQ--------,0,160
Shadow 1,{478a016b-3a89-44d0-a689-0cf7d6952ef9},-121.818,36.5958,1089.24,3.672066667,2600,2-4-D,2,SFAPMFQ--------,0,160
Shadow 1,{478a016b-3a89-44d0-a689-0cf7d6952ef9},-121.817,36.5951,1096.56,3.8133,2700,2-4-D,2,SFAPMFQ--------,0,160
Shadow 1,{478a016b-3a89-44d0-a689-0cf7d6952ef9},-121.817,36.5942,1094.14,3.954533333,2800,2-4-D,2,SFAPMFQ--------,0,160
Shadow 1,{478a016b-3a89-44d0-a689-0cf7d6952ef9},-121.816,36.5934,1087.65,4.095766667,2900,2-4-D,2,SFAPMFQ--------,0,160
Shadow 1,{478a016b-3a89-44d0-a689-0cf7d6952ef9},-121.816,36.5926,1091.58,4.237,3000,2-4-D,2,SFAPMFQ--------,0,160
Shadow 1,{478a016b-3a89-44d0-a689-0cf7d6952ef9},-121.815,36.5917,1093.52,4.378233333,3100,2-4-D,2,SFAPMFQ--------,0,160
Shadow 1,{478a016b-3a89-44d0-a689-0cf7d6952ef9},-121.815,36.5909,1097.58,4.519466667,3200,2-4-D,2,SFAPMFQ--------,0,160
Shadow 1,{478a016b-3a89-44d0-a689-0cf7d6952ef9},-121.815,36.591,1090.24,4.6607,3300,2-4-D,2,SFAPMFQ--------,0,160
Shadow 1,{478a016b-3a89-44d0-a689-0cf7d6952ef9},-121.814,36.5892,1086.6,4.801933333,3400,2-4-D,2,SFAPMFQ--------,0,160
Shadow 1,{478a016b-3a89-44d0-a689-0cf7d6952ef9},-121.814,36.5883,1084.82,4.943166667,3500,2-4-D,2,SFAPMFQ--------,0,160
Shadow 1,{478a016b-3a89-44d0-a689-0cf7d6952ef9},-121.814,36.5874,1086.72,5.0844,3600,2-4-D,2,SFAPMFQ--------,0,160
Shadow 1,{478a016b-3a89-44d0-a689-0cf7d6952ef9},-121.814,36.5865,1087.43,5.225633333,3700,2-4-D,2,SFAPMFQ--------,0,160
Shadow 1,{478a016b-3a89-44d0-a689-0cf7d6952ef9},-121.814,36.5856,1099.11,5.3669,3800,2-4-D,2,SFAPMFQ--------,0,160
Shadow 1,{478a016b-3a89-44d0-a689-0cf7d6952ef9},-121.814,36.5847,1096.52,5.5081,3900,2-4-D,2,SFAPMFQ--------,0,160
Shadow 1,{478a016b-3a89-44d0-a689-0cf7d6952ef9},-121.814,36.5838,1092.15,5.649333333,4000,2-4-D,2,SFAPMFQ--------,0,160
Shadow 1,{478a016b-3a89-44d0-a689-0cf7d6952ef9},-121.814,36.5829,1090.93,5.790566667,4100,2-4-D,2,SFAPMFQ--------,0,160
Shadow 1,{478a016b-3a89-44d0-a689-0cf7d6952ef9},-121.814,36.582,1084.77,5.9318,4200,2-4-D,2,SFAPMFQ--------,0,160
Shadow 1,{478a016b-3a89-44d0-a689-0cf7d6952ef9},-121.814,36.5811,1077.28,6.073033333,4300,2-4-D,2,SFAPMFQ--------,0,160
Shadow 1,{478a016b-3a89-44d0-a689-0cf7d6952ef9},-121.814,36.5802,1079.69,6.214266667,4400,2-4-D,2,SFAPMFQ--------,0,160
Shadow 1,{478a016b-3a89-44d0-a689-0cf7d6952ef9},-121.814,36.5794,1084.18,6.3555,4500,2-4-D,2,SFAPMFQ--------,0,160
Shadow 1,{478a016b-3a89-44d0-a689-0cf7d6952ef9},-121.814,36.5785,1085.33,6.496733333,4600,2-4-D,2,SFAPMFQ--------,0,160
Shadow 1,{478a016b-3a89-44d0-a689-0cf7d6952ef9},-121.814,36.5776,1079.54,6.637966667,4700,2-4-D,2,SFAPMFQ--------,0,160
Shadow 1,{478a016b-3a89-44d0-a689-0cf7d6952ef9},-121.815,36.5767,1077.26,6.7792,4800,2-4-D,2,SFAPMFQ--------,0,160
Shadow 1,{478a016b-3a89-44d0-a689-0cf7d6952ef9},-121.815,36.5759,1071.23,6.920433333,4900,2-4-D,2,SFAPMFQ--------,0,160
Shadow 1,{478a016b-3a89-44d0-a689-0cf7d6952ef9},-121.816,36.575,1060.03,7.061666667,5000,2-4-D,2,SFAPMFQ--------,0,160
Shadow 1,{478a016b-3a89-44d0-a689-0cf7d6952ef9},-121.816,36.5742,1064.12,7.2029,5100,2-4-D,2,SFAPMFQ--------,0,160
Shadow 1,{478a016b-3a89-44d0-a689-0cf7d6952ef9},-121.816,36.5734,1051.54,7.344133333,5200,2-4-D,2,SFAPMFQ--------,0,160
Shadow 1,{478a016b-3a89-44d0-a689-0cf7d6952ef9},-121.817,36.5726,1051.31,7.485366667,5300,2-4-D,2,SFAPMFQ--------,0,160
Shadow 1,{478a016b-3a89-44d0-a689-0cf7d6952ef9},-121.818,36.5718,1085.05,7.6266,5400,2-4-D,2,SFAPMFQ--------,0,160
Shadow 1,{478a016b-3a89-44d0-a689-0cf7d6952ef9},-121.818,36.5711,1069.41,7.767833333,5500,2-4-D,2,SFAPMFQ--------,0,160
Shadow 1,{478a016b-3a89-44d0-a689-0cf7d6952ef9},-121.819,36.5704,1099.88,7.909066667,5600,2-4-D,2,SFAPMFQ--------,0,160
Shadow 1,{478a016b-3a89-44d0-a689-0cf7d6952ef9},-121.82,36.5697,1117.47,8.0503,5700,2-4-D,2,SFAPMFQ--------,0,160
Shadow 1,{478a016b-3a89-44d0-a689-0cf7d6952ef9},-121.82,36.569,1128.87,8.191533333,5800,2-4-D,2,SFAPMFQ--------,0,160
Shadow 1,{478a016b-3a89-44d0-a689-0cf7d6952ef9},-121.821,36.5684,1162.6,8.332766667,5900,2-4-D,2,SFAPMFQ--------,0,160
Shadow 1,{478a016b-3a89-44d0-a689-0cf7d6952ef9},-121.822,36.5678,1182.97,8.474,6000,2-4-D,2,SFAPMFQ--------,0,160
Shadow 1,{478a016b-3a89-44d0-a689-0cf7d6952ef9},-121.823,36.5672,1160.27,8.615233333,6100,2-4-D,2,SFAPMFQ--------,0,160
Shadow 1,{478a016b-3a89-44d0-a689-0cf7d6952ef9},-121.824,36.5666,1164.64,8.756466667,6200,2-4-D,2,SFAPMFQ--------,0,160
Shadow 1,{478a016b-3a89-44d0-a689-0cf7d6952ef9},-121.825,36.5661,1187.84,8.8977,6300,2-4-D,2,SFAPMFQ--------,0,160
Shadow 1,{478a016b-3a89-44d0-a689-0cf7d6952ef9},-121.825,36.5656,1199.14,9.038933333,6400,2-4-D,2,SFAPMFQ--------,0,160
Shadow 1,{478a016b-3a89-44d0-a689-0cf7d6952ef9},-121.826,36.5651,1218.35,9.180166667,6500,2-4-D,2,SFAPMFQ--------,0,160
Shadow 1,{478a016b-3a89-44d0-a689-0cf7d6952ef9},-121.827,36.5647,1246.27,9.3214,6600,2-4-D,2,SFAPMFQ--------,0,160
Shadow 1,{478a016b-3a89-44d0-a689-0cf7d6952ef9},-121.828,36.5643,1248.7,9.462633333,6700,2-4-D,2,SFAPMFQ--------,0,160
Shadow 1,{478a016b-3a89-44d0-a689-0cf7d6952ef9},-121.829,36.564,1240.05,9.603866667,6800,2-4-D,2,SFAPMFQ--------,0,160
Shadow 1,{478a016b-3a89-44d0-a689-0cf7d6952ef9},-121.83,36.5637,1266.5,9.7451,6900,2-4-D,2,SFAPMFQ--------,0,160
Shadow 1,{478a016b-3a89-44d0-a689-0cf7d6952ef9},-121.832,36.5634,1266.76,9.886333333,7000,2-4-D,2,SFAPMFQ--------,0,160
Shadow 1,{478a016b-3a89-44d0-a689-0cf7d6952ef9},-121.833,36.5631,1269.76,10.02756667,7100,2-4-D,2,SFAPMFQ--------,0,160
Shadow 1,{478a016b-3a89-44d0-a689-0cf7d6952ef9},-121.834,36.5629,1263.79,10.1688,7200,2-4-D,2,SFAPMFQ--------,0,160
Shadow 1,{478a016b-3a89-44d0-a689-0cf7d6952ef9},-121.835,36.5627,1255.4,10.31003333,7300,2-4-D,2,SFAPMFQ--------,0,160
Shadow 1,{478a016b-3a89-44d0-a689-0cf7d6952ef9},-121.836,36.5625,1240.58,10.45126667,7400,2-4-D,2,SFAPMFQ--------,0,160
Shadow 1,{478a016b-3a89-44d0-a689-0cf7d6952ef9},-121.837,36.5624,1235.22,10.5925,7500,2-4-D,2,SFAPMFQ--------,0,160
Shadow 1,{478a016b-3a89-44d0-a689-0cf7d6952ef9},-121.838,36.5623,1230.5,10.73373333,7600,2-4-D,2,SFAPMFQ--------,0,160
Shadow 1,{478a016b-3a89-44d0-a689-0cf7d6952ef9},-121.839,36.5623,1217.62,10.87496667,7700,2-4-D,2,SFAPMFQ--------,0,160
Shadow 1,{478a016b-3a89-44d0-a689-0cf7d6952ef9},-121.84,36.5622,1202.29,11.0162,7800,2-4-D,2,SFAPMFQ--------,0,160
Shadow 1,{478a016b-3a89-44d0-a689-0cf7d6952ef9},-121.841,36.5622,1161.85,11.15743333,7900,2-4-D,2,SFAPMFQ--------,0,160
Shadow 1,{478a016b-3a89-44d0-a689-0cf7d6952ef9},-121.843,36.5623,1146.5,11.29866667,8000,2-4-D,2,SFAPMFQ--------,0,160
Shadow 1,{478a016b-3a89-44d0-a689-0cf7d6952ef9},-121.844,36.5623,1201.98,11.4399,8100,2-4-D,2,SFAPMFQ--------,0,160
Shadow 1,{478a016b-3a89-44d0-a689-0cf7d6952ef9},-121.845,36.5624,1203.23,11.58113333,8200,2-4-D,2,SFAPMFQ--------,0,160
Shadow 1,{478a016b-3a89-44d0-a689-0cf7d6952ef9},-121.846,36.5625,1145.01,11.72236667,8300,2-4-D,2,SFAPMFQ--------,0,160
Shadow 1,{478a016b-3a89-44d0-a689-0cf7d6952ef9},-121.847,36.5627,1153.91,11.8636,8400,2-4-D,2,SFAPMFQ--------,0,160
Shadow 1,{478a016b-3a89-44d0-a689-0cf7d6952ef9},-121.848,36.5629,1194.77,12.00483333,8500,2-4-D,2,SFAPMFQ--------,0,160
Shadow 1,{478a016b-3a89-44d0-a689-0cf7d6952ef9},-121.849,36.5631,1202.88,12.14606667,8600,2-4-D,2,SFAPMFQ--------,0,160
Shadow 1,{478a016b-3a89-44d0-a689-0cf7d6952ef9},-121.85,36.5633,1190.63,12.2873,8700,2-4-D,2,SFAPMFQ--------,0,160
Shadow 1,{478a016b-3a89-44d0-a689-0cf7d6952ef9},-121.851,36.5636,1244.64,12.42853333,8800,2-4-D,2,SFAPMFQ--------,0,160
Shadow 1,{478a016b-3a89-44d0-a689-0cf7d6952ef9},-121.852,36.5638,1272.51,12.56976667,8900,2-4-D,2,SFAPMFQ--------,0,160
Shadow 1,{478a016b-3a89-44d0-a689-0cf7d6952ef9},-121.853,36.5641,1249.56,12.711,9000,2-4-D,2,SFAPMFQ--------,0,160
Shadow 1,{478a016b-3a89-44d0-a689-0cf7d6952ef9},-121.854,36.5645,1220.97,12.85223333,9100,2-4-D,2,SFAPMFQ--------,0,160
Shadow 1,{478a016b-3a89-44d0-a689-0cf7d6952ef9},-121.855,36.5648,1190.71,12.99346667,9200,2-4-D,2,SFAPMFQ--------,0,160
Shadow 1,{478a016b-3a89-44d0-a689-0cf7d6952ef9},-121.856,36.5652,1222.52,13.1347,9300,2-4-D,2,SFAPMFQ--------,0,160
Shadow 1,{478a016b-3a89-44d0-a689-0cf7d6952ef9},-121.857,36.5656,1171.25,13.27593333,9400,2-4-D,2,SFAPMFQ--------,0,160
Shadow 1,{478a016b-3a89-44d0-a689-0cf7d6952ef9},-121.858,36.566,1194.22,13.41716667,9500,2-4-D,2,SFAPMFQ--------,0,160
Shadow 1,{478a016b-3a89-44d0-a689-0cf7d6952ef9},-121.859,36.5665,1183.62,13.5584,9600,2-4-D,2,SFAPMFQ--------,0,160
Shadow 1,{478a016b-3a89-44d0-a689-0cf7d6952ef9},-121.86,36.5669,1186.76,13.69963333,9700,2-4-D,2,SFAPMFQ--------,0,160
Shadow 1,{478a016b-3a89-44d0-a689-0cf7d6952ef9},-121.861,36.5674,1195.02,13.84086667,9800,2-4-D,2,SFAPMFQ--------,0,160
Shadow 1,{478a016b-3a89-44d0-a689-0cf7d6952ef9},-121.862,36.5679,1224.72,13.9821,9900,2-4-D,2,SFAPMFQ--------,0,160
Shadow 1,{478a016b-3a89-44d0-a689-0cf7d6952ef9},-121.863,36.5684,1239.56,14.12333333,10000,2-4-D,2,SFAPMFQ--------,0,160
Shadow 1,{478a016b-3a89-44d0-a689-0cf7d6952ef9},-121.864,36.569,1212.65,14.26456667,10100,2-4-D,2,SFAPMFQ--------,0,160
Shadow 1,{478a016b-3a89-44d0-a689-0cf7d6952ef9},-121.865,36.5696,1153.47,14.4058,10200,2-4-D,2,SFAPMFQ--------,0,160
Shadow 1,{478a016b-3a89-44d0-a689-0cf7d6952ef9},-121.866,36.5701,1145.68,14.54703333,10300,2-4-D,2,SFAPMFQ--------,0,160
Shadow 1,{478a016b-3a89-44d0-a689-0cf7d6952ef9},-121.867,36.5707,1146.93,14.68826667,10400,2-4-D,2,SFAPMFQ--------,0,160
Shadow 1,{478a016b-3a89-44d0-a689-0cf7d6952ef9},-121.867,36.5714,1130.67,14.8295,10500,2-4-D,2,SFAPMFQ--------,0,160
Shadow 1,{478a016b-3a89-44d0-a689-0cf7d6952ef9},-121.868,36.572,1126.4,14.97073333,10600,2-4-D,2,SFAPMFQ--------,0,160
Shadow 1,{478a016b-3a89-44d0-a689-0cf7d6952ef9},-121.869,36.5727,1120.88,15.11196667,10700,2-4-D,2,SFAPMFQ--------,0,160
Shadow 1,{478a016b-3a89-44d0-a689-0cf7d6952ef9},-121.87,36.5733,1111.98,15.2532,10800,2-4-D,2,SFAPMFQ--------,0,160
Shadow 1,{478a016b-3a89-44d0-a689-0cf7d6952ef9},-121.87,36.574,1097.05,15.39443333,10900,2-4-D,2,SFAPMFQ--------,0,160
Shadow 1,{478a016b-3a89-44d0-a689-0cf7d6952ef9},-121.871,36.5747,1082.48,15.53566667,11000,2-4-D,2,SFAPMFQ--------,0,160
Shadow 1,{478a016b-3a89-44d0-a689-0cf7d6952ef9},-121.872,36.5755,1082.57,15.6769,11100,2-4-D,2,SFAPMFQ--------,0,160
Shadow 1,{478a016b-3a89-44d0-a689-0cf7d6952ef9},-121.872,36.5762,1081.06,15.81813333,11200,2-4-D,2,SFAPMFQ--------,0,160
Shadow 1,{478a016b-3a89-44d0-a689-0cf7d6952ef9},-121.873,36.577,1079.48,15.95936667,11300,2-4-D,2,SFAPMFQ--------,0,160
Shadow 1,{478a016b-3a89-44d0-a689-0cf7d6952ef9},-121.874,36.5777,1046.29,16.1006,11400,2-4-D,2,SFAPMFQ--------,0,160
Shadow 1,{478a016b-3a89-44d0-a689-0cf7d6952ef9},-121.874,36.5785,1056.84,16.24183333,11500,2-4-D,2,SFAPMFQ--------,0,160
Shadow 1,{478a016b-3a89-44d0-a689-0cf7d6952ef9},-121.875,36.5793,1075.31,16.38306667,11600,2-4-D,2,SFAPMFQ--------,0,160
Shadow 1,{478a016b-3a89-44d0-a689-0cf7d6952ef9},-121.875,36.5801,1072.46,16.5243,11700,2-4-D,2,SFAPMFQ--------,0,160
Shadow 1,{478a016b-3a89-44d0-a689-0cf7d6952ef9},-121.876,36.5809,1066.07,16.66553333,11800,2-4-D,2,SFAPMFQ--------,0,160
Shadow 1,{478a016b-3a89-44d0-a689-0cf7d6952ef9},-121.876,36.5818,1061.65,16.80676667,11900,2-4-D,2,SFAPMFQ--------,0,160
Shadow 1,{478a016b-3a89-44d0-a689-0cf7d6952ef9},-121.876,36.5826,1059.97,16.948,12000,2-4-D,2,SFAPMFQ--------,0,160
Shadow 1,{478a016b-3a89-44d0-a689-0cf7d6952ef9},-121.877,36.5835,1056.67,17.08923333,12100,2-4-D,2,SFAPMFQ--------,0,160
Shadow 1,{478a016b-3a89-44d0-a689-0cf7d6952ef9},-121.877,36.5843,1054.53,17.23046667,12200,2-4-D,2,SFAPMFQ--------,0,160
Shadow 1,{478a016b-3a89-44d0-a689-0cf7d6952ef9},-121.877,36.5852,1054.76,17.3717,12300,2-4-D,2,SFAPMFQ--------,0,160
Shadow 1,{478a016b-3a89-44d0-a689-0cf7d6952ef9},-121.878,36.5861,1052.52,17.51293333,12400,2-4-D,2,SFAPMFQ--------,0,160
Shadow 1,{478a016b-3a89-44d0-a689-0cf7d6952ef9},-121.878,36.5869,1049.61,17.65416667,12500,2-4-D,2,SFAPMFQ--------,0,160
Shadow 1,{478a016b-3a89-44d0-a689-0cf7d6952ef9},-121.878,36.5878,1035.62,17.7954,12600,2-4-D,2,SFAPMFQ--------,0,160
Shadow 1,{478a016b-3a89-44d0-a689-0cf7d6952ef9},-121.878,36.5887,1010.68,17.93663333,12700,2-4-D,2,SFAPMFQ--------,0,160
Shadow 1,{478a016b-3a89-44d0-a689-0cf7d6952ef9},-121.878,36.5896,1024.21,18.07786667,12800,2-4-D,2,SFAPMFQ--------,0,160
Shadow 1,{478a016b-3a89-44d0-a689-0cf7d6952ef9},-121.878,36.5905,1026.51,18.2191,12900,2-4-D,2,SFAPMFQ--------,0,160
Shadow 1,{478a016b-3a89-44d0-a689-0cf7d6952ef9},-121.878,36.5914,1026.32,18.36033333,13000,2-4-D,2,SFAPMFQ--------,0,160
Shadow 1,{478a016b-3a89-44d0-a689-0cf7d6952ef9},-121.878,36.5923,1014.9,18.50156667,13100,2-4-D,2,SFAPMFQ--------,0,160
Shadow 1,{478a016b-3a89-44d0-a689-0cf7d6952ef9},-121.878,36.5932,1020.85,18.6428,13200,2-4-D,2,SFAPMFQ--------,0,160
Shadow 1,{478a016b-3a89-44d0-a689-0cf7d6952ef9},-121.878,36.5941,1014.1,18.78403333,13300,2-4-D,2,SFAPMFQ--------,0,160
Shadow 1,{478a016b-3a89-44d0-a689-0cf7d6952ef9},-121.878,36.595,1013.41,18.92526667,13400,2-4-D,2,SFAPMFQ--------,0,160
Shadow 1,{478a016b-3a89-44d0-a689-0cf7d6952ef9},-121.878,36.5959,1013.59,19.0665,13500,2-4-D,2,SFAPMFQ--------,0,160
Shadow 1,{478a016b-3a89-44d0-a689-0cf7d6952ef9},-121.877,36.5968,1013.32,19.20773333,13600,2-4-D,2,SFAPMFQ--------,0,160
Shadow 1,{478a016b-3a89-44d0-a689-0cf7d6952ef9},-121.877,36.5976,1011.54,19.34896667,13700,2-4-D,2,SFAPMFQ--------,0,160
Shadow 1,{478a016b-3a89-44d0-a689-0cf7d6952ef9},-121.877,36.5985,1009.31,19.4902,13800,2-4-D,2,SFAPMFQ--------,0,160
Shadow 1,{478a016b-3a89-44d0-a689-0cf7d6952ef9},-121.876,36.5993,1007.58,19.63143333,13900,2-4-D,2,SFAPMFQ--------,0,160
Shadow 1,{478a016b-3a89-44d0-a689-0cf7d6952ef9},-121.876,36.6001,1004.98,19.77266667,14000,2-4-D,2,SFAPMFQ--------,0,160
Shadow 1,{478a016b-3a89-44d0-a689-0cf7d6952ef9},-121.875,36.601,1019.72,19.9139,14100,2-4-D,2,SFAPMFQ--------,0,160
Shadow 1,{478a016b-3a89-44d0-a689-0cf7d6952ef9},-121.875,36.6017,1010.62,20.05513333,14200,2-4-D,2,SFAPMFQ--------,0,160
Shadow 1,{478a016b-3a89-44d0-a689-0cf7d6952ef9},-121.874,36.6025,1008.79,20.19636667,14300,2-4-D,2,SFAPMFQ--------,0,160
Shadow 1,{478a016b-3a89-44d0-a689-0cf7d6952ef9},-121.874,36.6033,1000.37,20.3376,14400,2-4-D,2,SFAPMFQ--------,0,160
Shadow 1,{478a016b-3a89-44d0-a689-0cf7d6952ef9},-121.873,36.604,1000.26,20.47883333,14500,2-4-D,2,SFAPMFQ--------,0,160
Shadow 1,{478a016b-3a89-44d0-a689-0cf7d6952ef9},-121.872,36.6047,1000.42,20.62006667,14600,2-4-D,2,SFAPMFQ--------,0,160
Shadow 1,{478a016b-3a89-44d0-a689-0cf7d6952ef9},-121.872,36.6054,1001,20.7613,14700,2-4-D,2,SFAPMFQ--------,0,160
Shadow 1,{478a016b-3a89-44d0-a689-0cf7d6952ef9},-121.871,36.606,1000,20.90253333,14800,2-4-D,2,SFAPMFQ--------,0,160
Shadow 1,{478a016b-3a89-44d0-a689-0cf7d6952ef9},-121.87,36.6066,1000.06,21.04376667,14900,2-4-D,2,SFAPMFQ--------,0,160
Shadow 1,{478a016b-3a89-44d0-a689-0cf7d6952ef9},-121.869,36.6072,1000.09,21.185,15000,2-4-D,2,SFAPMFQ--------,0,160
Shadow 1,{478a016b-3a89-44d0-a689-0cf7d6952ef9},-121.868,36.6078,1000.38,21.32623333,15100,2-4-D,2,SFAPMFQ--------,0,160
Shadow 1,{478a016b-3a89-44d0-a689-0cf7d6952ef9},-121.867,36.6083,1000.35,21.46746667,15200,2-4-D,2,SFAPMFQ--------,0,160
Shadow 1,{478a016b-3a89-44d0-a689-0cf7d6952ef9},-121.866,36.6088,1000.26,21.6087,15300,2-4-D,2,SFAPMFQ--------,0,160
Shadow 1,{478a016b-3a89-44d0-a689-0cf7d6952ef9},-121.866,36.6093,1000.56,21.74993333,15400,2-4-D,2,SFAPMFQ--------,0,160
Shadow 1,{478a016b-3a89-44d0-a689-0cf7d6952ef9},-121.865,36.6097,1000.23,21.89116667,15500,2-4-D,2,SFAPMFQ--------,0,160
Shadow 1,{478a016b-3a89-44d0-a689-0cf7d6952ef9},-121.864,36.6101,1000.17,22.0324,15600,2-4-D,2,SFAPMFQ--------,0,160
Shadow 1,{478a016b-3a89-44d0-a689-0cf7d6952ef9},-121.863,36.6104,1000.15,22.17363333,15700,2-4-D,2,SFAPMFQ--------,0,160
Shadow 1,{478a016b-3a89-44d0-a689-0cf7d6952ef9},-121.861,36.6108,1000.04,22.31486667,15800,2-4-D,2,SFAPMFQ--------,0,160
Shadow 1,{478a016b-3a89-44d0-a689-0cf7d6952ef9},-121.86,36.611,1000.25,22.4561,15900,2-4-D,2,SFAPMFQ--------,0,160
Shadow 1,{478a016b-3a89-44d0-a689-0cf7d6952ef9},-121.859,36.6113,1000.95,22.59733333,16000,2-4-D,2,SFAPMFQ--------,0,160
Shadow 1,{478a016b-3a89-44d0-a689-0cf7d6952ef9},-121.858,36.6115,1006.12,22.73856667,16100,2-4-D,2,SFAPMFQ--------,0,160
Shadow 1,{478a016b-3a89-44d0-a689-0cf7d6952ef9},-121.857,36.6117,1010.03,22.8798,16200,2-4-D,2,SFAPMFQ--------,0,160
Shadow 1,{478a016b-3a89-44d0-a689-0cf7d6952ef9},-121.856,36.6119,1009.98,23.02103333,16300,2-4-D,2,SFAPMFQ--------,0,160
Shadow 1,{478a016b-3a89-44d0-a689-0cf7d6952ef9},-121.855,36.612,1014.23,23.16226667,16400,2-4-D,2,SFAPMFQ--------,0,160
Shadow 1,{478a016b-3a89-44d0-a689-0cf7d6952ef9},-121.854,36.6121,1007.9,23.3035,16500,2-4-D,2,SFAPMFQ--------,0,160
Shadow 1,{478a016b-3a89-44d0-a689-0cf7d6952ef9},-121.853,36.6122,1006.08,23.44473333,16600,2-4-D,2,SFAPMFQ--------,0,160
Shadow 1,{478a016b-3a89-44d0-a689-0cf7d6952ef9},-121.852,36.6122,1006.7,23.58596667,16700,2-4-D,2,SFAPMFQ--------,0,160
Shadow 1,{478a016b-3a89-44d0-a689-0cf7d6952ef9},-121.851,36.6122,1006.2,23.7272,16800,2-4-D,2,SFAPMFQ--------,0,160
Shadow 1,{478a016b-3a89-44d0-a689-0cf7d6952ef9},-121.849,36.6122,1005.9,23.86843333,16900,2-4-D,2,SFAPMFQ--------,0,160
Shadow 1,{478a016b-3a89-44d0-a689-0cf7d6952ef9},-121.848,36.6121,1006.36,24.00966667,17000,2-4-D,2,SFAPMFQ--------,0,160
Shadow 1,{478a016b-3a89-44d0-a689-0cf7d6952ef9},-121.847,36.612,1007.19,24.1509,17100,2-4-D,2,SFAPMFQ--------,0,160
Shadow 1,{478a016b-3a89-44d0-a689-0cf7d6952ef9},-121.846,36.6119,1008.65,24.29213333,17200,2-4-D,2,SFAPMFQ--------,0,160
Shadow 1,{478a016b-3a89-44d0-a689-0cf7d6952ef9},-121.845,36.6118,1009.79,24.43336667,17300,2-4-D,2,SFAPMFQ--------,0,160
Shadow 1,{478a016b-3a89-44d0-a689-0cf7d6952ef9},-121.844,36.6116,1010.9,24.5746,17400,2-4-D,2,SFAPMFQ--------,0,160
Shadow 1,{478a016b-3a89-44d0-a689-0cf7d6952ef9},-121.843,36.6114,1011.3,24.71583333,17500,2-4-D,2,SFAPMFQ--------,0,160
Shadow 1,{478a016b-3a89-44d0-a689-0cf7d6952ef9},-121.842,36.6112,1011.48,24.9,17600,2-4-D,2,SFAPMFQ--------,0,160
Shadow 1,{478a016b-3a89-44d0-a689-0cf7d6952ef9},-121.841,36.6109,1014.12,24.9983,17700,2-4-D,2,SFAPMFQ--------,0,160
