{"type":"CIMPointSymbol","symbolLayers":[{"type":"CIMVectorMarker","enable":true,"primitiveName":"DOM_arrow","anchorPoint":{"x":0.0038095201764787884,"y":-0.21395,"z":0},"anchorPointUnits":"Relative","dominantSizeAxis3D":"Y","rotateClockwise":true,"rotation":45,"size":64,"billboardMode3D":"FaceNearPlane","frame":{"xmin":-82,"ymin":-300,"xmax":80,"ymax":300},"markerGraphics":[{"type":"CIMMarkerGraphic","geometry":{"rings":[[[29.7,59.7],[3.3,76.5],[3.3,-136.5],[-5.1,-136.5],[-5.1,76.5],[-30.3,59.7],[-0.3,136.5],[29.7,59.7]]]},"symbol":{"type":"CIMPolygonSymbol","symbolLayers":[{"type":"CIMSolidFill","enable":true,"color":[0,0,0,255]}]}}],"scaleSymbolsProportionally":true,"respectFrame":true}],"haloSize":1,"scaleX":1,"angleAlignment":"Map","version":"2.0.0","build":"8933"}