{"type":"CIMPointSymbol","symbolLayers":[{"type":"CIMVectorMarker","enable":true,"primitiveName":"DOM_bar","anchorPoint":{"x":-0.40999999999999998,"y":0.070000000000000007,"z":0},"anchorPointUnits":"Relative","dominantSizeAxis3D":"Y","size":24,"billboardMode3D":"FaceNearPlane","frame":{"xmin":-2.26,"ymin":-14.39,"xmax":22.86,"ymax":10.72},"markerGraphics":[{"type":"CIMMarkerGraphic","geometry":{"x":0,"y":0},"symbol":{"type":"CIMPointSymbol","symbolLayers":[{"type":"CIMVectorMarker","enable":true,"anchorPoint":{"x":0,"y":0.5,"z":0},"anchorPointUnits":"Relative","dominantSizeAxis3D":"Y","size":12,"billboardMode3D":"FaceNearPlane","frame":{"xmin":-1.5,"ymin":-5.0,"xmax":1.5,"ymax":5.0},"markerGraphics":[{"type":"CIMMarkerGraphic","geometry":{"paths":[[[0.0,5.0],[0.0,-5.0]]]},"symbol":{"type":"CIMLineSymbol","symbolLayers":[{"type":"CIMSolidStroke","enable":true,"capStyle":"Butt","joinStyle":"Round","lineStyle3D":"Strip","miterLimit":10,"width":0.69999999999999996,"color":[0,0,0,255]}]}}],"scaleSymbolsProportionally":true,"respectFrame":true},{"type":"CIMVectorMarker","enable":true,"primitiveName":"DOM_arrow","anchorPoint":{"x":-0.0010529798235212121,"y":-0.22610625000000004,"z":0},"anchorPointUnits":"Relative","dominantSizeAxis3D":"Y","offsetY":-12,"rotateClockwise":true,"rotation":45,"size":64,"billboardMode3D":"FaceNearPlane","frame":{"xmin":-82,"ymin":-300,"xmax":80,"ymax":300},"markerGraphics":[{"type":"CIMMarkerGraphic","geometry":{"rings":[[[29.7,59.7],[3.3,76.5],[3.3,-136.5],[-5.1,-136.5],[-5.1,76.5],[-30.3,59.7],[-0.3,136.5],[29.7,59.7]]]},"symbol":{"type":"CIMPolygonSymbol","symbolLayers":[{"type":"CIMSolidFill","enable":true,"color":[0,0,0,255]}]}}],"scaleSymbolsProportionally":true,"respectFrame":true}],"haloSize":0,"scaleX":1,"angleAlignment":"Display"}}],"scaleSymbolsProportionally":true,"respectFrame":true}],"haloSize":1,"scaleX":1,"angleAlignment":"Map","version":"2.0.0","build":"8933"}