{"type":"CIMPointSymbol","symbolLayers":[{"type":"CIMVectorMarker","enable":true,"anchorPointUnits":"Relative","dominantSizeAxis3D":"Z","size":64,"billboardMode3D":"FaceNearPlane","frame":{"xmin":0,"ymin":0,"xmax":612,"ymax":792},"markerGraphics":[{"type":"CIMMarkerGraphic","geometry":{"x":257,"y":460.16796875},"symbol":{"type":"CIMTextSymbol","blockProgression":"TTB","depth3D":1,"extrapolateBaselines":true,"fontEffects":"Normal","fontEncoding":"Unicode","fontFamilyName":"Arial","fontType":"Unspecified","haloSize":1,"height":52,"hinting":"Default","horizontalAlignment":"Left","kerning":true,"letterWidth":100,"ligatures":true,"lineGapType":"ExtraLeading","symbol":{"type":"CIMPolygonSymbol","symbolLayers":[{"type":"CIMSolidFill","enable":true,"colorLocked":true,"color":[0,0,0,255]}]},"textCase":"Normal","textDirection":"LTR","verticalAlignment":"Baseline","verticalGlyphOrientation":"Right","wordSpacing":100,"billboardMode3D":"FaceNearPlane"},"textString":"REL","primitiveName":"icon_element"},{"type":"CIMMarkerGraphic","geometry":{"rings":[[[306.3,304.5],[310.9,304.0],[316.3,304.8],[341.3,314.3],[352.3,315.9],[372.0,311.4],[377.0,311.1],[379.7,311.9],[381.9,314.4],[382.7,317.0],[382.0,319.7],[380.0,322.4],[374.2,326.7],[356.8,335.8],[352.3,339.2],[351.7,341.4],[352.9,343.5],[363.7,349.2],[365.2,351.3],[360.7,354.2],[348.0,357.4],[266.8,366.5],[240.8,367.4],[235.0,366.5],[234.5,364.6],[235.3,362.6],[245.1,354.3],[247.0,349.9],[245.7,347.7],[242.3,346.1],[223.0,342.9],[219.7,341.2],[220.2,338.7],[222.7,336.2],[233.3,331.3],[250.2,326.9],[279.7,321.2],[286.5,317.8],[299.2,307.7],[306.3,304.5]]]},"symbol":{"type":"CIMPolygonSymbol","symbolLayers":[{"type":"CIMSolidFill","enable":true,"primitiveName":"icon_element","color":[255,255,255,255]}]}},{"type":"CIMMarkerGraphic","geometry":{"paths":[[[266.8,366.5],[240.8,367.4],[235.0,366.5],[234.5,364.6],[235.3,362.6],[245.1,354.3],[247.0,349.9],[245.7,347.7],[242.3,346.1],[223.0,342.9],[219.7,341.2],[220.2,338.7],[222.7,336.2],[233.3,331.3],[250.2,326.9],[279.7,321.2],[286.5,317.8],[299.2,307.7],[306.3,304.5],[310.9,304.0],[316.3,304.8],[341.3,314.3],[352.3,315.9],[372.0,311.4],[377.0,311.1],[379.7,311.9],[381.9,314.4],[382.7,317.0],[382.0,319.7],[380.0,322.4],[374.2,326.7],[356.8,335.8],[352.3,339.2],[351.7,341.4],[352.9,343.5],[363.7,349.2],[365.2,351.3],[360.7,354.2],[348.0,357.4]]]},"symbol":{"type":"CIMPolygonSymbol","symbolLayers":[{"type":"CIMSolidStroke","enable":true,"colorLocked":true,"capStyle":"Butt","joinStyle":"Miter","lineStyle3D":"Strip","miterLimit":10,"width":4,"color":[0,0,0,255]}]}},{"type":"CIMMarkerGraphic","geometry":{"rings":[[[346.2,444.4],[268.2,444.4],[268.3,339.4],[346.3,339.4],[346.2,444.4]]]},"symbol":{"type":"CIMPolygonSymbol","symbolLayers":[{"type":"CIMSolidFill","enable":true,"primitiveName":"icon_element","color":[255,255,255,255]}]}},{"type":"CIMMarkerGraphic","geometry":{"rings":[[[346.2,444.4],[268.2,444.4],[268.3,339.4],[346.3,339.4],[346.2,444.4]]]},"symbol":{"type":"CIMPolygonSymbol","symbolLayers":[{"type":"CIMSolidStroke","enable":true,"colorLocked":true,"capStyle":"Round","joinStyle":"Miter","lineStyle3D":"Strip","miterLimit":10,"width":3.000000000009976,"color":[0,0,0,255]}]}},{"type":"CIMMarkerGraphic","geometry":{"rings":[[[307.2,454.4],[292.3,453.7],[279.7,451.5],[274.8,450.0],[271.2,448.2],[269.0,446.4],[268.2,444.4],[269.0,442.5],[271.2,440.6],[274.8,438.9],[279.7,437.3],[292.3,435.2],[307.2,434.4],[322.2,435.2],[334.8,437.3],[339.7,438.9],[343.3,440.6],[345.5,442.5],[346.2,444.4],[345.5,446.4],[343.3,448.2],[339.7,450.0],[334.8,451.5],[322.2,453.7],[307.2,454.4]]]},"symbol":{"type":"CIMPolygonSymbol","symbolLayers":[{"type":"CIMSolidFill","enable":true,"primitiveName":"icon_element","color":[255,255,255,255]}]}},{"type":"CIMMarkerGraphic","geometry":{"rings":[[[307.2,454.4],[292.3,453.7],[279.7,451.5],[274.8,450.0],[271.2,448.2],[269.0,446.4],[268.2,444.4],[269.0,442.5],[271.2,440.6],[274.8,438.9],[279.7,437.3],[292.3,435.2],[307.2,434.4],[322.2,435.2],[334.8,437.3],[339.7,438.9],[343.3,440.6],[345.5,442.5],[346.2,444.4],[345.5,446.4],[343.3,448.2],[339.7,450.0],[334.8,451.5],[322.2,453.7],[307.2,454.4]]]},"symbol":{"type":"CIMPolygonSymbol","symbolLayers":[{"type":"CIMSolidStroke","enable":true,"colorLocked":true,"capStyle":"Round","joinStyle":"Miter","lineStyle3D":"Strip","miterLimit":10,"width":3.000000000009976,"color":[0,0,0,255]}]}},{"type":"CIMMarkerGraphic","geometry":{"rings":[[[307.8,349.4],[292.8,348.7],[280.2,346.5],[275.3,345.0],[271.7,343.2],[269.5,341.4],[268.8,339.4],[269.5,337.5],[271.7,335.6],[275.3,333.9],[280.2,332.3],[292.8,330.2],[307.8,329.4],[322.7,330.2],[335.3,332.3],[340.2,333.9],[343.8,335.6],[346.0,337.5],[346.8,339.4],[346.0,341.4],[343.8,343.2],[340.2,345.0],[335.3,346.5],[322.7,348.7],[307.8,349.4]]]},"symbol":{"type":"CIMPolygonSymbol","symbolLayers":[{"type":"CIMSolidFill","enable":true,"primitiveName":"icon_element","color":[255,255,255,255]}]}},{"type":"CIMMarkerGraphic","geometry":{"rings":[[[307.8,349.4],[292.8,348.7],[280.2,346.5],[275.3,345.0],[271.7,343.2],[269.5,341.4],[268.8,339.4],[269.5,337.5],[271.7,335.6],[275.3,333.9],[280.2,332.3],[292.8,330.2],[307.8,329.4],[322.7,330.2],[335.3,332.3],[340.2,333.9],[343.8,335.6],[346.0,337.5],[346.8,339.4],[346.0,341.4],[343.8,343.2],[340.2,345.0],[335.3,346.5],[322.7,348.7],[307.8,349.4]]]},"symbol":{"type":"CIMPolygonSymbol","symbolLayers":[{"type":"CIMSolidStroke","enable":true,"colorLocked":true,"capStyle":"Round","joinStyle":"Miter","lineStyle3D":"Strip","miterLimit":10,"width":3.000000000009976,"color":[0,0,0,255]}]}},{"type":"CIMMarkerGraphic","geometry":{"rings":[[[344.9,354.4],[270.2,354.4],[270.2,339.2],[344.9,339.2],[344.9,354.4]]]},"symbol":{"type":"CIMPolygonSymbol","symbolLayers":[{"type":"CIMSolidFill","enable":true,"primitiveName":"icon_element","color":[255,255,255,255]}]}},{"type":"CIMMarkerGraphic","geometry":{"rings":[[[286.86,389.57],[286.86,403.54],[284.94,401.91],[282.49,399.59],[281.02,398.01],[280.65,397.51],[280.52,397.2],[280.52,389.57],[286.86,389.57]]]},"symbol":{"type":"CIMPolygonSymbol","symbolLayers":[{"type":"CIMSolidFill","enable":true,"primitiveName":"icon_element","color":[255,255,255,255]}]}},{"type":"CIMMarkerGraphic","geometry":{"rings":[[[302.19,389.57],[302.12,418.58],[294.7,411.31],[294.49,389.57],[302.19,389.57]]]},"symbol":{"type":"CIMPolygonSymbol","symbolLayers":[{"type":"CIMSolidFill","enable":true,"primitiveName":"icon_element","color":[255,255,255,255]}]}},{"type":"CIMMarkerGraphic","geometry":{"rings":[[[318.72,389.57],[318.72,410.89],[318.11,411.81],[316.33,413.7],[311.1,418.51],[311.1,389.57],[318.72,389.57]]]},"symbol":{"type":"CIMPolygonSymbol","symbolLayers":[{"type":"CIMSolidFill","enable":true,"primitiveName":"icon_element","color":[255,255,255,255]}]}},{"type":"CIMMarkerGraphic","geometry":{"rings":[[[332.69,389.57],[332.69,396.56],[332.98,397.49],[326.35,403.54],[326.35,389.57],[332.69,389.57]]]},"symbol":{"type":"CIMPolygonSymbol","symbolLayers":[{"type":"CIMSolidFill","enable":true,"primitiveName":"icon_element","color":[255,255,255,255]}]}},{"type":"CIMMarkerGraphic","geometry":{"rings":[[[341.0,388.6],[272.2,388.6],[306.5,355.4],[341.0,388.6]]]},"symbol":{"type":"CIMPolygonSymbol","symbolLayers":[{"type":"CIMSolidFill","enable":true,"primitiveName":"icon_element","color":[255,255,255,255]}]}},{"type":"CIMMarkerGraphic","geometry":{"rings":[[[311.1,418.5],[316.3,413.7],[318.7,410.9],[318.7,389.6],[311.1,389.6],[311.1,418.5]],[[326.4,403.5],[333.0,397.4],[332.7,396.6],[332.7,389.6],[326.4,389.6],[326.4,403.5]],[[294.7,411.3],[302.1,418.6],[302.2,389.6],[294.5,389.6],[294.7,411.3]],[[280.5,397.2],[282.4,399.5],[286.9,403.5],[286.9,389.5],[280.5,389.5],[280.5,397.2]],[[272.2,388.6],[341.0,388.6],[306.5,355.4],[272.2,388.6]],[[343.2,388.9],[306.7,424.6],[270.2,389.0],[306.6,353.5],[343.2,388.9]]]},"symbol":{"type":"CIMPolygonSymbol","symbolLayers":[{"type":"CIMSolidFill","enable":true,"colorLocked":true,"color":[0,0,0,255]}]}},{"type":"CIMMarkerGraphic","geometry":{"paths":[[[359.71,354.39],[355.14,355.82]]]},"symbol":{"type":"CIMPolygonSymbol","symbolLayers":[{"type":"CIMSolidStroke","enable":true,"colorLocked":true,"capStyle":"Butt","joinStyle":"Miter","lineStyle3D":"Strip","miterLimit":10,"width":1,"color":[0,0,0,255]}]}}],"scaleSymbolsProportionally":true,"respectFrame":true}],"haloSize":1,"scaleX":1,"angleAlignment":"Display","version":"2.0.0","build":"8933"}