{"type":"CIMPointSymbol","symbolLayers":[{"type":"CIMVectorMarker","enable":true,"anchorPointUnits":"Relative","dominantSizeAxis3D":"Z","size":64,"billboardMode3D":"FaceNearPlane","frame":{"xmin":0,"ymin":0,"xmax":612,"ymax":792},"markerGraphics":[{"type":"CIMMarkerGraphic","geometry":{"paths":[[[307.0,295.5],[300.1,296.2],[292.6,298.1],[287.7,300.3],[286.0,302.5],[286.0,327.0],[276.0,331.8],[267.3,337.6],[260.1,344.4],[254.4,352.1],[250.3,360.7],[247.8,369.9],[247.0,379.6],[248.0,389.6],[250.9,399.9],[255.6,409.8],[261.9,418.7],[269.5,426.3],[278.0,432.2],[287.3,436.4],[297.0,438.7],[307.0,439.0]]]},"symbol":{"type":"CIMPolygonSymbol","symbolLayers":[{"type":"CIMSolidStroke","enable":true,"primitiveName":"icon_element","capStyle":"Butt","joinStyle":"Miter","lineStyle3D":"Strip","miterLimit":10,"width":3.4999999403953552,"color":[0,0,0,255]}]}},{"type":"CIMMarkerGraphic","geometry":{"paths":[[[303.5,295.5],[310.4,296.2],[317.9,298.1],[322.8,300.3],[324.5,302.5],[324.5,327.0],[334.5,331.8],[343.2,337.6],[350.4,344.4],[356.1,352.1],[360.3,360.7],[362.7,369.9],[363.5,379.6],[362.5,389.6],[359.6,399.9],[354.9,409.8],[348.6,418.7],[341.0,426.3],[332.5,432.2],[323.2,436.4],[313.5,438.7],[303.5,439.0]]]},"symbol":{"type":"CIMPolygonSymbol","symbolLayers":[{"type":"CIMSolidStroke","enable":true,"primitiveName":"icon_element","capStyle":"Butt","joinStyle":"Miter","lineStyle3D":"Strip","miterLimit":10,"width":3.4999999403953552,"color":[0,0,0,255]}]}},{"type":"CIMMarkerGraphic","geometry":{"x":249.658203125,"y":457.167877197265625},"symbol":{"type":"CIMTextSymbol","blockProgression":"TTB","depth3D":1,"extrapolateBaselines":true,"fontEffects":"Normal","fontEncoding":"Unicode","fontFamilyName":"Arial","fontType":"Unspecified","haloSize":1,"height":52,"hinting":"Default","horizontalAlignment":"Left","kerning":true,"letterWidth":100,"ligatures":true,"lineGapType":"ExtraLeading","symbol":{"type":"CIMPolygonSymbol","symbolLayers":[{"type":"CIMSolidFill","enable":true,"color":[0,0,0,255]}]},"textCase":"Normal","textDirection":"LTR","verticalAlignment":"Baseline","verticalGlyphOrientation":"Right","wordSpacing":100,"billboardMode3D":"FaceNearPlane"},"textString":"GEN","primitiveName":"icon_element"}],"scaleSymbolsProportionally":true,"respectFrame":true}],"haloSize":1,"scaleX":1,"angleAlignment":"Display","version":"2.0.0","build":"8933"}