{"type":"CIMPointSymbol","symbolLayers":[{"type":"CIMVectorMarker","enable":true,"anchorPointUnits":"Relative","dominantSizeAxis3D":"Z","size":64,"billboardMode3D":"FaceNearPlane","frame":{"xmin":0,"ymin":0,"xmax":612,"ymax":792},"markerGraphics":[{"type":"CIMMarkerGraphic","geometry":{"rings":[[[313.5,384.2],[314.8,385.3],[317.3,388.5],[326.0,401.3],[283.4,401.3],[292.1,388.4],[294.6,385.3],[296.0,384.2],[313.5,384.2]]]},"symbol":{"type":"CIMPolygonSymbol","symbolLayers":[{"type":"CIMSolidFill","enable":true,"colorLocked":true,"color":[0,0,0,255]}]}},{"type":"CIMMarkerGraphic","geometry":{"rings":[[[285.27,378.79],[285.5,379.3],[285.2,380.12],[284.26,381.77],[277.23,392.87],[276.04,395.08],[275.5,396.5],[273.1,395.4],[283.4,378.0],[285.27,378.79]]]},"symbol":{"type":"CIMPolygonSymbol","symbolLayers":[{"type":"CIMSolidFill","enable":true,"colorLocked":true,"color":[0,0,0,255]}]}},{"type":"CIMMarkerGraphic","geometry":{"rings":[[[336.3,395.3],[334.7,396.3],[323.9,379.6],[324.01,378.85],[324.33,378.35],[324.88,378.11],[325.7,378.1],[336.3,395.3]]]},"symbol":{"type":"CIMPolygonSymbol","symbolLayers":[{"type":"CIMSolidFill","enable":true,"colorLocked":true,"color":[0,0,0,255]}]}},{"type":"CIMMarkerGraphic","geometry":{"rings":[[[316.8,375.0],[316.8,377.6],[292.6,377.6],[292.6,375.0],[316.8,375.0]]]},"symbol":{"type":"CIMPolygonSymbol","symbolLayers":[{"type":"CIMSolidFill","enable":true,"colorLocked":true,"color":[0,0,0,255]}]}},{"type":"CIMMarkerGraphic","geometry":{"rings":[[[348.9,393.8],[346.9,394.6],[330.5,368.4],[332.9,367.6],[348.9,393.8]]]},"symbol":{"type":"CIMPolygonSymbol","symbolLayers":[{"type":"CIMSolidFill","enable":true,"colorLocked":true,"color":[0,0,0,255]}]}},{"type":"CIMMarkerGraphic","geometry":{"rings":[[[278.9,368.4],[262.2,394.7],[260.5,393.8],[277.2,367.5],[278.9,368.4]]]},"symbol":{"type":"CIMPolygonSymbol","symbolLayers":[{"type":"CIMSolidFill","enable":true,"colorLocked":true,"color":[0,0,0,255]}]}},{"type":"CIMMarkerGraphic","geometry":{"rings":[[[325.5,364.6],[325.5,367.1],[284.3,367.1],[284.3,364.6],[325.5,364.6]]]},"symbol":{"type":"CIMPolygonSymbol","symbolLayers":[{"type":"CIMSolidFill","enable":true,"colorLocked":true,"color":[0,0,0,255]}]}},{"type":"CIMMarkerGraphic","geometry":{"rings":[[[270.9,359.6],[249.7,393.0],[248.0,391.7],[249.9,388.3],[258.4,375.0],[269.2,358.3],[270.9,359.6]]]},"symbol":{"type":"CIMPolygonSymbol","symbolLayers":[{"type":"CIMSolidFill","enable":true,"colorLocked":true,"color":[0,0,0,255]}]}},{"type":"CIMMarkerGraphic","geometry":{"rings":[[[361.8,392.0],[359.7,393.0],[338.4,359.7],[340.4,358.1],[361.8,392.0]]]},"symbol":{"type":"CIMPolygonSymbol","symbolLayers":[{"type":"CIMSolidFill","enable":true,"colorLocked":true,"color":[0,0,0,255]}]}},{"type":"CIMMarkerGraphic","geometry":{"rings":[[[218.0,360.5],[217.89,360.48],[217.79,360.41],[217.62,360.13],[217.47,359.67],[217.36,359.03],[217.28,358.22],[217.22,357.24],[217.2,354.6],[218.0,360.5]]]},"symbol":{"type":"CIMPolygonSymbol","symbolLayers":[{"type":"CIMSolidFill","enable":true,"primitiveName":"icon_element","color":[255,255,255,255]}]}},{"type":"CIMMarkerGraphic","geometry":{"rings":[[[334.3,354.2],[334.3,356.7],[275.5,356.7],[275.5,354.2],[334.3,354.2]]]},"symbol":{"type":"CIMPolygonSymbol","symbolLayers":[{"type":"CIMSolidFill","enable":true,"colorLocked":true,"color":[0,0,0,255]}]}},{"type":"CIMMarkerGraphic","geometry":{"rings":[[[224.26,351.41],[224.6,357.6],[223.8,350.5],[224.26,351.41]]]},"symbol":{"type":"CIMPolygonSymbol","symbolLayers":[{"type":"CIMSolidFill","enable":true,"colorLocked":true,"color":[0,0,0,255]}]}},{"type":"CIMMarkerGraphic","geometry":{"rings":[[[296.0,384.2],[292.0,388.6],[283.5,401.3],[326.0,401.3],[313.5,384.2],[296.0,384.2]],[[324.4,378.4],[323.9,379.6],[334.7,396.3],[336.3,395.3],[325.7,378.1],[324.4,378.4]],[[273.1,395.4],[275.5,396.4],[285.5,379.2],[283.4,377.9],[273.1,395.4]],[[292.6,377.6],[316.8,377.6],[316.8,375.0],[292.6,375.0],[292.6,377.6]],[[330.5,368.4],[346.9,394.6],[348.9,393.9],[332.9,367.7],[330.5,368.4]],[[260.5,393.8],[262.2,394.7],[279.0,368.5],[277.2,367.5],[260.5,393.8]],[[284.3,367.1],[325.6,367.1],[325.6,364.6],[284.3,364.6],[284.3,367.1]],[[267.6,360.8],[258.5,375.1],[248.0,391.7],[249.7,392.9],[271.0,359.7],[269.3,358.4],[267.6,360.8]],[[338.3,359.6],[359.7,393.0],[361.7,392.0],[340.3,358.0],[338.3,359.6]],[[275.5,356.7],[334.3,356.7],[334.3,354.2],[275.5,354.2],[275.5,356.7]],[[235.0,390.4],[237.5,391.5],[263.4,349.7],[261.4,348.8],[235.0,390.4]],[[345.8,349.8],[372.3,391.3],[374.3,390.1],[361.5,369.6],[348.5,348.8],[345.8,349.8]],[[266.4,346.3],[343.1,346.3],[343.1,343.4],[266.4,343.4],[266.4,346.3]],[[386.4,338.0],[386.6,343.4],[383.5,370.5],[383.5,373.0],[382.7,373.0],[382.7,374.6],[379.6,387.8],[373.7,404.8],[370.9,411.6],[367.2,418.0],[359.2,429.6],[348.5,440.3],[335.6,448.5],[321.2,453.4],[306.0,455.1],[303.5,455.1],[286.7,453.1],[271.3,447.1],[257.6,437.3],[246.5,424.2],[238.9,410.8],[232.3,394.1],[227.0,373.7],[224.7,357.5],[223.9,350.4],[223.4,338.0],[386.4,338.0]]]},"symbol":{"type":"CIMPolygonSymbol","symbolLayers":[{"type":"CIMSolidFill","enable":true,"primitiveName":"icon_element","color":[255,255,255,255]}]}},{"type":"CIMMarkerGraphic","geometry":{"rings":[[[348.5,348.8],[349.3,350.7],[351.2,353.8],[361.5,369.6],[372.3,386.5],[374.3,390.1],[373.8,390.8],[372.2,391.4],[345.7,349.8],[348.5,348.8]]]},"symbol":{"type":"CIMPolygonSymbol","symbolLayers":[{"type":"CIMSolidFill","enable":true,"colorLocked":true,"color":[0,0,0,255]}]}},{"type":"CIMMarkerGraphic","geometry":{"rings":[[[263.4,349.7],[237.5,391.5],[235.0,390.4],[261.4,348.8],[263.4,349.7]]]},"symbol":{"type":"CIMPolygonSymbol","symbolLayers":[{"type":"CIMSolidFill","enable":true,"colorLocked":true,"color":[0,0,0,255]}]}},{"type":"CIMMarkerGraphic","geometry":{"rings":[[[343.1,343.4],[343.1,346.3],[266.4,346.3],[266.4,343.4],[343.1,343.4]]]},"symbol":{"type":"CIMPolygonSymbol","symbolLayers":[{"type":"CIMSolidFill","enable":true,"colorLocked":true,"color":[0,0,0,255]}]}},{"type":"CIMMarkerGraphic","geometry":{"rings":[[[223.8,350.5],[224.6,357.6],[226.9,373.8],[232.2,394.1],[238.8,410.7],[246.3,424.2],[257.5,437.3],[271.2,447.1],[286.6,453.1],[303.3,455.1],[306.0,455.1],[321.2,453.4],[335.6,448.5],[348.5,440.4],[359.3,429.6],[367.3,418.0],[370.9,411.6],[373.7,404.8],[379.6,387.8],[382.7,374.6],[382.7,373.0],[383.5,373.0],[383.5,370.5],[386.6,343.4],[386.4,338.0],[223.4,338.0],[223.8,350.5]],[[393.5,330.9],[393.5,333.4],[392.9,353.7],[390.3,372.4],[384.3,396.0],[380.6,405.1],[377.6,413.2],[369.8,427.2],[362.2,437.0],[354.2,444.6],[342.6,452.6],[331.3,458.0],[319.2,461.2],[306.0,462.2],[303.5,462.2],[285.5,460.2],[269.1,454.1],[254.6,444.1],[242.1,430.3],[233.4,415.5],[226.8,398.8],[220.8,378.2],[218.0,360.5],[217.2,354.6],[216.3,340.5],[216.3,330.9],[393.5,330.9]]]},"symbol":{"type":"CIMPolygonSymbol","symbolLayers":[{"type":"CIMSolidFill","enable":true,"colorLocked":true,"color":[0,0,0,255]}]}}],"scaleSymbolsProportionally":true,"respectFrame":true}],"haloSize":1,"scaleX":1,"angleAlignment":"Display","version":"2.0.0","build":"8933"}