{"type":"CIMPointSymbol","symbolLayers":[{"type":"CIMVectorMarker","enable":true,"anchorPointUnits":"Relative","dominantSizeAxis3D":"Z","size":64,"billboardMode3D":"FaceNearPlane","frame":{"xmin":0,"ymin":0,"xmax":612,"ymax":792},"markerGraphics":[{"type":"CIMMarkerGraphic","geometry":{"rings":[[[369.3,437.1],[304.6,469.4],[240.4,437.1],[369.3,437.1]]]},"symbol":{"type":"CIMPolygonSymbol","symbolLayers":[{"type":"CIMSolidFill","enable":true,"primitiveName":"icon_element","color":[255,255,255,255]}]}},{"type":"CIMMarkerGraphic","geometry":{"rings":[[[240.4,437.1],[304.6,469.5],[369.3,437.1],[240.4,437.1]],[[385.8,429.6],[388.5,430.5],[390.0,432.3],[388.3,436.8],[381.9,440.1],[370.9,445.5],[348.8,456.3],[304.6,477.9],[261.6,456.7],[240.2,446.3],[229.6,441.0],[222.3,437.3],[220.2,433.9],[220.2,432.8],[220.7,430.1],[223.4,429.6],[385.8,429.6]]]},"symbol":{"type":"CIMPolygonSymbol","symbolLayers":[{"type":"CIMSolidFill","enable":true,"colorLocked":true,"color":[0,0,0,255]}]}},{"type":"CIMMarkerGraphic","geometry":{"rings":[[[380.0,343.1],[380.0,352.7],[376.2,352.7],[376.4,354.8],[374.1,412.6],[374.1,416.4],[380.0,416.4],[380.0,424.3],[360.3,424.3],[360.3,416.4],[365.6,416.4],[365.8,405.2],[364.0,352.7],[360.3,352.7],[360.3,343.1],[380.0,343.1]]]},"symbol":{"type":"CIMPolygonSymbol","symbolLayers":[{"type":"CIMSolidFill","enable":true,"colorLocked":true,"color":[0,0,0,255]}]}},{"type":"CIMMarkerGraphic","geometry":{"rings":[[[337.5,343.1],[337.5,352.7],[333.9,352.7],[332.2,416.4],[337.5,416.4],[337.5,424.3],[318.4,424.3],[318.4,416.4],[323.8,416.4],[322.6,371.8],[321.6,352.7],[318.4,352.7],[318.4,343.1],[337.5,343.1]]]},"symbol":{"type":"CIMPolygonSymbol","symbolLayers":[{"type":"CIMSolidFill","enable":true,"colorLocked":true,"color":[0,0,0,255]}]}},{"type":"CIMMarkerGraphic","geometry":{"rings":[[[249.4,343.1],[249.4,352.7],[245.7,352.7],[244.6,374.4],[243.6,416.4],[249.4,416.4],[249.4,424.3],[229.3,424.3],[229.3,416.4],[235.3,416.4],[233.0,352.7],[229.3,352.7],[229.3,343.1],[249.4,343.1]]]},"symbol":{"type":"CIMPolygonSymbol","symbolLayers":[{"type":"CIMSolidFill","enable":true,"colorLocked":true,"color":[0,0,0,255]}]}},{"type":"CIMMarkerGraphic","geometry":{"rings":[[[291.3,343.1],[291.3,352.7],[287.1,352.7],[287.1,358.0],[285.6,411.1],[285.5,416.4],[291.3,416.4],[291.3,424.3],[271.7,424.3],[271.7,416.4],[277.5,416.4],[277.5,411.1],[275.4,354.8],[275.4,352.7],[271.7,352.7],[271.7,343.1],[291.3,343.1]]]},"symbol":{"type":"CIMPolygonSymbol","symbolLayers":[{"type":"CIMSolidFill","enable":true,"colorLocked":true,"color":[0,0,0,255]}]}},{"type":"CIMMarkerGraphic","geometry":{"rings":[[[383.7,330.4],[383.7,337.8],[225.5,337.8],[225.5,330.4],[383.7,330.4]]]},"symbol":{"type":"CIMPolygonSymbol","symbolLayers":[{"type":"CIMSolidFill","enable":true,"colorLocked":true,"color":[0,0,0,255]}]}},{"type":"CIMMarkerGraphic","geometry":{"rings":[[[389.5,314.5],[389.5,321.9],[220.2,321.9],[220.2,314.5],[389.5,314.5]]]},"symbol":{"type":"CIMPolygonSymbol","symbolLayers":[{"type":"CIMSolidFill","enable":true,"colorLocked":true,"color":[0,0,0,255]}]}},{"type":"CIMMarkerGraphic","geometry":{"rings":[[[249.4,343.1],[249.4,352.7],[245.7,352.7],[244.6,374.4],[243.6,416.4],[249.4,416.4],[249.4,424.3],[229.3,424.3],[229.3,416.4],[235.3,416.4],[233.0,352.7],[229.3,352.7],[229.3,343.1],[249.4,343.1]]]},"symbol":{"type":"CIMPolygonSymbol","symbolLayers":[{"type":"CIMSolidFill","enable":true,"colorLocked":true,"color":[0,0,0,255]}]}},{"type":"CIMMarkerGraphic","geometry":{"rings":[[[337.5,343.1],[337.5,352.7],[333.9,352.7],[332.2,416.4],[337.5,416.4],[337.5,424.3],[318.4,424.3],[318.4,416.4],[323.8,416.4],[322.6,371.8],[321.6,352.7],[318.4,352.7],[318.4,343.1],[337.5,343.1]]]},"symbol":{"type":"CIMPolygonSymbol","symbolLayers":[{"type":"CIMSolidFill","enable":true,"colorLocked":true,"color":[0,0,0,255]}]}}],"scaleSymbolsProportionally":true,"respectFrame":true}],"haloSize":1,"scaleX":1,"angleAlignment":"Display","version":"2.0.0","build":"8933"}