{"type":"CIMPointSymbol","symbolLayers":[{"type":"CIMVectorMarker","enable":true,"anchorPointUnits":"Relative","dominantSizeAxis3D":"Z","size":64,"billboardMode3D":"FaceNearPlane","frame":{"xmin":0,"ymin":0,"xmax":612,"ymax":792},"markerGraphics":[{"type":"CIMMarkerGraphic","geometry":{"rings":[[[262.35,362.1],[262.35,391.5],[258.31,388.07],[253.14,383.18],[250.05,379.86],[249.26,378.8],[249.0,378.15],[249.0,362.1],[262.35,362.1]]]},"symbol":{"type":"CIMPolygonSymbol","symbolLayers":[{"type":"CIMSolidFill","enable":true,"primitiveName":"icon_element","color":[255,255,255,255]}]}},{"type":"CIMMarkerGraphic","geometry":{"rings":[[[294.6,362.1],[294.4,423.1],[278.9,407.8],[278.4,362.1],[294.6,362.1]]]},"symbol":{"type":"CIMPolygonSymbol","symbolLayers":[{"type":"CIMSolidFill","enable":true,"primitiveName":"icon_element","color":[255,255,255,255]}]}},{"type":"CIMMarkerGraphic","geometry":{"rings":[[[329.4,362.1],[329.4,406.9],[328.1,408.9],[324.4,412.9],[313.4,423.0],[313.4,362.1],[329.4,362.1]]]},"symbol":{"type":"CIMPolygonSymbol","symbolLayers":[{"type":"CIMSolidFill","enable":true,"primitiveName":"icon_element","color":[255,255,255,255]}]}},{"type":"CIMMarkerGraphic","geometry":{"rings":[[[358.8,362.1],[358.8,376.8],[358.79,378.1],[359.06,378.09],[359.4,378.6],[345.45,391.5],[345.45,362.1],[358.8,362.1]]]},"symbol":{"type":"CIMPolygonSymbol","symbolLayers":[{"type":"CIMSolidFill","enable":true,"primitiveName":"icon_element","color":[255,255,255,255]}]}},{"type":"CIMMarkerGraphic","geometry":{"rings":[[[376.2,360.0],[231.5,360.0],[303.8,290.3],[376.2,360.0]]]},"symbol":{"type":"CIMPolygonSymbol","symbolLayers":[{"type":"CIMSolidFill","enable":true,"primitiveName":"icon_element","color":[255,255,255,255]}]}},{"type":"CIMMarkerGraphic","geometry":{"rings":[[[313.4,423.0],[324.4,412.9],[329.4,407.0],[329.4,362.1],[313.4,362.1],[313.4,423.0]],[[278.9,407.8],[294.4,423.1],[294.6,362.1],[278.4,362.1],[278.9,407.8]],[[345.5,391.5],[359.4,378.6],[358.8,376.8],[358.8,362.1],[345.5,362.1],[345.5,391.5]],[[249.0,378.1],[252.9,382.9],[262.4,391.5],[262.4,362.0],[249.0,362.0],[249.0,378.1]],[[231.5,360.0],[376.2,360.0],[303.8,290.3],[231.5,360.0]],[[380.9,360.8],[304.1,435.9],[227.2,360.9],[303.9,286.2],[380.9,360.8]]]},"symbol":{"type":"CIMPolygonSymbol","symbolLayers":[{"type":"CIMSolidFill","enable":true,"colorLocked":true,"color":[0,0,0,255]}]}},{"type":"CIMMarkerGraphic","geometry":{"x":232.24609375,"y":446.16796875},"symbol":{"type":"CIMTextSymbol","blockProgression":"TTB","depth3D":1,"extrapolateBaselines":true,"fontEffects":"Normal","fontEncoding":"Unicode","fontFamilyName":"Arial","fontType":"Unspecified","haloSize":1,"height":52,"hinting":"Default","horizontalAlignment":"Left","kerning":true,"letterWidth":100,"ligatures":true,"lineGapType":"ExtraLeading","symbol":{"type":"CIMPolygonSymbol","symbolLayers":[{"type":"CIMSolidFill","enable":true,"colorLocked":true,"color":[0,0,0,255]}]},"textCase":"Normal","textDirection":"LTR","verticalAlignment":"Baseline","verticalGlyphOrientation":"Right","wordSpacing":100,"billboardMode3D":"FaceNearPlane"},"textString":"STOR","primitiveName":"icon_element"}],"scaleSymbolsProportionally":true,"respectFrame":true}],"haloSize":1,"scaleX":1,"angleAlignment":"Display","version":"2.0.0","build":"8933"}