{"type":"CIMPointSymbol","symbolLayers":[{"type":"CIMVectorMarker","enable":true,"anchorPointUnits":"Relative","dominantSizeAxis3D":"Z","size":64,"billboardMode3D":"FaceNearPlane","frame":{"xmin":0,"ymin":0,"xmax":612,"ymax":792},"markerGraphics":[{"type":"CIMMarkerGraphic","geometry":{"rings":[[[301.3,490.9],[298.7,491.3],[298.5,490.7],[301.1,490.2],[301.3,490.9]]]},"symbol":{"type":"CIMPolygonSymbol","symbolLayers":[{"type":"CIMSolidFill","enable":true,"colorLocked":true,"color":[0,0,0,255]}]}},{"type":"CIMMarkerGraphic","geometry":{"rings":[[[308.4,499.0],[307.0,499.2],[306.13,499.1],[305.39,498.78],[304.75,498.26],[304.22,497.51],[303.88,496.79],[303.57,495.91],[302.68,492.09],[302.45,491.32],[302.2,490.7],[306.8,489.8],[308.4,499.0]]]},"symbol":{"type":"CIMPolygonSymbol","symbolLayers":[{"type":"CIMSolidFill","enable":true,"primitiveName":"icon_element","color":[255,255,255,255]}]}},{"type":"CIMMarkerGraphic","geometry":{"rings":[[[312.8,495.3],[312.8,495.27],[313.4,494.8],[312.8,495.3]],[[312.8,495.27],[312.5,495.5],[312.7,495.7],[309.7,498.5],[309.5,498.3],[307.8,489.6],[312.4,488.7],[312.8,495.27]]]},"symbol":{"type":"CIMPolygonSymbol","symbolLayers":[{"type":"CIMSolidFill","enable":true,"primitiveName":"icon_element","color":[255,255,255,255]}]}},{"type":"CIMMarkerGraphic","geometry":{"rings":[[[313.4,494.4],[313.1,488.5],[316.8,487.9],[313.4,494.4]]]},"symbol":{"type":"CIMPolygonSymbol","symbolLayers":[{"type":"CIMSolidFill","enable":true,"primitiveName":"icon_element","color":[255,255,255,255]}]}},{"type":"CIMMarkerGraphic","geometry":{"rings":[[[301.1,490.2],[298.5,490.7],[296.1,484.1],[299.6,483.4],[301.1,490.2]]]},"symbol":{"type":"CIMPolygonSymbol","symbolLayers":[{"type":"CIMSolidFill","enable":true,"primitiveName":"icon_element","color":[255,255,255,255]}]}},{"type":"CIMMarkerGraphic","geometry":{"rings":[[[300.5,483.4],[302.0,490.0],[301.1,490.2],[299.6,483.4],[300.5,483.4]]]},"symbol":{"type":"CIMPolygonSymbol","symbolLayers":[{"type":"CIMSolidFill","enable":true,"colorLocked":true,"color":[0,0,0,255]}]}},{"type":"CIMMarkerGraphic","geometry":{"rings":[[[300.5,483.0],[300.5,483.4],[299.6,483.4],[299.4,482.8],[299.8,482.8],[300.2,482.5],[300.5,483.0]]]},"symbol":{"type":"CIMPolygonSymbol","symbolLayers":[{"type":"CIMSolidFill","enable":true,"primitiveName":"icon_element","color":[255,255,255,255]}]}},{"type":"CIMMarkerGraphic","geometry":{"rings":[[[306.6,489.1],[302.2,490.0],[302.2,490.7],[301.3,490.9],[301.1,490.2],[302.0,490.0],[300.5,483.4],[305.7,482.5],[306.6,489.1]]]},"symbol":{"type":"CIMPolygonSymbol","symbolLayers":[{"type":"CIMSolidFill","enable":true,"primitiveName":"icon_element","color":[255,255,255,255]}]}},{"type":"CIMMarkerGraphic","geometry":{"rings":[[[312.3,488.0],[307.7,488.9],[306.6,482.3],[311.9,481.4],[312.3,488.0]]]},"symbol":{"type":"CIMPolygonSymbol","symbolLayers":[{"type":"CIMSolidFill","enable":true,"primitiveName":"icon_element","color":[255,255,255,255]}]}},{"type":"CIMMarkerGraphic","geometry":{"rings":[[[319.0,479.3],[318.2,480.3],[317.4,485.8],[317.15,486.7],[316.99,486.97],[316.67,487.12],[315.7,487.3],[313.0,487.8],[312.5,481.3],[318.0,480.3],[318.0,479.2],[319.0,479.3]]]},"symbol":{"type":"CIMPolygonSymbol","symbolLayers":[{"type":"CIMSolidFill","enable":true,"primitiveName":"icon_element","color":[255,255,255,255]}]}},{"type":"CIMMarkerGraphic","geometry":{"rings":[[[293.4,477.1],[294.2,477.3],[295.9,483.4],[299.4,482.8],[299.6,483.4],[296.1,484.1],[298.5,490.7],[297.5,491.4],[293.2,477.1],[293.4,477.1]]]},"symbol":{"type":"CIMPolygonSymbol","symbolLayers":[{"type":"CIMSolidFill","enable":true,"colorLocked":true,"color":[0,0,0,255]}]}},{"type":"CIMMarkerGraphic","geometry":{"rings":[[[305.5,481.6],[300.2,482.5],[299.2,476.0],[304.6,474.9],[305.5,481.6]]]},"symbol":{"type":"CIMPolygonSymbol","symbolLayers":[{"type":"CIMSolidFill","enable":true,"primitiveName":"icon_element","color":[255,255,255,255]}]}},{"type":"CIMMarkerGraphic","geometry":{"rings":[[[311.2,473.3],[311.24,474.82],[311.34,476.24],[311.49,477.41],[311.83,479.44],[311.83,479.77],[311.75,480.01],[311.48,480.26],[310.95,480.45],[306.5,481.4],[305.5,474.6],[311.2,473.3]]]},"symbol":{"type":"CIMPolygonSymbol","symbolLayers":[{"type":"CIMSolidFill","enable":true,"primitiveName":"icon_element","color":[255,255,255,255]}]}},{"type":"CIMMarkerGraphic","geometry":{"rings":[[[318.0,479.2],[312.5,480.3],[312.47,478.87],[312.37,477.5],[311.9,474.24],[311.91,473.83],[312.01,473.54],[312.15,473.38],[312.36,473.24],[313.02,472.99],[317.6,472.0],[318.0,479.2]]]},"symbol":{"type":"CIMPolygonSymbol","symbolLayers":[{"type":"CIMSolidFill","enable":true,"primitiveName":"icon_element","color":[255,255,255,255]}]}},{"type":"CIMMarkerGraphic","geometry":{"rings":[[[320.8,471.4],[320.28,475.25],[320.09,476.32],[319.88,477.2],[319.62,477.97],[319.34,478.53],[319.03,478.87],[318.87,478.96],[318.7,479.0],[318.2,471.8],[320.8,471.4]]]},"symbol":{"type":"CIMPolygonSymbol","symbolLayers":[{"type":"CIMSolidFill","enable":true,"primitiveName":"icon_element","color":[255,255,255,255]}]}},{"type":"CIMMarkerGraphic","geometry":{"rings":[[[318.2,471.8],[317.6,472.0],[317.6,471.3],[318.2,471.1],[318.2,471.8]]]},"symbol":{"type":"CIMPolygonSymbol","symbolLayers":[{"type":"CIMSolidFill","enable":true,"primitiveName":"icon_element","color":[255,255,255,255]}]}},{"type":"CIMMarkerGraphic","geometry":{"rings":[[[296.9,469.6],[297.3,469.67],[297.63,469.86],[297.9,470.19],[298.12,470.66],[298.26,471.16],[298.37,471.78],[298.66,474.45],[298.76,474.94],[298.9,475.3],[297.8,475.5],[296.9,469.6]]]},"symbol":{"type":"CIMPolygonSymbol","symbolLayers":[{"type":"CIMSolidFill","enable":true,"colorLocked":true,"color":[0,0,0,255]}]}},{"type":"CIMMarkerGraphic","geometry":{"rings":[[[311.2,472.7],[305.4,474.0],[304.6,467.8],[310.5,466.3],[311.2,472.7]]]},"symbol":{"type":"CIMPolygonSymbol","symbolLayers":[{"type":"CIMSolidFill","enable":true,"primitiveName":"icon_element","color":[255,255,255,255]}]}},{"type":"CIMMarkerGraphic","geometry":{"rings":[[[317.6,471.3],[311.9,472.4],[311.2,466.2],[317.1,464.8],[317.6,471.3]]]},"symbol":{"type":"CIMPolygonSymbol","symbolLayers":[{"type":"CIMSolidFill","enable":true,"primitiveName":"icon_element","color":[255,255,255,255]}]}},{"type":"CIMMarkerGraphic","geometry":{"rings":[[[318.2,471.1],[317.6,471.3],[317.1,464.8],[317.8,464.5],[318.2,471.1]]]},"symbol":{"type":"CIMPolygonSymbol","symbolLayers":[{"type":"CIMSolidFill","enable":true,"colorLocked":true,"color":[0,0,0,255]}]}},{"type":"CIMMarkerGraphic","geometry":{"rings":[[[317.8,463.7],[317.8,464.5],[317.1,464.8],[317.1,463.7],[317.8,463.7]]]},"symbol":{"type":"CIMPolygonSymbol","symbolLayers":[{"type":"CIMSolidFill","enable":true,"primitiveName":"icon_element","color":[255,255,255,255]}]}},{"type":"CIMMarkerGraphic","geometry":{"rings":[[[321.3,468.5],[321.17,469.34],[321.04,469.91],[320.86,470.31],[320.61,470.59],[320.3,470.79],[319.86,470.92],[318.2,471.1],[317.8,464.5],[322.0,463.7],[321.3,468.5]]]},"symbol":{"type":"CIMPolygonSymbol","symbolLayers":[{"type":"CIMSolidFill","enable":true,"primitiveName":"icon_element","color":[255,255,255,255]}]}},{"type":"CIMMarkerGraphic","geometry":{"rings":[[[303.6,467.2],[297.8,468.5],[297.8,469.5],[303.6,468.1],[304.3,474.2],[298.9,475.3],[298.66,474.45],[298.37,471.78],[298.12,470.66],[297.9,470.19],[297.63,469.86],[297.3,469.67],[296.9,469.6],[296.7,468.9],[295.52,469.06],[293.74,469.69],[293.27,469.74],[293.02,469.61],[292.81,469.31],[292.5,468.1],[291.8,462.1],[294.2,461.3],[295.31,461.05],[295.7,461.1],[295.87,461.5],[295.9,462.6],[296.8,468.7],[297.7,468.7],[296.8,460.7],[302.7,459.3],[303.6,467.2]]]},"symbol":{"type":"CIMPolygonSymbol","symbolLayers":[{"type":"CIMSolidFill","enable":true,"primitiveName":"icon_element","color":[255,255,255,255]}]}},{"type":"CIMMarkerGraphic","geometry":{"rings":[[[303.5,459.1],[303.1,459.3],[302.7,459.3],[303.3,458.4],[303.5,459.1]]]},"symbol":{"type":"CIMPolygonSymbol","symbolLayers":[{"type":"CIMSolidFill","enable":true,"primitiveName":"icon_element","color":[255,255,255,255]}]}},{"type":"CIMMarkerGraphic","geometry":{"rings":[[[310.5,465.4],[304.4,467.0],[303.5,459.1],[309.7,457.7],[310.5,465.4]]]},"symbol":{"type":"CIMPolygonSymbol","symbolLayers":[{"type":"CIMSolidFill","enable":true,"primitiveName":"icon_element","color":[255,255,255,255]}]}},{"type":"CIMMarkerGraphic","geometry":{"rings":[[[309.7,457.7],[303.5,459.1],[303.3,458.4],[309.7,456.9],[309.7,457.7]]]},"symbol":{"type":"CIMPolygonSymbol","symbolLayers":[{"type":"CIMSolidFill","enable":true,"colorLocked":true,"color":[0,0,0,255]}]}},{"type":"CIMMarkerGraphic","geometry":{"rings":[[[317.1,463.7],[311.2,465.2],[310.6,457.5],[316.5,456.2],[317.1,463.7]]]},"symbol":{"type":"CIMPolygonSymbol","symbolLayers":[{"type":"CIMSolidFill","enable":true,"primitiveName":"icon_element","color":[255,255,255,255]}]}},{"type":"CIMMarkerGraphic","geometry":{"rings":[[[322.0,462.5],[317.8,463.4],[317.3,456.0],[322.7,454.9],[322.0,462.5]]]},"symbol":{"type":"CIMPolygonSymbol","symbolLayers":[{"type":"CIMSolidFill","enable":true,"primitiveName":"icon_element","color":[255,255,255,255]}]}},{"type":"CIMMarkerGraphic","geometry":{"rings":[[[295.6,460.1],[291.7,461.0],[291.1,453.8],[294.9,452.9],[295.6,460.1]]]},"symbol":{"type":"CIMPolygonSymbol","symbolLayers":[{"type":"CIMSolidFill","enable":true,"primitiveName":"icon_element","color":[255,255,255,255]}]}},{"type":"CIMMarkerGraphic","geometry":{"rings":[[[302.7,450.5],[302.7,451.4],[301.9,451.4],[302.4,458.6],[296.6,459.9],[295.9,452.8],[301.8,451.6],[301.8,450.5],[302.7,450.5]]]},"symbol":{"type":"CIMPolygonSymbol","symbolLayers":[{"type":"CIMSolidFill","enable":true,"primitiveName":"icon_element","color":[255,255,255,255]}]}},{"type":"CIMMarkerGraphic","geometry":{"rings":[[[309.7,456.9],[303.3,458.4],[302.9,451.2],[309.0,450.1],[309.7,456.9]]]},"symbol":{"type":"CIMPolygonSymbol","symbolLayers":[{"type":"CIMSolidFill","enable":true,"primitiveName":"icon_element","color":[255,255,255,255]}]}},{"type":"CIMMarkerGraphic","geometry":{"rings":[[[316.4,455.2],[316.24,455.33],[315.83,455.5],[314.3,455.93],[312.08,456.4],[310.6,456.6],[310.6,457.5],[309.7,457.7],[309.7,456.9],[310.4,456.9],[309.9,449.9],[309.0,449.9],[309.0,449.0],[309.7,448.8],[310.1,449.7],[310.71,449.66],[311.43,449.53],[314.59,448.73],[315.8,448.6],[316.4,455.2]]]},"symbol":{"type":"CIMPolygonSymbol","symbolLayers":[{"type":"CIMSolidFill","enable":true,"primitiveName":"icon_element","color":[255,255,255,255]}]}},{"type":"CIMMarkerGraphic","geometry":{"rings":[[[322.9,449.9],[322.6,454.0],[317.1,455.1],[316.7,448.4],[322.8,447.0],[322.9,449.9]]]},"symbol":{"type":"CIMPolygonSymbol","symbolLayers":[{"type":"CIMSolidFill","enable":true,"primitiveName":"icon_element","color":[255,255,255,255]}]}},{"type":"CIMMarkerGraphic","geometry":{"rings":[[[294.8,450.5],[294.84,451.08],[295.04,451.82],[295.03,451.96],[294.95,452.03],[294.77,452.1],[293.8,452.3],[291.0,452.9],[291.0,447.0],[290.95,446.2],[291.64,446.09],[292.3,445.9],[294.8,445.2],[294.8,450.5]]]},"symbol":{"type":"CIMPolygonSymbol","symbolLayers":[{"type":"CIMSolidFill","enable":true,"primitiveName":"icon_element","color":[255,255,255,255]}]}},{"type":"CIMMarkerGraphic","geometry":{"rings":[[[301.8,450.5],[295.6,451.8],[295.7,449.4],[295.4,444.9],[301.3,443.0],[301.8,450.5]]]},"symbol":{"type":"CIMPolygonSymbol","symbolLayers":[{"type":"CIMSolidFill","enable":true,"primitiveName":"icon_element","color":[255,255,255,255]}]}},{"type":"CIMMarkerGraphic","geometry":{"rings":[[[319.24,443.57],[323.1,444.2],[322.8,444.8],[322.8,445.8],[316.6,447.2],[316.2,442.2],[319.24,443.57]]]},"symbol":{"type":"CIMPolygonSymbol","symbolLayers":[{"type":"CIMSolidFill","enable":true,"primitiveName":"icon_element","color":[255,255,255,255]}]}},{"type":"CIMMarkerGraphic","geometry":{"rings":[[[309.0,449.0],[302.7,450.3],[302.2,442.8],[307.9,441.1],[309.0,449.0]]]},"symbol":{"type":"CIMPolygonSymbol","symbolLayers":[{"type":"CIMSolidFill","enable":true,"primitiveName":"icon_element","color":[255,255,255,255]}]}},{"type":"CIMMarkerGraphic","geometry":{"rings":[[[309.7,448.7],[309.0,449.0],[307.9,441.1],[308.8,440.8],[309.7,448.7]]]},"symbol":{"type":"CIMPolygonSymbol","symbolLayers":[{"type":"CIMSolidFill","enable":true,"colorLocked":true,"color":[0,0,0,255]}]}},{"type":"CIMMarkerGraphic","geometry":{"rings":[[[308.8,440.0],[308.8,440.8],[307.9,441.1],[307.9,440.2],[308.4,440.0],[308.8,440.0]]]},"symbol":{"type":"CIMPolygonSymbol","symbolLayers":[{"type":"CIMSolidFill","enable":true,"primitiveName":"icon_element","color":[255,255,255,255]}]}},{"type":"CIMMarkerGraphic","geometry":{"rings":[[[313.4,438.9],[313.29,439.15],[313.09,439.37],[312.8,439.58],[312.41,439.78],[311.52,440.09],[309.46,440.64],[309.08,440.77],[308.8,440.9],[308.8,440.0],[312.9,438.8],[313.4,438.9]]]},"symbol":{"type":"CIMPolygonSymbol","symbolLayers":[{"type":"CIMSolidFill","enable":true,"colorLocked":true,"color":[0,0,0,255]}]}},{"type":"CIMMarkerGraphic","geometry":{"rings":[[[301.4,441.9],[302.3,441.9],[302.2,442.8],[301.3,443.0],[301.3,442.1],[295.4,443.7],[295.4,442.8],[295.2,441.9],[297.11,438.52],[298.24,436.27],[298.96,434.43],[299.14,433.7],[299.2,433.1],[299.7,433.1],[299.4,434.0],[301.4,433.1],[301.4,441.9]]]},"symbol":{"type":"CIMPolygonSymbol","symbolLayers":[{"type":"CIMSolidFill","enable":true,"primitiveName":"icon_element","color":[255,255,255,255]}]}},{"type":"CIMMarkerGraphic","geometry":{"rings":[[[307.9,440.2],[302.2,441.7],[302.2,441.1],[302.2,432.5],[306.4,430.5],[307.9,440.2]]]},"symbol":{"type":"CIMPolygonSymbol","symbolLayers":[{"type":"CIMSolidFill","enable":true,"primitiveName":"icon_element","color":[255,255,255,255]}]}},{"type":"CIMMarkerGraphic","geometry":{"rings":[[[301.6,430.6],[301.58,431.05],[301.51,431.44],[301.39,431.77],[301.23,432.06],[301.01,432.3],[300.74,432.5],[300.4,432.67],[300.0,432.8],[301.5,429.2],[301.6,430.6]]]},"symbol":{"type":"CIMPolygonSymbol","symbolLayers":[{"type":"CIMSolidFill","enable":true,"primitiveName":"icon_element","color":[255,255,255,255]}]}},{"type":"CIMMarkerGraphic","geometry":{"rings":[[[312.2,435.7],[315.8,441.7],[315.3,441.7],[315.8,447.4],[309.7,448.7],[308.8,440.8],[312.33,439.78],[313.07,439.33],[313.4,438.8],[312.9,438.7],[308.8,440.0],[307.3,430.0],[309.5,428.8],[312.2,435.7]]]},"symbol":{"type":"CIMPolygonSymbol","symbolLayers":[{"type":"CIMSolidFill","enable":true,"primitiveName":"icon_element","color":[255,255,255,255]}]}},{"type":"CIMMarkerGraphic","geometry":{"rings":[[[303.8,423.5],[304.17,423.7],[304.53,424.07],[304.87,424.62],[305.19,425.33],[305.5,426.24],[305.79,427.29],[306.03,428.46],[306.2,429.6],[302.2,431.6],[302.8,426.1],[302.0,427.7],[302.05,426.99],[302.2,426.17],[302.42,425.33],[302.71,424.55],[303.01,423.91],[303.34,423.41],[303.67,423.07],[304.0,422.9],[303.8,423.5]]]},"symbol":{"type":"CIMPolygonSymbol","symbolLayers":[{"type":"CIMSolidFill","enable":true,"primitiveName":"icon_element","color":[255,255,255,255]}]}},{"type":"CIMMarkerGraphic","geometry":{"rings":[[[309.2,428.0],[307.0,429.0],[306.68,427.99],[306.09,425.22],[305.72,424.12],[305.42,423.55],[305.07,423.11],[304.66,422.79],[304.2,422.6],[305.8,417.5],[309.2,428.0]]]},"symbol":{"type":"CIMPolygonSymbol","symbolLayers":[{"type":"CIMSolidFill","enable":true,"primitiveName":"icon_element","color":[255,255,255,255]}]}},{"type":"CIMMarkerGraphic","geometry":{"rings":[[[302.2,490.7],[304.2,497.5],[305.4,498.8],[307.0,499.2],[308.3,499.0],[306.8,489.8],[302.2,490.7]],[[307.8,489.6],[309.5,498.3],[309.6,498.5],[312.7,495.6],[312.5,495.5],[313.2,495.6],[313.4,494.8],[312.8,495.3],[312.4,488.7],[307.8,489.6]],[[313.1,488.5],[313.4,494.4],[316.8,487.9],[313.1,488.5]],[[306.6,482.3],[307.7,488.9],[312.3,488.0],[311.9,481.4],[306.6,482.3]],[[318.0,480.3],[312.5,481.3],[313.0,487.8],[315.7,487.3],[317.0,487.0],[317.4,485.9],[318.2,480.4],[319.0,479.4],[318.0,479.2],[318.0,480.3]],[[299.2,476.0],[300.2,482.5],[305.5,481.6],[304.6,474.9],[299.2,476.0]],[[305.5,474.6],[306.5,481.4],[311.8,480.0],[311.2,473.3],[305.5,474.6]],[[317.6,472.0],[312.1,473.5],[312.6,480.3],[318.0,479.2],[317.6,472.0]],[[318.3,471.8],[318.2,471.8],[318.3,471.8]],[[304.5,467.8],[305.4,474.0],[311.3,472.7],[310.5,466.3],[304.5,467.8]],[[317.2,463.6],[317.2,463.7],[317.1,463.7],[317.1,463.6],[317.2,463.6]],[[310.6,457.5],[311.3,465.2],[317.1,463.7],[317.1,464.8],[311.2,466.2],[311.9,472.4],[317.6,471.3],[317.6,472.0],[318.2,471.8],[318.7,479.0],[319.9,477.1],[320.8,471.3],[318.3,471.8],[318.3,471.1],[320.6,470.6],[321.3,468.5],[322.0,463.7],[317.8,464.5],[317.8,463.6],[317.2,463.6],[316.5,456.2],[310.6,457.5]],[[317.3,456.0],[317.8,463.4],[322.0,462.5],[322.7,454.9],[317.3,456.0]],[[291.1,453.8],[291.7,461.0],[295.6,460.1],[294.9,452.9],[291.1,453.8]],[[301.8,451.6],[295.9,452.8],[296.6,459.9],[302.5,458.6],[301.9,451.4],[302.6,451.4],[302.6,450.5],[301.8,450.5],[301.8,451.6]],[[316.8,448.4],[317.2,455.1],[322.6,454.0],[322.9,449.9],[322.8,447.0],[316.8,448.4]],[[292.3,445.9],[291.0,446.2],[291.0,447.0],[291.0,452.9],[293.7,452.3],[294.9,451.9],[294.7,450.5],[294.7,445.2],[292.3,445.9]],[[295.4,444.9],[295.6,449.4],[295.6,451.8],[301.7,450.5],[301.3,443.0],[295.4,444.9]],[[316.6,447.2],[322.8,445.8],[322.8,444.8],[323.0,444.1],[319.6,443.7],[316.1,442.1],[316.6,447.2]],[[302.2,432.5],[302.2,441.1],[302.2,441.8],[307.9,440.2],[306.4,430.5],[302.2,432.5]],[[299.9,432.7],[301.1,432.0],[301.5,430.5],[301.5,429.2],[299.9,432.7]],[[307.3,429.9],[308.8,439.9],[308.4,439.9],[307.9,440.2],[307.9,441.1],[302.2,442.8],[302.2,441.9],[301.3,441.9],[301.3,433.1],[299.4,434.0],[299.6,433.1],[299.1,433.1],[295.1,441.9],[295.3,442.8],[295.3,443.7],[301.2,442.1],[301.3,443.0],[302.2,442.8],[302.7,450.3],[309.0,449.0],[309.0,449.8],[309.9,449.8],[310.4,456.8],[309.7,456.8],[309.0,450.1],[302.9,451.2],[303.3,458.4],[302.6,459.3],[303.0,459.3],[303.4,459.1],[304.4,467.0],[310.5,465.4],[309.7,457.7],[310.6,457.5],[310.6,456.6],[316.5,455.0],[315.9,448.4],[310.2,449.5],[309.8,448.6],[315.9,447.3],[315.3,441.7],[315.8,441.7],[312.2,435.7],[309.5,428.8],[307.3,429.9]],[[304.0,422.9],[302.7,424.4],[302.0,427.7],[302.9,426.2],[302.1,431.6],[306.1,429.6],[305.2,425.4],[303.8,423.5],[304.0,422.9]],[[304.2,422.6],[305.7,424.1],[307.0,429.0],[309.2,428.0],[305.8,417.5],[304.2,422.6]],[[306.6,357.4],[315.0,360.3],[321.0,365.7],[324.7,373.7],[325.9,383.6],[326.0,385.1],[325.2,399.1],[325.2,399.8],[325.7,408.4],[327.2,415.2],[329.4,419.2],[332.2,420.6],[332.4,420.6],[336.2,419.8],[339.0,417.1],[343.6,411.6],[348.6,404.5],[350.0,397.8],[350.0,396.3],[350.9,396.1],[354.7,404.5],[355.5,409.0],[355.5,412.8],[353.7,423.4],[348.1,433.5],[341.0,440.5],[335.3,444.0],[331.6,445.2],[329.6,445.3],[323.9,444.3],[323.6,452.1],[323.1,460.4],[320.9,475.7],[318.7,484.5],[316.1,491.4],[313.0,496.4],[309.5,499.2],[309.5,498.5],[308.5,498.8],[308.8,499.6],[306.8,499.8],[304.0,499.1],[301.0,496.6],[298.4,492.9],[298.9,491.5],[303.3,497.6],[301.3,490.9],[302.2,490.7],[302.2,490.0],[306.6,489.1],[305.7,482.5],[300.5,483.4],[300.5,483.0],[300.2,482.5],[299.8,482.8],[299.3,482.8],[298.0,476.3],[294.1,477.0],[294.1,476.3],[297.6,475.6],[298.9,476.0],[298.9,475.1],[304.4,474.0],[303.7,468.1],[297.8,469.5],[297.8,468.5],[303.5,467.1],[302.7,459.3],[296.7,460.7],[297.6,468.7],[296.7,468.7],[295.9,462.6],[295.6,461.1],[294.1,461.3],[291.8,462.1],[292.5,468.1],[293.3,469.7],[296.7,468.9],[296.9,469.6],[293.0,470.9],[293.9,476.6],[292.7,474.7],[291.9,469.2],[291.0,461.0],[290.4,452.3],[290.2,442.9],[290.9,442.9],[290.9,445.2],[294.6,444.2],[294.6,441.8],[286.0,443.0],[285.8,443.0],[282.0,442.3],[278.3,440.1],[274.7,436.5],[271.4,431.5],[266.0,418.2],[263.9,404.6],[265.4,394.9],[267.0,391.2],[268.9,389.0],[274.0,400.4],[279.2,411.9],[281.8,417.4],[283.7,420.1],[286.4,420.3],[289.3,416.6],[291.7,408.9],[293.2,377.3],[294.9,370.6],[297.6,365.2],[301.5,360.9],[306.6,357.4]]]},"symbol":{"type":"CIMPolygonSymbol","symbolLayers":[{"type":"CIMSolidFill","enable":true,"colorLocked":true,"color":[0,0,0,255]}]}},{"type":"CIMMarkerGraphic","geometry":{"x":254.565399169921875,"y":309.168060302734375},"symbol":{"type":"CIMTextSymbol","blockProgression":"TTB","depth3D":1,"extrapolateBaselines":true,"fontEffects":"Normal","fontEncoding":"Unicode","fontFamilyName":"Arial","fontType":"Unspecified","haloSize":1,"height":52,"hinting":"Default","horizontalAlignment":"Left","kerning":true,"letterWidth":100,"ligatures":true,"lineGapType":"ExtraLeading","symbol":{"type":"CIMPolygonSymbol","symbolLayers":[{"type":"CIMSolidFill","enable":true,"colorLocked":true,"color":[0,0,0,255]}]},"textCase":"Normal","textDirection":"LTR","verticalAlignment":"Baseline","verticalGlyphOrientation":"Right","wordSpacing":100,"billboardMode3D":"FaceNearPlane"},"textString":"LAB","primitiveName":"icon_element"}],"scaleSymbolsProportionally":true,"respectFrame":true}],"haloSize":1,"scaleX":1,"angleAlignment":"Display","version":"2.0.0","build":"8933"}