{"type":"CIMPointSymbol","symbolLayers":[{"type":"CIMVectorMarker","enable":true,"anchorPointUnits":"Relative","dominantSizeAxis3D":"Z","size":64,"billboardMode3D":"FaceNearPlane","frame":{"xmin":0,"ymin":0,"xmax":612,"ymax":792},"markerGraphics":[{"type":"CIMMarkerGraphic","geometry":{"rings":[[[318.8,382.5],[307.7,380.7],[304.3,380.8],[291.9,384.9],[291.9,396.9],[318.8,396.9],[318.8,382.5]],[[361.5,343.4],[359.2,351.0],[357.8,355.4],[350.2,380.4],[349.0,383.7],[351.1,387.3],[360.6,396.9],[353.8,417.9],[244.0,417.9],[244.0,396.9],[285.4,396.9],[285.4,382.1],[287.5,380.4],[294.6,377.9],[304.4,374.2],[322.3,376.4],[324.2,369.6],[326.9,360.3],[329.3,352.7],[329.3,352.3],[327.7,343.4],[361.5,343.4]]]},"symbol":{"type":"CIMPolygonSymbol","symbolLayers":[{"type":"CIMSolidFill","enable":true,"primitiveName":"icon_element","color":[0,0,0,255]}]}},{"type":"CIMMarkerGraphic","geometry":{"rings":[[[230.2,426.1],[316.7,426.1],[316.7,459.6],[327.8,459.6],[327.8,426.2],[352.5,426.2],[352.5,459.6],[363.7,459.6],[363.7,426.2],[380.4,426.2],[380.4,333.7],[230.2,333.7],[230.2,426.1]],[[383.2,330.5],[383.2,429.3],[367.3,429.3],[367.3,462.8],[349.4,462.8],[349.4,429.3],[331.4,429.3],[331.4,462.8],[313.5,462.8],[313.5,429.3],[227.4,429.3],[227.4,330.5],[383.2,330.5]]]},"symbol":{"type":"CIMPolygonSymbol","symbolLayers":[{"type":"CIMSolidFill","enable":true,"primitiveName":"icon_element","color":[0,0,0,255]}]}}],"scaleSymbolsProportionally":true,"respectFrame":true}],"haloSize":1,"scaleX":1,"angleAlignment":"Display","version":"2.0.0","build":"8933"}