{"type":"CIMPointSymbol","symbolLayers":[{"type":"CIMVectorMarker","enable":true,"anchorPointUnits":"Relative","dominantSizeAxis3D":"Z","size":64,"billboardMode3D":"FaceNearPlane","frame":{"xmin":0,"ymin":0,"xmax":612,"ymax":792},"markerGraphics":[{"type":"CIMMarkerGraphic","geometry":{"rings":[[[380.0,359.0],[380.0,459.0],[230.0,459.0],[230.0,359.0],[380.0,359.0]]]},"symbol":{"type":"CIMPolygonSymbol","symbolLayers":[{"type":"CIMSolidFill","enable":true,"primitiveName":"icon_element","color":[255,255,255,255]}]}},{"type":"CIMMarkerGraphic","geometry":{"rings":[[[230.0,359.0],[230.0,459.0],[380.0,459.0],[380.0,359.0],[230.0,359.0]]]},"symbol":{"type":"CIMPolygonSymbol","symbolLayers":[{"type":"CIMSolidStroke","enable":true,"colorLocked":true,"capStyle":"Round","joinStyle":"Miter","lineStyle3D":"Strip","miterLimit":10,"width":5,"color":[0,0,0,255]}]}},{"type":"CIMMarkerGraphic","geometry":{"rings":[[[355.0,334.0],[358.5,334.3],[361.8,335.2],[365.0,336.7],[367.9,338.7],[370.3,341.1],[372.3,344.0],[373.8,347.2],[374.7,350.5],[375.0,354.0],[374.7,357.5],[373.8,360.8],[372.3,364.0],[370.3,366.9],[367.9,369.3],[365.0,371.3],[361.8,372.8],[358.5,373.7],[355.0,374.0],[351.5,373.7],[348.2,372.8],[345.0,371.3],[342.1,369.3],[339.7,366.9],[337.7,364.0],[336.2,360.8],[335.3,357.5],[335.0,354.0],[335.3,350.5],[336.2,347.2],[337.7,344.0],[339.7,341.1],[342.1,338.7],[345.0,336.7],[348.2,335.2],[351.5,334.3],[355.0,334.0]]]},"symbol":{"type":"CIMPolygonSymbol","symbolLayers":[{"type":"CIMSolidFill","enable":true,"primitiveName":"icon_element","color":[255,255,255,255]}]}},{"type":"CIMMarkerGraphic","geometry":{"rings":[[[355.0,334.0],[358.5,334.3],[361.8,335.2],[365.0,336.7],[367.9,338.7],[370.3,341.1],[372.3,344.0],[373.8,347.2],[374.7,350.5],[375.0,354.0],[374.7,357.5],[373.8,360.8],[372.3,364.0],[370.3,366.9],[367.9,369.3],[365.0,371.3],[361.8,372.8],[358.5,373.7],[355.0,374.0],[351.5,373.7],[348.2,372.8],[345.0,371.3],[342.1,369.3],[339.7,366.9],[337.7,364.0],[336.2,360.8],[335.3,357.5],[335.0,354.0],[335.3,350.5],[336.2,347.2],[337.7,344.0],[339.7,341.1],[342.1,338.7],[345.0,336.7],[348.2,335.2],[351.5,334.3],[355.0,334.0]]]},"symbol":{"type":"CIMPolygonSymbol","symbolLayers":[{"type":"CIMSolidStroke","enable":true,"colorLocked":true,"capStyle":"Round","joinStyle":"Miter","lineStyle3D":"Strip","miterLimit":10,"width":5,"color":[0,0,0,255]}]}},{"type":"CIMMarkerGraphic","geometry":{"rings":[[[255.0,334.0],[258.5,334.3],[261.8,335.2],[265.0,336.7],[267.9,338.7],[270.3,341.1],[272.3,344.0],[273.8,347.2],[274.7,350.5],[275.0,354.0],[274.7,357.5],[273.8,360.8],[272.3,364.0],[270.3,366.9],[267.9,369.3],[265.0,371.3],[261.8,372.8],[258.5,373.7],[255.0,374.0],[251.5,373.7],[248.2,372.8],[245.0,371.3],[242.1,369.3],[239.7,366.9],[237.7,364.0],[236.2,360.8],[235.3,357.5],[235.0,354.0],[235.3,350.5],[236.2,347.2],[237.7,344.0],[239.7,341.1],[242.1,338.7],[245.0,336.7],[248.2,335.2],[251.5,334.3],[255.0,334.0]]]},"symbol":{"type":"CIMPolygonSymbol","symbolLayers":[{"type":"CIMSolidFill","enable":true,"primitiveName":"icon_element","color":[255,255,255,255]}]}},{"type":"CIMMarkerGraphic","geometry":{"rings":[[[255.0,334.0],[258.5,334.3],[261.8,335.2],[265.0,336.7],[267.9,338.7],[270.3,341.1],[272.3,344.0],[273.8,347.2],[274.7,350.5],[275.0,354.0],[274.7,357.5],[273.8,360.8],[272.3,364.0],[270.3,366.9],[267.9,369.3],[265.0,371.3],[261.8,372.8],[258.5,373.7],[255.0,374.0],[251.5,373.7],[248.2,372.8],[245.0,371.3],[242.1,369.3],[239.7,366.9],[237.7,364.0],[236.2,360.8],[235.3,357.5],[235.0,354.0],[235.3,350.5],[236.2,347.2],[237.7,344.0],[239.7,341.1],[242.1,338.7],[245.0,336.7],[248.2,335.2],[251.5,334.3],[255.0,334.0]]]},"symbol":{"type":"CIMPolygonSymbol","symbolLayers":[{"type":"CIMSolidStroke","enable":true,"colorLocked":true,"capStyle":"Round","joinStyle":"Miter","lineStyle3D":"Strip","miterLimit":10,"width":5,"color":[0,0,0,255]}]}},{"type":"CIMMarkerGraphic","geometry":{"rings":[[[247.0,406.0],[278.0,406.0],[278.0,449.0],[247.0,449.0],[247.0,406.0]]]},"symbol":{"type":"CIMPolygonSymbol","symbolLayers":[{"type":"CIMSolidStroke","enable":true,"colorLocked":true,"capStyle":"Round","joinStyle":"Miter","lineStyle3D":"Strip","miterLimit":10,"width":3,"color":[0,0,0,255]}]}},{"type":"CIMMarkerGraphic","geometry":{"rings":[[[290.0,406.0],[321.0,406.0],[321.0,449.0],[290.0,449.0],[290.0,406.0]]]},"symbol":{"type":"CIMPolygonSymbol","symbolLayers":[{"type":"CIMSolidStroke","enable":true,"colorLocked":true,"capStyle":"Round","joinStyle":"Miter","lineStyle3D":"Strip","miterLimit":10,"width":3,"color":[0,0,0,255]}]}},{"type":"CIMMarkerGraphic","geometry":{"rings":[[[333.0,406.0],[364.0,406.0],[364.0,449.0],[333.0,449.0],[333.0,406.0]]]},"symbol":{"type":"CIMPolygonSymbol","symbolLayers":[{"type":"CIMSolidStroke","enable":true,"colorLocked":true,"capStyle":"Round","joinStyle":"Miter","lineStyle3D":"Strip","miterLimit":10,"width":3,"color":[0,0,0,255]}]}}],"scaleSymbolsProportionally":true,"respectFrame":true}],"haloSize":1,"scaleX":1,"angleAlignment":"Display","version":"2.0.0","build":"8933"}