{"type":"CIMPointSymbol","symbolLayers":[{"type":"CIMVectorMarker","enable":true,"anchorPointUnits":"Relative","dominantSizeAxis3D":"Z","size":64,"billboardMode3D":"FaceNearPlane","frame":{"xmin":0,"ymin":0,"xmax":612,"ymax":792},"markerGraphics":[{"type":"CIMMarkerGraphic","geometry":{"rings":[[[258.7,329.0],[236.9,394.6],[235.6,400.8],[229.6,417.9],[229.6,419.6],[267.5,446.8],[305.4,474.6],[382.1,419.1],[365.5,368.2],[353.0,328.9],[258.7,329.0]],[[359.3,320.5],[367.6,345.6],[376.0,371.2],[392.8,421.9],[349.6,454.0],[305.4,485.4],[262.0,453.9],[218.8,421.9],[235.3,371.6],[251.6,320.5],[359.3,320.5]]]},"symbol":{"type":"CIMPolygonSymbol","symbolLayers":[{"type":"CIMSolidFill","enable":true,"primitiveName":"icon_element","color":[255,255,255,255]}]}},{"type":"CIMMarkerGraphic","geometry":{"rings":[[[335.4,351.7],[336.8,353.2],[338.8,357.8],[344.8,376.9],[351.0,395.2],[352.9,403.3],[354.7,406.5],[355.3,410.0],[353.8,411.9],[349.2,415.6],[331.1,428.2],[306.0,446.2],[281.0,428.7],[256.1,411.1],[258.2,401.8],[259.0,402.1],[260.6,394.7],[266.6,376.4],[270.8,363.7],[273.8,354.6],[274.9,352.4],[275.9,351.7],[335.4,351.7]]]},"symbol":{"type":"CIMPolygonSymbol","symbolLayers":[{"type":"CIMSolidFill","enable":true,"primitiveName":"icon_element","color":[255,255,255,255]}]}},{"type":"CIMMarkerGraphic","geometry":{"rings":[[[276.0,351.6],[273.9,354.5],[271.0,363.6],[266.6,376.3],[260.6,394.8],[259.0,402.1],[258.2,401.8],[256.1,411.1],[281.0,428.6],[306.0,446.2],[331.1,428.2],[349.2,415.6],[355.3,410.0],[354.8,406.6],[353.0,403.2],[351.1,395.1],[344.9,376.8],[338.8,357.6],[336.9,353.1],[335.5,351.6],[276.0,351.6]],[[340.8,345.4],[362.6,413.4],[351.9,420.7],[313.9,448.8],[305.4,454.2],[248.2,412.8],[270.2,345.3],[340.8,345.4]]]},"symbol":{"type":"CIMPolygonSymbol","symbolLayers":[{"type":"CIMSolidFill","enable":true,"colorLocked":true,"color":[0,0,0,255]}]}},{"type":"CIMMarkerGraphic","geometry":{"rings":[[[248.2,412.8],[305.4,454.2],[313.9,448.8],[362.6,413.4],[340.9,345.4],[270.2,345.3],[248.2,412.8]],[[347.2,338.1],[361.0,381.7],[372.2,415.2],[361.6,423.9],[305.6,464.2],[239.3,416.0],[241.4,407.5],[250.0,383.2],[251.7,375.7],[257.2,359.8],[262.5,343.6],[264.4,339.4],[265.8,338.0],[347.2,338.1]]]},"symbol":{"type":"CIMPolygonSymbol","symbolLayers":[{"type":"CIMSolidFill","enable":true,"primitiveName":"icon_element","color":[255,255,255,255]}]}},{"type":"CIMMarkerGraphic","geometry":{"rings":[[[265.8,338.0],[262.8,343.1],[257.0,359.8],[251.5,375.9],[249.8,383.2],[241.4,407.5],[239.3,416.0],[305.8,464.1],[361.7,423.8],[372.4,415.0],[361.1,381.6],[347.2,338.1],[265.8,338.0]],[[365.5,368.1],[382.1,419.1],[305.4,474.6],[267.5,446.8],[229.6,419.6],[229.6,417.9],[235.6,400.9],[236.9,394.6],[258.7,329.0],[353.0,328.9],[365.5,368.1]]]},"symbol":{"type":"CIMPolygonSymbol","symbolLayers":[{"type":"CIMSolidFill","enable":true,"colorLocked":true,"color":[0,0,0,255]}]}},{"type":"CIMMarkerGraphic","geometry":{"rings":[[[251.6,320.5],[235.3,371.6],[218.8,421.9],[262.1,453.9],[305.5,485.4],[349.6,454.0],[392.8,421.9],[376.0,371.2],[367.6,345.6],[359.3,320.5],[251.6,320.5]],[[388.3,376.2],[404.9,427.5],[305.5,499.2],[206.4,427.0],[239.6,325.6],[244.7,310.4],[367.2,310.3],[388.3,376.2]]]},"symbol":{"type":"CIMPolygonSymbol","symbolLayers":[{"type":"CIMSolidFill","enable":true,"colorLocked":true,"color":[0,0,0,255]}]}}],"scaleSymbolsProportionally":true,"respectFrame":true}],"haloSize":1,"scaleX":1,"angleAlignment":"Display","version":"2.0.0","build":"8933"}