{"type":"CIMPointSymbol","symbolLayers":[{"type":"CIMVectorMarker","enable":true,"anchorPointUnits":"Relative","dominantSizeAxis3D":"Z","size":64,"billboardMode3D":"FaceNearPlane","frame":{"xmin":0,"ymin":0,"xmax":612,"ymax":792},"markerGraphics":[{"type":"CIMMarkerGraphic","geometry":{"rings":[[[267.0,320.0],[301.0,320.0],[301.0,345.0],[267.0,345.0],[267.0,320.0]]]},"symbol":{"type":"CIMPolygonSymbol","symbolLayers":[{"type":"CIMSolidFill","enable":true,"primitiveName":"icon_element","color":[255,255,255,255]}]}},{"type":"CIMMarkerGraphic","geometry":{"rings":[[[334.5,359.2],[342.9,363.0],[347.8,368.6],[349.7,374.7],[351.6,392.2],[356.0,401.2],[359.2,404.1],[363.8,406.4],[386.9,412.7],[391.4,415.5],[394.5,419.2],[397.3,426.5],[398.1,435.3],[396.7,444.8],[393.4,453.8],[388.8,460.9],[383.0,466.0],[376.5,468.8],[369.5,469.2],[364.2,467.6],[358.3,463.8],[339.6,445.3],[333.0,440.2],[321.8,436.6],[294.2,434.4],[284.0,430.2],[279.1,425.5],[269.6,412.1],[265.5,408.9],[260.5,406.7],[227.9,398.0],[219.0,394.1],[212.9,389.8],[209.2,384.5],[208.6,378.6],[211.0,372.0],[216.5,364.7],[334.5,359.2]]]},"symbol":{"type":"CIMPolygonSymbol","symbolLayers":[{"type":"CIMSolidFill","enable":true,"primitiveName":"icon_element","color":[255,255,255,255]}]}},{"type":"CIMMarkerGraphic","geometry":{"paths":[[[216.5,364.7],[211.0,372.0],[208.6,378.6],[209.2,384.5],[212.9,389.8],[219.0,394.1],[227.9,398.0],[260.5,406.7],[265.5,408.9],[269.6,412.1],[279.1,425.5],[284.0,430.2],[294.2,434.4],[321.8,436.6],[333.0,440.2],[339.6,445.3],[358.3,463.8],[364.2,467.6],[369.5,469.2],[376.5,468.8],[383.0,466.0],[388.8,460.9],[393.4,453.8],[396.7,444.8],[398.1,435.3],[397.3,426.5],[394.5,419.2],[391.4,415.5],[386.9,412.7],[363.8,406.4],[359.2,404.1],[356.0,401.2],[351.6,392.2],[349.7,374.7],[347.8,368.6],[342.9,363.0],[334.5,359.2]]]},"symbol":{"type":"CIMPolygonSymbol","symbolLayers":[{"type":"CIMSolidStroke","enable":true,"colorLocked":true,"capStyle":"Butt","joinStyle":"Miter","lineStyle3D":"Strip","miterLimit":10,"width":4,"color":[0,0,0,255]}]}},{"type":"CIMMarkerGraphic","geometry":{"rings":[[[216.0,344.0],[346.0,344.0],[346.0,366.0],[216.0,366.0],[216.0,344.0]]]},"symbol":{"type":"CIMPolygonSymbol","symbolLayers":[{"type":"CIMSolidFill","enable":true,"colorLocked":true,"color":[0,0,0,255]}]}},{"type":"CIMMarkerGraphic","geometry":{"rings":[[[216.0,344.0],[346.0,344.0],[346.0,366.0],[216.0,366.0],[216.0,344.0]]]},"symbol":{"type":"CIMPolygonSymbol","symbolLayers":[{"type":"CIMSolidStroke","enable":true,"colorLocked":true,"capStyle":"Round","joinStyle":"Miter","lineStyle3D":"Strip","miterLimit":10,"width":1,"color":[0,0,0,255]}]}},{"type":"CIMMarkerGraphic","geometry":{"paths":[[[267.0,350.0],[267.0,320.0]]]},"symbol":{"type":"CIMPolygonSymbol","symbolLayers":[{"type":"CIMSolidStroke","enable":true,"colorLocked":true,"capStyle":"Butt","joinStyle":"Miter","lineStyle3D":"Strip","miterLimit":10,"width":6,"color":[0,0,0,255]}]}},{"type":"CIMMarkerGraphic","geometry":{"paths":[[[301.0,349.0],[301.0,320.0]]]},"symbol":{"type":"CIMPolygonSymbol","symbolLayers":[{"type":"CIMSolidStroke","enable":true,"colorLocked":true,"capStyle":"Butt","joinStyle":"Miter","lineStyle3D":"Strip","miterLimit":10,"width":6,"color":[0,0,0,255]}]}}],"scaleSymbolsProportionally":true,"respectFrame":true}],"haloSize":1,"scaleX":1,"angleAlignment":"Display","version":"2.0.0","build":"8933"}