{"type":"CIMPointSymbol","symbolLayers":[{"type":"CIMVectorMarker","enable":true,"anchorPointUnits":"Relative","dominantSizeAxis3D":"Z","size":64,"billboardMode3D":"FaceNearPlane","frame":{"xmin":0,"ymin":0,"xmax":612,"ymax":792},"markerGraphics":[{"type":"CIMMarkerGraphic","geometry":{"rings":[[[304.4,375.6],[328.1,407.0],[311.3,407.0],[310.1,406.2],[307.5,403.9],[298.9,395.2],[287.2,382.8],[281.0,375.5],[304.4,375.6]]]},"symbol":{"type":"CIMPolygonSymbol","symbolLayers":[{"type":"CIMSolidFill","enable":true,"primitiveName":"icon_element","color":[255,255,255,255]}]}},{"type":"CIMMarkerGraphic","geometry":{"rings":[[[329.3,350.2],[337.7,361.5],[354.1,385.2],[345.7,393.7],[331.7,406.5],[307.0,375.0],[329.3,350.2]]]},"symbol":{"type":"CIMPolygonSymbol","symbolLayers":[{"type":"CIMSolidFill","enable":true,"primitiveName":"icon_element","color":[255,255,255,255]}]}},{"type":"CIMMarkerGraphic","geometry":{"rings":[[[270.4,367.6],[282.3,380.3],[285.8,384.6],[278.9,385.0],[245.8,349.8],[256.3,349.6],[270.4,367.6]]]},"symbol":{"type":"CIMPolygonSymbol","symbolLayers":[{"type":"CIMSolidFill","enable":true,"primitiveName":"icon_element","color":[255,255,255,255]}]}},{"type":"CIMMarkerGraphic","geometry":{"rings":[[[326.3,349.6],[322.9,354.0],[314.8,362.6],[307.0,370.3],[303.4,373.1],[280.4,373.1],[278.0,371.3],[272.9,366.0],[259.3,349.6],[326.3,349.6]]]},"symbol":{"type":"CIMPolygonSymbol","symbolLayers":[{"type":"CIMSolidFill","enable":true,"primitiveName":"icon_element","color":[255,255,255,255]}]}},{"type":"CIMMarkerGraphic","geometry":{"rings":[[[368.6,384.6],[356.6,384.5],[332.2,349.7],[342.4,349.4],[368.6,384.6]]]},"symbol":{"type":"CIMPolygonSymbol","symbolLayers":[{"type":"CIMSolidFill","enable":true,"primitiveName":"icon_element","color":[255,255,255,255]}]}},{"type":"CIMMarkerGraphic","geometry":{"rings":[[[281.0,375.5],[298.9,395.2],[311.3,407.0],[328.2,407.0],[304.4,375.6],[281.0,375.5]],[[307.0,375.0],[331.6,406.5],[354.0,385.2],[329.3,350.2],[307.0,375.0]],[[259.3,349.6],[272.9,366.0],[280.4,373.1],[303.4,373.1],[314.8,362.6],[326.3,349.6],[259.3,349.6]],[[245.8,349.8],[278.9,385.0],[285.8,384.6],[270.4,367.6],[256.3,349.6],[245.8,349.8]],[[332.2,349.7],[356.6,384.5],[368.6,384.6],[342.4,349.4],[332.2,349.7]],[[345.0,348.4],[370.9,384.0],[395.3,362.8],[368.6,322.5],[345.0,348.4]],[[273.0,347.1],[311.4,347.1],[294.2,322.4],[273.0,347.1]],[[297.4,321.9],[307.1,335.6],[317.3,347.2],[341.4,347.2],[365.5,321.9],[297.4,321.9]],[[223.1,321.9],[233.8,336.0],[244.2,347.2],[268.9,347.2],[277.2,338.7],[291.2,321.9],[223.1,321.9]],[[369.5,319.6],[398.5,363.3],[397.8,363.0],[371.6,387.0],[357.1,387.0],[331.2,409.4],[310.7,409.4],[288.2,387.0],[276.8,387.0],[261.8,370.6],[246.8,354.3],[218.3,320.1],[221.3,319.5],[369.5,319.6]]]},"symbol":{"type":"CIMPolygonSymbol","symbolLayers":[{"type":"CIMSolidFill","enable":true,"colorLocked":true,"color":[0,0,0,255]}]}},{"type":"CIMMarkerGraphic","geometry":{"rings":[[[311.4,347.1],[273.0,347.1],[294.2,322.4],[311.4,347.1]]]},"symbol":{"type":"CIMPolygonSymbol","symbolLayers":[{"type":"CIMSolidFill","enable":true,"primitiveName":"icon_element","color":[255,255,255,255]}]}},{"type":"CIMMarkerGraphic","geometry":{"rings":[[[395.3,362.8],[371.0,384.0],[345.0,348.4],[368.6,322.5],[395.3,362.8]]]},"symbol":{"type":"CIMPolygonSymbol","symbolLayers":[{"type":"CIMSolidFill","enable":true,"primitiveName":"icon_element","color":[255,255,255,255]}]}},{"type":"CIMMarkerGraphic","geometry":{"rings":[[[291.2,321.9],[277.1,338.9],[271.4,345.1],[268.9,347.2],[244.2,347.2],[240.9,344.2],[233.8,336.0],[226.3,326.7],[223.1,321.9],[291.2,321.9]]]},"symbol":{"type":"CIMPolygonSymbol","symbolLayers":[{"type":"CIMSolidFill","enable":true,"primitiveName":"icon_element","color":[255,255,255,255]}]}},{"type":"CIMMarkerGraphic","geometry":{"rings":[[[365.5,321.9],[351.7,337.2],[341.4,347.2],[317.3,347.2],[314.1,344.0],[307.1,335.6],[300.2,326.4],[297.4,321.9],[365.5,321.9]]]},"symbol":{"type":"CIMPolygonSymbol","symbolLayers":[{"type":"CIMSolidFill","enable":true,"primitiveName":"icon_element","color":[255,255,255,255]}]}},{"type":"CIMMarkerGraphic","geometry":{"x":237.24609375,"y":434.167877197265625},"symbol":{"type":"CIMTextSymbol","blockProgression":"TTB","depth3D":1,"extrapolateBaselines":true,"fontEffects":"Normal","fontEncoding":"Unicode","fontFamilyName":"Arial","fontType":"Unspecified","haloSize":1,"height":52,"hinting":"Default","horizontalAlignment":"Left","kerning":true,"letterWidth":100,"ligatures":true,"lineGapType":"ExtraLeading","symbol":{"type":"CIMPolygonSymbol","symbolLayers":[{"type":"CIMSolidFill","enable":true,"colorLocked":true,"color":[0,0,0,255]}]},"textCase":"Normal","textDirection":"LTR","verticalAlignment":"Baseline","verticalGlyphOrientation":"Right","wordSpacing":100,"billboardMode3D":"FaceNearPlane"},"textString":"STOR","primitiveName":"icon_element"}],"scaleSymbolsProportionally":true,"respectFrame":true}],"haloSize":1,"scaleX":1,"angleAlignment":"Display","version":"2.0.0","build":"8933"}