{"type":"CIMPointSymbol","symbolLayers":[{"type":"CIMVectorMarker","enable":true,"anchorPointUnits":"Relative","dominantSizeAxis3D":"Z","size":64,"billboardMode3D":"FaceNearPlane","frame":{"xmin":0,"ymin":0,"xmax":612,"ymax":792},"markerGraphics":[{"type":"CIMMarkerGraphic","geometry":{"rings":[[[307.4,340.6],[317.7,342.0],[327.7,346.5],[336.1,353.4],[340.7,359.7],[380.0,359.7],[380.0,349.6],[402.7,349.6],[402.7,408.6],[380.0,408.6],[380.0,399.0],[341.7,399.0],[337.6,403.1],[335.2,407.6],[335.2,421.7],[310.4,421.7],[310.4,442.3],[341.1,442.3],[341.1,451.4],[270.6,451.4],[270.6,442.3],[300.8,442.3],[300.8,421.6],[278.7,421.6],[278.7,405.0],[278.3,405.4],[273.8,399.3],[230.9,399.0],[230.9,408.6],[208.7,408.6],[208.7,349.7],[230.9,349.7],[230.9,359.7],[273.2,359.7],[279.1,352.6],[286.3,346.7],[296.0,342.2],[305.9,340.6],[307.4,340.6]]]},"symbol":{"type":"CIMPolygonSymbol","symbolLayers":[{"type":"CIMSolidFill","enable":true,"primitiveName":"icon_element","color":[0,0,0,255]}]}}],"scaleSymbolsProportionally":true,"respectFrame":true}],"haloSize":1,"scaleX":1,"angleAlignment":"Display","version":"2.0.0","build":"8933"}