{"type":"CIMPointSymbol","symbolLayers":[{"type":"CIMVectorMarker","enable":true,"anchorPointUnits":"Relative","dominantSizeAxis3D":"Z","size":64,"billboardMode3D":"FaceNearPlane","frame":{"xmin":0,"ymin":0,"xmax":612,"ymax":792},"markerGraphics":[{"type":"CIMMarkerGraphic","geometry":{"rings":[[[246.0,407.8],[246.0,423.0],[208.7,423.0],[208.7,407.8],[246.0,407.8]]]},"symbol":{"type":"CIMPolygonSymbol","symbolLayers":[{"type":"CIMSolidFill","enable":true,"primitiveName":"icon_element","color":[0,0,0,255]}]}},{"type":"CIMMarkerGraphic","geometry":{"rings":[[[401.8,407.8],[401.8,423.0],[363.7,423.0],[363.7,407.8],[401.8,407.8]]]},"symbol":{"type":"CIMPolygonSymbol","symbolLayers":[{"type":"CIMSolidFill","enable":true,"primitiveName":"icon_element","color":[0,0,0,255]}]}},{"type":"CIMMarkerGraphic","geometry":{"rings":[[[282.7,403.1],[296.3,450.0],[316.5,450.2],[319.8,444.6],[322.5,432.8],[326.2,422.1],[331.3,404.6],[331.3,403.0],[282.7,403.1]],[[373.9,337.8],[372.2,344.4],[366.2,363.9],[364.0,370.9],[359.9,385.1],[399.5,385.1],[399.5,403.0],[354.0,403.0],[346.9,425.2],[346.6,427.3],[344.1,434.7],[339.9,450.2],[366.5,450.2],[366.5,468.1],[246.6,468.1],[246.6,450.2],[274.5,450.0],[265.6,422.0],[260.8,404.6],[260.8,403.0],[208.7,403.0],[208.7,385.1],[255.0,385.0],[252.0,377.5],[251.8,375.4],[245.4,354.6],[236.3,326.0],[260.4,326.2],[266.3,345.4],[277.6,383.5],[277.6,385.1],[336.2,385.0],[352.9,326.0],[377.5,325.8],[373.9,337.8]]]},"symbol":{"type":"CIMPolygonSymbol","symbolLayers":[{"type":"CIMSolidFill","enable":true,"primitiveName":"icon_element","color":[0,0,0,255]}]}}],"scaleSymbolsProportionally":true,"respectFrame":true}],"haloSize":1,"scaleX":1,"angleAlignment":"Display","version":"2.0.0","build":"8933"}