{"type":"CIMPointSymbol","symbolLayers":[{"type":"CIMVectorMarker","enable":true,"anchorPointUnits":"Relative","dominantSizeAxis3D":"Z","size":64,"billboardMode3D":"FaceNearPlane","frame":{"xmin":0,"ymin":0,"xmax":612,"ymax":792},"markerGraphics":[{"type":"CIMMarkerGraphic","geometry":{"rings":[[[228.3,361.1],[226.4,377.2],[226.4,381.6],[228.1,395.7],[233.2,411.0],[240.9,425.2],[249.6,435.3],[263.7,446.0],[276.3,452.7],[289.5,456.8],[303.8,458.1],[306.0,458.1],[320.5,456.6],[334.9,452.2],[348.5,445.1],[359.9,436.0],[368.3,426.5],[376.0,414.2],[381.8,399.1],[384.3,384.2],[384.3,373.5],[382.5,362.4],[382.5,361.1],[389.3,361.1],[390.9,377.1],[390.9,386.5],[387.3,403.0],[381.5,417.2],[374.2,429.6],[364.8,440.4],[352.6,450.1],[337.9,457.8],[322.9,462.7],[308.2,464.3],[302.0,464.3],[288.7,462.9],[274.5,458.8],[261.0,452.3],[250.5,444.6],[240.6,434.8],[233.7,425.8],[227.5,414.3],[222.4,401.2],[220.6,390.5],[220.1,378.0],[220.1,370.0],[221.5,361.1],[228.3,361.1]]]},"symbol":{"type":"CIMPolygonSymbol","symbolLayers":[{"type":"CIMSolidFill","enable":true,"primitiveName":"icon_element","color":[0,0,0,255]}]}},{"type":"CIMMarkerGraphic","geometry":{"rings":[[[387.8,344.7],[387.8,351.8],[222.4,351.8],[222.4,344.7],[387.8,344.7]]]},"symbol":{"type":"CIMPolygonSymbol","symbolLayers":[{"type":"CIMSolidFill","enable":true,"primitiveName":"icon_element","color":[0,0,0,255]}]}},{"type":"CIMMarkerGraphic","geometry":{"rings":[[[395.4,329.1],[395.4,336.7],[215.2,336.7],[215.2,329.1],[395.4,329.1]]]},"symbol":{"type":"CIMPolygonSymbol","symbolLayers":[{"type":"CIMSolidFill","enable":true,"primitiveName":"icon_element","color":[0,0,0,255]}]}},{"type":"CIMMarkerGraphic","geometry":{"rings":[[[275.0,402.0],[277.34,402.23],[279.59,402.91],[281.67,404.02],[283.49,405.51],[284.98,407.33],[286.09,409.41],[286.77,411.66],[287.0,414.0],[286.77,416.34],[286.09,418.59],[284.98,420.67],[283.49,422.49],[281.67,423.98],[279.59,425.09],[277.34,425.77],[275.0,426.0],[272.66,425.77],[270.41,425.09],[268.33,423.98],[266.51,422.49],[265.02,420.67],[263.91,418.59],[263.23,416.34],[263.0,414.0],[263.23,411.66],[263.91,409.41],[265.02,407.33],[266.51,405.51],[268.33,404.02],[270.41,402.91],[272.66,402.23],[275.0,402.0]]]},"symbol":{"type":"CIMPolygonSymbol","symbolLayers":[{"type":"CIMSolidStroke","enable":true,"primitiveName":"icon_element","capStyle":"Round","joinStyle":"Miter","lineStyle3D":"Strip","miterLimit":10,"width":5,"color":[0,0,0,255]}]}},{"type":"CIMMarkerGraphic","geometry":{"rings":[[[335.0,402.0],[337.34,402.23],[339.59,402.91],[341.67,404.02],[343.49,405.51],[344.98,407.33],[346.09,409.41],[346.77,411.66],[347.0,414.0],[346.77,416.34],[346.09,418.59],[344.98,420.67],[343.49,422.49],[341.67,423.98],[339.59,425.09],[337.34,425.77],[335.0,426.0],[332.66,425.77],[330.41,425.09],[328.33,423.98],[326.51,422.49],[325.02,420.67],[323.91,418.59],[323.23,416.34],[323.0,414.0],[323.23,411.66],[323.91,409.41],[325.02,407.33],[326.51,405.51],[328.33,404.02],[330.41,402.91],[332.66,402.23],[335.0,402.0]]]},"symbol":{"type":"CIMPolygonSymbol","symbolLayers":[{"type":"CIMSolidStroke","enable":true,"primitiveName":"icon_element","capStyle":"Round","joinStyle":"Miter","lineStyle3D":"Strip","miterLimit":10,"width":5,"color":[0,0,0,255]}]}},{"type":"CIMMarkerGraphic","geometry":{"paths":[[[275.0,403.0],[275.0,363.0]]]},"symbol":{"type":"CIMPolygonSymbol","symbolLayers":[{"type":"CIMSolidStroke","enable":true,"primitiveName":"icon_element","capStyle":"Butt","joinStyle":"Miter","lineStyle3D":"Strip","miterLimit":10,"width":5,"color":[0,0,0,255]}]}},{"type":"CIMMarkerGraphic","geometry":{"paths":[[[335.0,403.0],[335.0,363.0]]]},"symbol":{"type":"CIMPolygonSymbol","symbolLayers":[{"type":"CIMSolidStroke","enable":true,"primitiveName":"icon_element","capStyle":"Butt","joinStyle":"Miter","lineStyle3D":"Strip","miterLimit":10,"width":5,"color":[0,0,0,255]}]}},{"type":"CIMMarkerGraphic","geometry":{"paths":[[[263.0,389.0],[287.0,389.0]]]},"symbol":{"type":"CIMPolygonSymbol","symbolLayers":[{"type":"CIMSolidStroke","enable":true,"primitiveName":"icon_element","capStyle":"Butt","joinStyle":"Miter","lineStyle3D":"Strip","miterLimit":10,"width":5,"color":[0,0,0,255]}]}},{"type":"CIMMarkerGraphic","geometry":{"paths":[[[323.0,389.0],[347.0,389.0]]]},"symbol":{"type":"CIMPolygonSymbol","symbolLayers":[{"type":"CIMSolidStroke","enable":true,"primitiveName":"icon_element","capStyle":"Butt","joinStyle":"Miter","lineStyle3D":"Strip","miterLimit":10,"width":5,"color":[0,0,0,255]}]}}],"scaleSymbolsProportionally":true,"respectFrame":true}],"haloSize":1,"scaleX":1,"angleAlignment":"Display","version":"2.0.0","build":"8933"}