{"type":"CIMPointSymbol","symbolLayers":[{"type":"CIMVectorMarker","enable":true,"anchorPointUnits":"Relative","dominantSizeAxis3D":"Z","size":64,"billboardMode3D":"FaceNearPlane","frame":{"xmin":0,"ymin":0,"xmax":612,"ymax":792},"markerGraphics":[{"type":"CIMMarkerGraphic","geometry":{"rings":[[[349.4,479.9],[318.9,439.8],[314.0,493.2],[301.6,456.0],[287.6,477.8],[283.7,436.1],[256.3,467.3],[265.7,431.6],[229.5,433.4],[229.3,433.0],[263.0,408.6],[205.7,404.8],[255.5,390.2],[255.5,389.5],[220.5,369.2],[220.7,368.6],[266.1,374.2],[251.6,349.2],[278.2,360.2],[268.6,319.2],[293.9,352.2],[307.7,299.2],[308.8,299.2],[311.5,352.3],[338.6,319.4],[329.1,362.9],[360.3,345.5],[341.3,368.3],[388.0,355.0],[357.4,383.2],[396.9,389.3],[351.9,401.6],[404.8,428.5],[357.1,424.2],[376.5,455.5],[334.6,432.8],[349.4,479.9]]]},"symbol":{"type":"CIMPolygonSymbol","symbolLayers":[{"type":"CIMSolidStroke","enable":true,"primitiveName":"icon_element","capStyle":"Round","joinStyle":"Miter","lineStyle3D":"Strip","miterLimit":10,"width":5,"color":[0,0,0,255]}]}},{"type":"CIMMarkerGraphic","geometry":{"x":282.260711669921875,"y":368.8193359375},"symbol":{"type":"CIMTextSymbol","blockProgression":"TTB","depth3D":1,"extrapolateBaselines":true,"fontEffects":"Normal","fontEncoding":"Unicode","fontFamilyName":"Arial","fontType":"Unspecified","haloSize":1,"height":81,"hinting":"Default","horizontalAlignment":"Left","kerning":true,"letterWidth":100,"ligatures":true,"lineGapType":"ExtraLeading","symbol":{"type":"CIMPolygonSymbol","symbolLayers":[{"type":"CIMSolidFill","enable":true,"color":[0,0,0,255]}]},"textCase":"Normal","textDirection":"LTR","verticalAlignment":"Baseline","verticalGlyphOrientation":"Right","wordSpacing":100,"billboardMode3D":"FaceNearPlane"},"textString":"?","primitiveName":"icon_element"}],"scaleSymbolsProportionally":true,"respectFrame":true}],"haloSize":1,"scaleX":1,"angleAlignment":"Display","version":"2.0.0","build":"8933"}