{"type":"CIMPointSymbol","symbolLayers":[{"type":"CIMVectorMarker","enable":true,"anchorPointUnits":"Relative","dominantSizeAxis3D":"Z","size":64,"billboardMode3D":"FaceNearPlane","frame":{"xmin":0,"ymin":0,"xmax":612,"ymax":792},"markerGraphics":[{"type":"CIMMarkerGraphic","geometry":{"rings":[[[306.4,375.3],[310.7,375.7],[314.8,376.8],[318.7,378.6],[322.2,381.1],[325.3,384.1],[327.8,387.7],[329.6,391.6],[330.7,395.7],[331.1,400.0],[330.7,404.3],[329.6,408.4],[327.8,412.3],[325.3,415.9],[322.2,418.9],[318.7,421.4],[314.8,423.2],[310.7,424.3],[306.4,424.7],[302.1,424.3],[297.9,423.2],[294.0,421.4],[290.5,418.9],[287.5,415.9],[285.0,412.3],[283.2,408.4],[282.1,404.3],[281.7,400.0],[282.1,395.7],[283.2,391.6],[285.0,387.7],[287.5,384.1],[290.5,381.1],[294.0,378.6],[297.9,376.8],[302.1,375.7],[306.4,375.3]]]},"symbol":{"type":"CIMPolygonSymbol","symbolLayers":[{"type":"CIMSolidFill","enable":true,"primitiveName":"icon_element","color":[0,0,0,255]}]}},{"type":"CIMMarkerGraphic","geometry":{"rings":[[[306.4,375.3],[310.7,375.7],[314.8,376.8],[318.7,378.6],[322.2,381.1],[325.3,384.1],[327.8,387.7],[329.6,391.6],[330.7,395.7],[331.1,400.0],[330.7,404.3],[329.6,408.4],[327.8,412.3],[325.3,415.9],[322.2,418.9],[318.7,421.4],[314.8,423.2],[310.7,424.3],[306.4,424.7],[302.1,424.3],[297.9,423.2],[294.0,421.4],[290.5,418.9],[287.5,415.9],[285.0,412.3],[283.2,408.4],[282.1,404.3],[281.7,400.0],[282.1,395.7],[283.2,391.6],[285.0,387.7],[287.5,384.1],[290.5,381.1],[294.0,378.6],[297.9,376.8],[302.1,375.7],[306.4,375.3]]]},"symbol":{"type":"CIMPolygonSymbol","symbolLayers":[{"type":"CIMSolidStroke","enable":true,"primitiveName":"icon_element","capStyle":"Round","joinStyle":"Miter","lineStyle3D":"Strip","miterLimit":10,"width":0.82300001382827759,"color":[0,0,0,255]}]}},{"type":"CIMMarkerGraphic","geometry":{"rings":[[[287.1,432.7],[291.2,434.8],[295.8,436.3],[300.8,437.3],[306.0,437.6],[311.2,437.3],[316.2,436.3],[320.8,434.8],[324.9,432.7],[347.1,471.3],[337.7,476.1],[327.6,479.6],[316.9,481.7],[306.0,482.5],[295.1,481.7],[284.4,479.6],[274.3,476.1],[264.8,471.3],[287.1,432.7]]]},"symbol":{"type":"CIMPolygonSymbol","symbolLayers":[{"type":"CIMSolidFill","enable":true,"primitiveName":"icon_element","color":[0,0,0,255]}]}},{"type":"CIMMarkerGraphic","geometry":{"rings":[[[264.8,471.3],[274.3,476.1],[284.4,479.6],[295.1,481.7],[306.0,482.5],[316.9,481.7],[327.6,479.6],[337.7,476.1],[347.1,471.3],[324.9,432.7],[320.8,434.8],[316.2,436.3],[311.2,437.3],[306.0,437.6],[300.8,437.3],[295.8,436.3],[291.2,434.8],[287.1,432.7],[264.8,471.3]]]},"symbol":{"type":"CIMPolygonSymbol","symbolLayers":[{"type":"CIMSolidStroke","enable":true,"primitiveName":"icon_element","capStyle":"Round","joinStyle":"Miter","lineStyle3D":"Strip","miterLimit":10,"width":0.82300001382827759,"color":[0,0,0,255]}]}},{"type":"CIMMarkerGraphic","geometry":{"rings":[[[346.7,329.0],[355.6,334.8],[363.7,341.8],[370.8,350.0],[376.9,359.1],[381.8,368.9],[385.2,379.2],[387.3,389.8],[387.8,400.3],[343.2,400.4],[343.0,395.7],[342.0,391.0],[340.4,386.2],[338.1,381.5],[335.2,377.2],[331.9,373.3],[328.2,370.1],[324.3,367.6],[346.7,329.0]]]},"symbol":{"type":"CIMPolygonSymbol","symbolLayers":[{"type":"CIMSolidFill","enable":true,"primitiveName":"icon_element","color":[0,0,0,255]}]}},{"type":"CIMMarkerGraphic","geometry":{"rings":[[[387.8,400.3],[387.3,389.8],[385.2,379.2],[381.8,368.9],[376.9,359.1],[370.8,350.0],[363.7,341.8],[355.6,334.8],[346.7,329.0],[324.3,367.6],[328.2,370.1],[331.9,373.3],[335.2,377.2],[338.1,381.5],[340.4,386.2],[342.0,391.0],[343.0,395.7],[343.2,400.4],[387.8,400.3]]]},"symbol":{"type":"CIMPolygonSymbol","symbolLayers":[{"type":"CIMSolidStroke","enable":true,"primitiveName":"icon_element","capStyle":"Round","joinStyle":"Miter","lineStyle3D":"Strip","miterLimit":10,"width":0.82300001382827759,"color":[0,0,0,255]}]}},{"type":"CIMMarkerGraphic","geometry":{"rings":[[[287.6,368.3],[283.7,370.9],[280.1,374.1],[276.8,378.0],[273.9,382.3],[271.6,386.9],[270.0,391.7],[269.0,396.5],[268.8,401.2],[224.2,401.1],[224.7,390.6],[226.7,380.1],[230.2,369.8],[235.0,359.9],[241.1,350.8],[248.2,342.6],[256.3,335.6],[265.2,329.8],[287.6,368.3]]]},"symbol":{"type":"CIMPolygonSymbol","symbolLayers":[{"type":"CIMSolidFill","enable":true,"primitiveName":"icon_element","color":[0,0,0,255]}]}},{"type":"CIMMarkerGraphic","geometry":{"rings":[[[265.2,329.8],[256.3,335.6],[248.2,342.6],[241.1,350.8],[235.0,359.9],[230.2,369.8],[226.7,380.1],[224.7,390.6],[224.2,401.1],[268.8,401.2],[269.0,396.5],[270.0,391.7],[271.6,386.9],[273.9,382.3],[276.8,378.0],[280.1,374.1],[283.7,370.9],[287.6,368.3],[265.2,329.8]]]},"symbol":{"type":"CIMPolygonSymbol","symbolLayers":[{"type":"CIMSolidStroke","enable":true,"primitiveName":"icon_element","capStyle":"Round","joinStyle":"Miter","lineStyle3D":"Strip","miterLimit":10,"width":0.82300001382827759,"color":[0,0,0,255]}]}}],"scaleSymbolsProportionally":true,"respectFrame":true}],"haloSize":1,"scaleX":1,"angleAlignment":"Display","version":"2.0.0","build":"8933"}