{"type":"CIMPointSymbol","symbolLayers":[{"type":"CIMVectorMarker","enable":true,"anchorPointUnits":"Relative","dominantSizeAxis3D":"Z","size":64,"billboardMode3D":"FaceNearPlane","frame":{"xmin":0,"ymin":0,"xmax":612,"ymax":792},"markerGraphics":[{"type":"CIMMarkerGraphic","geometry":{"rings":[[[314.0,360.2],[314.0,389.6],[374.9,389.6],[374.9,451.8],[359.1,451.8],[359.1,405.3],[314.0,405.3],[314.0,432.1],[315.5,434.0],[321.4,436.4],[328.2,441.4],[334.3,448.8],[337.7,456.2],[339.1,466.3],[338.1,475.4],[334.5,483.7],[328.2,491.5],[320.7,496.8],[311.2,500.0],[301.4,500.5],[292.4,498.3],[284.4,493.3],[277.4,486.1],[273.0,478.4],[271.5,470.8],[271.5,462.9],[272.1,458.3],[273.8,453.2],[279.8,443.7],[287.4,437.5],[294.6,434.1],[296.4,432.1],[296.4,405.3],[251.2,405.3],[251.2,451.8],[235.5,451.8],[235.5,389.6],[296.4,389.6],[296.4,360.2],[314.0,360.2]]]},"symbol":{"type":"CIMPolygonSymbol","symbolLayers":[{"type":"CIMSolidFill","enable":true,"primitiveName":"icon_element","color":[0,0,0,255]}]}},{"type":"CIMMarkerGraphic","geometry":{"rings":[[[296.3,288.8],[296.3,360.2],[278.6,360.2],[278.6,288.8],[296.3,288.8]]]},"symbol":{"type":"CIMPolygonSymbol","symbolLayers":[{"type":"CIMSolidFill","enable":true,"primitiveName":"icon_element","color":[0,0,0,255]}]}},{"type":"CIMMarkerGraphic","geometry":{"rings":[[[331.7,288.8],[331.7,360.2],[314.0,360.2],[314.0,288.8],[331.7,288.8]]]},"symbol":{"type":"CIMPolygonSymbol","symbolLayers":[{"type":"CIMSolidFill","enable":true,"primitiveName":"icon_element","color":[0,0,0,255]}]}}],"scaleSymbolsProportionally":true,"respectFrame":true}],"haloSize":1,"scaleX":1,"angleAlignment":"Display","version":"2.0.0","build":"8933"}