{"type":"CIMPointSymbol","symbolLayers":[{"type":"CIMVectorMarker","enable":true,"anchorPointUnits":"Relative","dominantSizeAxis3D":"Z","size":64,"billboardMode3D":"FaceNearPlane","frame":{"xmin":0,"ymin":0,"xmax":612,"ymax":792},"markerGraphics":[{"type":"CIMMarkerGraphic","geometry":{"rings":[[[268.2,388.7],[268.2,430.4],[251.6,430.4],[251.6,388.7],[268.2,388.7]]]},"symbol":{"type":"CIMPolygonSymbol","symbolLayers":[{"type":"CIMSolidFill","enable":true,"primitiveName":"icon_element","color":[255,255,255,255]}]}},{"type":"CIMMarkerGraphic","geometry":{"rings":[[[368.44,388.68],[368.44,401.16],[360.16,401.16],[360.16,388.68],[368.44,388.68]]]},"symbol":{"type":"CIMPolygonSymbol","symbolLayers":[{"type":"CIMSolidFill","enable":true,"primitiveName":"icon_element","color":[255,255,255,255]}]}},{"type":"CIMMarkerGraphic","geometry":{"rings":[[[385.1,371.9],[385.1,380.3],[226.5,380.3],[226.5,371.9],[385.1,371.9]]]},"symbol":{"type":"CIMPolygonSymbol","symbolLayers":[{"type":"CIMSolidFill","enable":true,"primitiveName":"icon_element","color":[255,255,255,255]}]}},{"type":"CIMMarkerGraphic","geometry":{"rings":[[[368.44,351.0],[368.44,363.6],[360.16,363.6],[360.16,351.0],[368.44,351.0]]]},"symbol":{"type":"CIMPolygonSymbol","symbolLayers":[{"type":"CIMSolidFill","enable":true,"primitiveName":"icon_element","color":[255,255,255,255]}]}},{"type":"CIMMarkerGraphic","geometry":{"rings":[[[268.2,321.8],[268.2,363.6],[251.6,363.6],[251.6,321.8],[268.2,321.8]]]},"symbol":{"type":"CIMPolygonSymbol","symbolLayers":[{"type":"CIMSolidFill","enable":true,"primitiveName":"icon_element","color":[255,255,255,255]}]}},{"type":"CIMMarkerGraphic","geometry":{"rings":[[[251.6,430.4],[268.2,430.4],[268.2,388.7],[251.6,388.7],[251.6,430.4]],[[360.0,401.2],[368.4,401.2],[368.4,388.7],[360.0,388.7],[360.0,401.2]],[[226.5,380.3],[385.2,380.3],[385.2,371.9],[226.5,371.9],[226.5,380.3]],[[360.0,363.6],[368.4,363.6],[368.4,351.0],[360.0,351.0],[360.0,363.6]],[[251.6,363.6],[268.2,363.6],[268.2,321.8],[251.6,321.8],[251.6,363.6]],[[276.5,313.4],[276.5,363.6],[351.8,363.6],[351.8,342.7],[376.8,342.7],[376.8,363.6],[393.5,363.6],[393.5,388.7],[376.8,388.7],[376.8,409.6],[351.8,409.6],[351.8,388.7],[276.5,388.7],[276.5,438.7],[243.2,438.7],[243.2,388.7],[218.1,388.7],[218.1,363.6],[243.2,363.6],[243.2,313.4],[276.5,313.4]]]},"symbol":{"type":"CIMPolygonSymbol","symbolLayers":[{"type":"CIMSolidFill","enable":true,"colorLocked":true,"color":[0,0,0,255]}]}},{"type":"CIMMarkerGraphic","geometry":{"x":292.029296875,"y":424.9599609375},"symbol":{"type":"CIMTextSymbol","blockProgression":"TTB","depth3D":1,"extrapolateBaselines":true,"fontEffects":"Normal","fontEncoding":"Unicode","fontFamilyName":"Arial","fontType":"Unspecified","haloSize":1,"height":65,"hinting":"Default","horizontalAlignment":"Left","kerning":true,"letterWidth":100,"ligatures":true,"lineGapType":"ExtraLeading","symbol":{"type":"CIMPolygonSymbol","symbolLayers":[{"type":"CIMSolidFill","enable":true,"colorLocked":true,"color":[0,0,0,255]}]},"textCase":"Normal","textDirection":"LTR","verticalAlignment":"Baseline","verticalGlyphOrientation":"Right","wordSpacing":100,"billboardMode3D":"FaceNearPlane"},"textString":"A","primitiveName":"icon_element"}],"scaleSymbolsProportionally":true,"respectFrame":true}],"haloSize":1,"scaleX":1,"angleAlignment":"Display","version":"2.0.0","build":"8933"}