{"type":"CIMPointSymbol","symbolLayers":[{"type":"CIMVectorMarker","enable":true,"anchorPointUnits":"Relative","dominantSizeAxis3D":"Z","size":64,"billboardMode3D":"FaceNearPlane","frame":{"xmin":0,"ymin":0,"xmax":612,"ymax":792},"markerGraphics":[{"type":"CIMMarkerGraphic","geometry":{"rings":[[[269.3,330.1],[224.7,331.8],[255.0,425.5],[353.4,425.5],[383.5,331.8],[339.2,330.1],[339.2,325.4],[391.5,326.9],[387.8,340.4],[374.0,380.9],[361.6,420.1],[357.2,428.9],[353.4,431.8],[255.0,431.8],[251.1,428.9],[246.7,420.2],[234.4,380.9],[220.8,341.2],[216.9,326.9],[269.3,325.4],[269.3,330.1]]]},"symbol":{"type":"CIMPolygonSymbol","symbolLayers":[{"type":"CIMSolidFill","enable":true,"primitiveName":"icon_element","color":[0,0,0,255]}]}},{"type":"CIMMarkerGraphic","geometry":{"rings":[[[305.7,309.5],[308.5,309.9],[311.3,310.8],[314.0,312.4],[316.5,314.5],[318.6,316.9],[320.2,319.7],[321.1,322.5],[321.5,325.3],[321.5,330.1],[321.1,332.9],[320.2,335.8],[318.6,338.5],[316.5,341.0],[314.1,343.1],[311.3,344.6],[308.5,345.6],[305.7,345.9],[302.6,345.9],[299.8,345.6],[296.9,344.7],[294.1,343.2],[291.6,341.1],[289.5,338.6],[287.9,335.8],[287.0,333.0],[286.6,330.1],[286.6,325.3],[286.9,322.5],[287.9,319.7],[289.5,317.0],[291.5,314.5],[294.0,312.4],[296.8,310.8],[299.6,309.9],[302.4,309.5],[305.7,309.5]]]},"symbol":{"type":"CIMPolygonSymbol","symbolLayers":[{"type":"CIMSolidFill","enable":true,"primitiveName":"icon_element","color":[0,0,0,255]}]}},{"type":"CIMMarkerGraphic","geometry":{"x":279.7001953125,"y":442.616729736328125},"symbol":{"type":"CIMTextSymbol","blockProgression":"TTB","depth3D":1,"extrapolateBaselines":true,"fontEffects":"Normal","fontEncoding":"Unicode","fontFamilyName":"Arial","fontType":"Unspecified","haloSize":1,"height":84,"hinting":"Default","horizontalAlignment":"Left","kerning":true,"letterWidth":100,"ligatures":true,"lineGapType":"ExtraLeading","symbol":{"type":"CIMPolygonSymbol","symbolLayers":[{"type":"CIMSolidFill","enable":true,"color":[0,0,0,255]}]},"textCase":"Normal","textDirection":"LTR","verticalAlignment":"Baseline","verticalGlyphOrientation":"Right","wordSpacing":100,"billboardMode3D":"FaceNearPlane"},"textString":"?","primitiveName":"icon_element"}],"scaleSymbolsProportionally":true,"respectFrame":true}],"haloSize":1,"scaleX":1,"angleAlignment":"Display","version":"2.0.0","build":"8933"}