{"type":"CIMPointSymbol","symbolLayers":[{"type":"CIMVectorMarker","enable":true,"anchorPointUnits":"Relative","dominantSizeAxis3D":"Z","size":64,"billboardMode3D":"FaceNearPlane","frame":{"xmin":0,"ymin":0,"xmax":612,"ymax":792},"markerGraphics":[{"type":"CIMMarkerGraphic","geometry":{"rings":[[[389.2,340.2],[376.8,341.0],[365.6,343.2],[355.6,347.0],[346.9,352.2],[338.8,359.9],[332.7,368.9],[329.0,378.4],[327.7,388.2],[328.5,396.3],[330.7,404.1],[334.3,411.2],[339.3,417.5],[345.3,422.6],[352.1,426.4],[359.5,428.7],[367.3,429.4],[368.9,429.4],[376.8,428.8],[383.3,426.8],[398.5,416.2],[395.9,423.8],[392.0,430.7],[386.7,436.8],[380.1,442.0],[372.5,446.1],[364.0,449.2],[354.8,451.0],[345.1,451.6],[344.7,451.6],[332.0,449.8],[318.0,444.2],[302.5,435.0],[285.8,422.1],[267.4,405.2],[248.4,385.1],[229.3,362.3],[213.6,340.8],[312.3,340.9],[389.2,340.2]]]},"symbol":{"type":"CIMPolygonSymbol","symbolLayers":[{"type":"CIMSolidFill","enable":true,"primitiveName":"icon_element","color":[0,0,0,255]}]}}],"scaleSymbolsProportionally":true,"respectFrame":true}],"haloSize":1,"scaleX":1,"angleAlignment":"Display","version":"2.0.0","build":"8933"}