{"type":"CIMPointSymbol","symbolLayers":[{"type":"CIMVectorMarker","enable":true,"anchorPointUnits":"Relative","dominantSizeAxis3D":"Z","size":32,"billboardMode3D":"FaceNearPlane","frame":{"xmin":0,"ymin":0,"xmax":400,"ymax":400},"markerGraphics":[{"type":"CIMMarkerGraphic","geometry":{"rings":[[[304.7,279.3],[304.7,300.6],[104.9,300.6],[104.9,279.3],[304.7,279.3]]]},"symbol":{"type":"CIMPolygonSymbol","symbolLayers":[{"type":"CIMSolidFill","enable":true,"color":[0,0,0,255]}]}},{"type":"CIMMarkerGraphic","geometry":{"rings":[[[128.4,115.4],[128.4,238.3],[130.0,241.0],[134.3,244.5],[143.5,248.2],[144.2,248.2],[150.3,245.5],[170.5,229.2],[176.6,226.3],[182.2,225.4],[186.8,225.4],[191.5,226.2],[196.8,228.8],[217.1,245.2],[224.0,248.2],[230.3,245.5],[250.3,229.1],[256.3,226.3],[262.0,225.4],[264.2,225.4],[273.6,226.2],[281.6,228.8],[303.0,242.9],[289.7,259.0],[276.1,248.8],[266.0,245.7],[262.7,246.3],[258.3,248.7],[245.2,259.4],[233.6,266.8],[228.0,268.4],[222.5,268.5],[211.4,264.8],[196.6,254.4],[188.6,247.3],[185.5,245.7],[181.3,246.7],[175.3,251.0],[163.1,260.9],[154.7,266.1],[148.2,268.1],[140.8,268.3],[133.1,266.5],[126.3,263.2],[112.9,252.8],[108.0,246.0],[108.0,115.4],[128.4,115.4]]]},"symbol":{"type":"CIMPolygonSymbol","symbolLayers":[{"type":"CIMSolidFill","enable":true,"color":[0,0,0,255]}]}}],"scaleSymbolsProportionally":true,"respectFrame":true}],"haloSize":1,"scaleX":1,"angleAlignment":"Display","version":"2.0.0","build":"8933"}