{"type":"CIMPointSymbol","symbolLayers":[{"type":"CIMVectorMarker","enable":true,"anchorPointUnits":"Relative","dominantSizeAxis3D":"Z","size":64,"billboardMode3D":"FaceNearPlane","frame":{"xmin":0,"ymin":0,"xmax":612,"ymax":792},"markerGraphics":[{"type":"CIMMarkerGraphic","geometry":{"rings":[[[304.0,293.0],[317.9,294.2],[331.4,297.8],[344.0,303.7],[355.4,311.7],[365.3,321.6],[373.3,333.0],[379.2,345.6],[382.8,359.1],[384.0,373.0],[382.8,386.9],[379.2,400.4],[373.3,413.0],[365.3,424.4],[355.4,434.3],[344.0,442.3],[331.4,448.2],[317.9,451.8],[304.0,453.0],[290.1,451.8],[276.6,448.2],[264.0,442.3],[252.6,434.3],[242.7,424.4],[234.7,413.0],[228.8,400.4],[225.2,386.9],[224.0,373.0],[225.2,359.1],[228.8,345.6],[234.7,333.0],[242.7,321.6],[252.6,311.7],[264.0,303.7],[276.6,297.8],[290.1,294.2],[304.0,293.0]]]},"symbol":{"type":"CIMPolygonSymbol","symbolLayers":[{"type":"CIMSolidFill","enable":true,"colorLocked":true,"color":[0,0,0,255]}]}},{"type":"CIMMarkerGraphic","geometry":{"rings":[[[304.0,293.0],[317.9,294.2],[331.4,297.8],[344.0,303.7],[355.4,311.7],[365.3,321.6],[373.3,333.0],[379.2,345.6],[382.8,359.1],[384.0,373.0],[382.8,386.9],[379.2,400.4],[373.3,413.0],[365.3,424.4],[355.4,434.3],[344.0,442.3],[331.4,448.2],[317.9,451.8],[304.0,453.0],[290.1,451.8],[276.6,448.2],[264.0,442.3],[252.6,434.3],[242.7,424.4],[234.7,413.0],[228.8,400.4],[225.2,386.9],[224.0,373.0],[225.2,359.1],[228.8,345.6],[234.7,333.0],[242.7,321.6],[252.6,311.7],[264.0,303.7],[276.6,297.8],[290.1,294.2],[304.0,293.0]]]},"symbol":{"type":"CIMPolygonSymbol","symbolLayers":[{"type":"CIMSolidStroke","enable":true,"colorLocked":true,"capStyle":"Round","joinStyle":"Miter","lineStyle3D":"Strip","miterLimit":10,"width":1,"color":[0,0,0,255]}]}},{"type":"CIMMarkerGraphic","geometry":{"rings":[[[373.0,333.0],[304.0,453.0],[235.0,333.0],[373.0,333.0]]]},"symbol":{"type":"CIMPolygonSymbol","symbolLayers":[{"type":"CIMSolidFill","enable":true,"primitiveName":"icon_element","color":[255,255,255,255]}]}},{"type":"CIMMarkerGraphic","geometry":{"rings":[[[304.0,453.0],[373.0,333.0],[235.0,333.0],[304.0,453.0]]]},"symbol":{"type":"CIMPolygonSymbol","symbolLayers":[{"type":"CIMSolidStroke","enable":true,"colorLocked":true,"capStyle":"Round","joinStyle":"Bevel","lineStyle3D":"Strip","miterLimit":10,"width":1,"color":[0,0,0,255]}]}},{"type":"CIMMarkerGraphic","geometry":{"x":241.881805419921875,"y":456.16796875},"symbol":{"type":"CIMTextSymbol","blockProgression":"TTB","depth3D":1,"extrapolateBaselines":true,"fontEffects":"Normal","fontEncoding":"Unicode","fontFamilyName":"Arial","fontType":"Unspecified","haloSize":1,"height":52,"hinting":"Default","horizontalAlignment":"Left","kerning":true,"letterWidth":100,"ligatures":true,"lineGapType":"ExtraLeading","symbol":{"type":"CIMPolygonSymbol","symbolLayers":[{"type":"CIMSolidFill","enable":true,"colorLocked":true,"color":[0,0,0,255]}]},"textCase":"Normal","textDirection":"LTR","verticalAlignment":"Baseline","verticalGlyphOrientation":"Right","wordSpacing":100,"billboardMode3D":"FaceNearPlane"},"textString":"EICC","primitiveName":"icon_element"}],"scaleSymbolsProportionally":true,"respectFrame":true}],"haloSize":1,"scaleX":1,"angleAlignment":"Display","version":"2.0.0","build":"8933"}