{"type":"CIMPointSymbol","symbolLayers":[{"type":"CIMVectorMarker","enable":true,"anchorPointUnits":"Relative","dominantSizeAxis3D":"Z","size":64,"billboardMode3D":"FaceNearPlane","frame":{"xmin":0,"ymin":0,"xmax":612,"ymax":792},"markerGraphics":[{"type":"CIMMarkerGraphic","geometry":{"rings":[[[305.5,264.5],[319.4,265.7],[332.9,269.3],[345.5,275.2],[356.9,283.2],[366.8,293.1],[374.8,304.5],[380.7,317.1],[384.3,330.6],[385.5,344.5],[384.3,358.4],[380.7,371.9],[374.8,384.5],[366.8,395.9],[356.9,405.8],[345.5,413.8],[332.9,419.7],[319.4,423.3],[305.5,424.5],[291.6,423.3],[278.1,419.7],[265.5,413.8],[254.1,405.8],[244.2,395.9],[236.2,384.5],[230.3,371.9],[226.7,358.4],[225.5,344.5],[226.7,330.6],[230.3,317.1],[236.2,304.5],[244.2,293.1],[254.1,283.2],[265.5,275.2],[278.1,269.3],[291.6,265.7],[305.5,264.5]]]},"symbol":{"type":"CIMPolygonSymbol","symbolLayers":[{"type":"CIMSolidFill","enable":true,"colorLocked":true,"color":[0,0,0,255]}]}},{"type":"CIMMarkerGraphic","geometry":{"rings":[[[305.5,264.5],[319.4,265.7],[332.9,269.3],[345.5,275.2],[356.9,283.2],[366.8,293.1],[374.8,304.5],[380.7,317.1],[384.3,330.6],[385.5,344.5],[384.3,358.4],[380.7,371.9],[374.8,384.5],[366.8,395.9],[356.9,405.8],[345.5,413.8],[332.9,419.7],[319.4,423.3],[305.5,424.5],[291.6,423.3],[278.1,419.7],[265.5,413.8],[254.1,405.8],[244.2,395.9],[236.2,384.5],[230.3,371.9],[226.7,358.4],[225.5,344.5],[226.7,330.6],[230.3,317.1],[236.2,304.5],[244.2,293.1],[254.1,283.2],[265.5,275.2],[278.1,269.3],[291.6,265.7],[305.5,264.5]]]},"symbol":{"type":"CIMPolygonSymbol","symbolLayers":[{"type":"CIMSolidStroke","enable":true,"colorLocked":true,"capStyle":"Round","joinStyle":"Miter","lineStyle3D":"Strip","miterLimit":10,"width":1,"color":[0,0,0,255]}]}},{"type":"CIMMarkerGraphic","geometry":{"rings":[[[374.5,304.5],[305.5,424.5],[236.5,304.5],[374.5,304.5]]]},"symbol":{"type":"CIMPolygonSymbol","symbolLayers":[{"type":"CIMSolidFill","enable":true,"primitiveName":"icon_element","color":[255,255,255,255]}]}},{"type":"CIMMarkerGraphic","geometry":{"rings":[[[305.5,424.5],[374.5,304.5],[236.5,304.5],[305.5,424.5]]]},"symbol":{"type":"CIMPolygonSymbol","symbolLayers":[{"type":"CIMSolidStroke","enable":true,"colorLocked":true,"capStyle":"Round","joinStyle":"Bevel","lineStyle3D":"Strip","miterLimit":10,"width":1,"color":[0,0,0,255]}]}},{"type":"CIMMarkerGraphic","geometry":{"rings":[[[305.0,492.0],[308.3,492.3],[311.5,493.3],[314.4,494.9],[317.0,497.0],[319.1,499.6],[320.7,502.5],[321.7,505.7],[322.0,509.0],[321.7,512.3],[320.7,515.5],[319.1,518.4],[317.0,521.0],[314.4,523.1],[311.5,524.7],[308.3,525.7],[305.0,526.0],[301.7,525.7],[298.5,524.7],[295.6,523.1],[293.0,521.0],[290.9,518.4],[289.3,515.5],[288.3,512.3],[288.0,509.0],[288.3,505.7],[289.3,502.5],[290.9,499.6],[293.0,497.0],[295.6,494.9],[298.5,493.3],[301.7,492.3],[305.0,492.0]]]},"symbol":{"type":"CIMPolygonSymbol","symbolLayers":[{"type":"CIMSolidStroke","enable":true,"colorLocked":true,"capStyle":"Round","joinStyle":"Miter","lineStyle3D":"Strip","miterLimit":10,"width":7,"color":[0,0,0,255]}]}},{"type":"CIMMarkerGraphic","geometry":{"paths":[[[288.0,492.0],[322.0,526.0]]]},"symbol":{"type":"CIMPolygonSymbol","symbolLayers":[{"type":"CIMSolidStroke","enable":true,"colorLocked":true,"capStyle":"Butt","joinStyle":"Miter","lineStyle3D":"Strip","miterLimit":10,"width":7,"color":[0,0,0,255]}]}}],"scaleSymbolsProportionally":true,"respectFrame":true}],"haloSize":1,"scaleX":1,"angleAlignment":"Display","version":"2.0.0","build":"8933"}