{"type":"CIMPointSymbol","symbolLayers":[{"type":"CIMVectorMarker","enable":true,"anchorPointUnits":"Relative","dominantSizeAxis3D":"Z","size":64,"billboardMode3D":"FaceNearPlane","frame":{"xmin":0,"ymin":0,"xmax":612,"ymax":792},"markerGraphics":[{"type":"CIMMarkerGraphic","geometry":{"rings":[[[335.3,347.7],[305.1,396.0],[335.3,444.3],[274.9,444.3],[305.1,396.0],[274.9,347.7],[335.3,347.7]]]},"symbol":{"type":"CIMPolygonSymbol","symbolLayers":[{"type":"CIMSolidFill","enable":true,"primitiveName":"icon_element","color":[0,0,0,255]}]}},{"type":"CIMMarkerGraphic","geometry":{"paths":[[[274.9,444.3],[335.3,444.3],[305.1,396.0],[335.3,347.7],[274.9,347.7],[305.1,396.0]]]},"symbol":{"type":"CIMPolygonSymbol","symbolLayers":[{"type":"CIMSolidStroke","enable":true,"primitiveName":"icon_element","capStyle":"Butt","joinStyle":"Miter","lineStyle3D":"Strip","miterLimit":10,"width":1,"color":[0,0,0,255]}]}},{"type":"CIMMarkerGraphic","geometry":{"rings":[[[305.1,396.0],[353.4,365.8],[353.4,426.2],[305.1,396.0],[256.8,426.2],[256.8,365.8],[305.1,396.0]]]},"symbol":{"type":"CIMPolygonSymbol","symbolLayers":[{"type":"CIMSolidFill","enable":true,"primitiveName":"icon_element","color":[0,0,0,255]}]}},{"type":"CIMMarkerGraphic","geometry":{"paths":[[[256.8,426.2],[256.8,365.8],[305.1,396.0],[353.4,365.8],[353.4,426.2],[305.1,396.0]]]},"symbol":{"type":"CIMPolygonSymbol","symbolLayers":[{"type":"CIMSolidStroke","enable":true,"primitiveName":"icon_element","capStyle":"Butt","joinStyle":"Miter","lineStyle3D":"Strip","miterLimit":10,"width":1,"color":[0,0,0,255]}]}},{"type":"CIMMarkerGraphic","geometry":{"rings":[[[305.1,356.8],[311.2,357.2],[317.2,358.7],[322.9,361.0],[328.2,364.2],[332.8,368.2],[336.8,372.9],[340.1,378.2],[342.4,383.9],[343.8,389.9],[344.3,396.0],[343.8,402.1],[342.4,408.1],[340.1,413.8],[336.8,419.1],[332.8,423.8],[328.2,427.7],[322.9,431.0],[317.2,433.3],[311.2,434.8],[305.1,435.2],[298.9,434.8],[293.0,433.3],[287.3,431.0],[282.0,427.7],[277.3,423.8],[273.3,419.1],[270.1,413.8],[267.8,408.1],[266.3,402.1],[265.8,396.0],[266.3,389.9],[267.8,383.9],[270.1,378.2],[273.3,372.9],[277.3,368.2],[282.0,364.2],[287.3,361.0],[293.0,358.7],[298.9,357.2],[305.1,356.8]]]},"symbol":{"type":"CIMPolygonSymbol","symbolLayers":[{"type":"CIMSolidFill","enable":true,"primitiveName":"icon_element","color":[0,0,0,255]}]}},{"type":"CIMMarkerGraphic","geometry":{"rings":[[[305.1,356.8],[311.2,357.2],[317.2,358.7],[322.9,361.0],[328.2,364.2],[332.8,368.2],[336.8,372.9],[340.1,378.2],[342.4,383.9],[343.8,389.9],[344.3,396.0],[343.8,402.1],[342.4,408.1],[340.1,413.8],[336.8,419.1],[332.8,423.8],[328.2,427.7],[322.9,431.0],[317.2,433.3],[311.2,434.8],[305.1,435.2],[298.9,434.8],[293.0,433.3],[287.3,431.0],[282.0,427.7],[277.3,423.8],[273.3,419.1],[270.1,413.8],[267.8,408.1],[266.3,402.1],[265.8,396.0],[266.3,389.9],[267.8,383.9],[270.1,378.2],[273.3,372.9],[277.3,368.2],[282.0,364.2],[287.3,361.0],[293.0,358.7],[298.9,357.2],[305.1,356.8]]]},"symbol":{"type":"CIMPolygonSymbol","symbolLayers":[{"type":"CIMSolidStroke","enable":true,"primitiveName":"icon_element","capStyle":"Round","joinStyle":"Miter","lineStyle3D":"Strip","miterLimit":10,"width":1,"color":[0,0,0,255]}]}}],"scaleSymbolsProportionally":true,"respectFrame":true}],"haloSize":1,"scaleX":1,"angleAlignment":"Display","version":"2.0.0","build":"8933"}