{"type":"CIMPointSymbol","symbolLayers":[{"type":"CIMVectorMarker","enable":true,"anchorPointUnits":"Relative","dominantSizeAxis3D":"Z","size":64,"billboardMode3D":"FaceNearPlane","frame":{"xmin":0,"ymin":0,"xmax":612,"ymax":792},"markerGraphics":[{"type":"CIMMarkerGraphic","geometry":{"rings":[[[306.0,285.0],[319.9,286.2],[333.4,289.8],[346.0,295.7],[357.4,303.7],[367.3,313.6],[375.3,325.0],[381.2,337.6],[384.8,351.1],[386.0,365.0],[384.8,378.9],[381.2,392.4],[375.3,405.0],[367.3,416.4],[357.4,426.3],[346.0,434.3],[333.4,440.2],[319.9,443.8],[306.0,445.0],[292.1,443.8],[278.6,440.2],[266.0,434.3],[254.6,426.3],[244.7,416.4],[236.7,405.0],[230.8,392.4],[227.2,378.9],[226.0,365.0],[227.2,351.1],[230.8,337.6],[236.7,325.0],[244.7,313.6],[254.6,303.7],[266.0,295.7],[278.6,289.8],[292.1,286.2],[306.0,285.0]]]},"symbol":{"type":"CIMPolygonSymbol","symbolLayers":[{"type":"CIMSolidFill","enable":true,"colorLocked":true,"color":[0,0,0,255]}]}},{"type":"CIMMarkerGraphic","geometry":{"rings":[[[306.0,285.0],[319.9,286.2],[333.4,289.8],[346.0,295.7],[357.4,303.7],[367.3,313.6],[375.3,325.0],[381.2,337.6],[384.8,351.1],[386.0,365.0],[384.8,378.9],[381.2,392.4],[375.3,405.0],[367.3,416.4],[357.4,426.3],[346.0,434.3],[333.4,440.2],[319.9,443.8],[306.0,445.0],[292.1,443.8],[278.6,440.2],[266.0,434.3],[254.6,426.3],[244.7,416.4],[236.7,405.0],[230.8,392.4],[227.2,378.9],[226.0,365.0],[227.2,351.1],[230.8,337.6],[236.7,325.0],[244.7,313.6],[254.6,303.7],[266.0,295.7],[278.6,289.8],[292.1,286.2],[306.0,285.0]]]},"symbol":{"type":"CIMPolygonSymbol","symbolLayers":[{"type":"CIMSolidStroke","enable":true,"colorLocked":true,"capStyle":"Round","joinStyle":"Miter","lineStyle3D":"Strip","miterLimit":10,"width":1,"color":[0,0,0,255]}]}},{"type":"CIMMarkerGraphic","geometry":{"rings":[[[375.0,325.0],[306.0,445.0],[237.0,325.0],[375.0,325.0]]]},"symbol":{"type":"CIMPolygonSymbol","symbolLayers":[{"type":"CIMSolidFill","enable":true,"primitiveName":"icon_element","color":[255,255,255,255]}]}},{"type":"CIMMarkerGraphic","geometry":{"rings":[[[306.0,445.0],[375.0,325.0],[237.0,325.0],[306.0,445.0]]]},"symbol":{"type":"CIMPolygonSymbol","symbolLayers":[{"type":"CIMSolidStroke","enable":true,"colorLocked":true,"capStyle":"Round","joinStyle":"Bevel","lineStyle3D":"Strip","miterLimit":10,"width":1,"color":[0,0,0,255]}]}},{"type":"CIMMarkerGraphic","geometry":{"x":235.198196411132813,"y":448.16796875},"symbol":{"type":"CIMTextSymbol","blockProgression":"TTB","depth3D":1,"extrapolateBaselines":true,"fontEffects":"Normal","fontEncoding":"Unicode","fontFamilyName":"Arial","fontType":"Unspecified","haloSize":1,"height":52,"hinting":"Default","horizontalAlignment":"Left","kerning":true,"letterWidth":100,"ligatures":true,"lineGapType":"ExtraLeading","symbol":{"type":"CIMPolygonSymbol","symbolLayers":[{"type":"CIMSolidFill","enable":true,"colorLocked":true,"color":[0,0,0,255]}]},"textCase":"Normal","textDirection":"LTR","verticalAlignment":"Baseline","verticalGlyphOrientation":"Right","wordSpacing":100,"billboardMode3D":"FaceNearPlane"},"textString":"ECEP","primitiveName":"icon_element"}],"scaleSymbolsProportionally":true,"respectFrame":true}],"haloSize":1,"scaleX":1,"angleAlignment":"Display","version":"2.0.0","build":"8933"}