{"type":"CIMPointSymbol","symbolLayers":[{"type":"CIMVectorMarker","enable":true,"anchorPointUnits":"Relative","dominantSizeAxis3D":"Z","size":64,"billboardMode3D":"FaceNearPlane","frame":{"xmin":0,"ymin":0,"xmax":612,"ymax":792},"markerGraphics":[{"type":"CIMMarkerGraphic","geometry":{"rings":[[[355.0,316.0],[305.0,396.0],[355.0,476.0],[255.0,476.0],[305.0,396.0],[255.0,316.0],[355.0,316.0]]]},"symbol":{"type":"CIMPolygonSymbol","symbolLayers":[{"type":"CIMSolidFill","enable":true,"primitiveName":"icon_element","color":[0,0,0,255]}]}},{"type":"CIMMarkerGraphic","geometry":{"paths":[[[255.0,476.0],[355.0,476.0],[305.0,396.0],[355.0,316.0],[255.0,316.0],[305.0,396.0]]]},"symbol":{"type":"CIMPolygonSymbol","symbolLayers":[{"type":"CIMSolidStroke","enable":true,"primitiveName":"icon_element","capStyle":"Butt","joinStyle":"Miter","lineStyle3D":"Strip","miterLimit":10,"width":1,"color":[0,0,0,255]}]}},{"type":"CIMMarkerGraphic","geometry":{"rings":[[[305.0,396.0],[385.0,346.0],[385.0,446.0],[305.0,396.0],[225.0,446.0],[225.0,346.0],[305.0,396.0]]]},"symbol":{"type":"CIMPolygonSymbol","symbolLayers":[{"type":"CIMSolidFill","enable":true,"primitiveName":"icon_element","color":[0,0,0,255]}]}},{"type":"CIMMarkerGraphic","geometry":{"paths":[[[225.0,446.0],[225.0,346.0],[305.0,396.0],[385.0,346.0],[385.0,446.0],[305.0,396.0]]]},"symbol":{"type":"CIMPolygonSymbol","symbolLayers":[{"type":"CIMSolidStroke","enable":true,"primitiveName":"icon_element","capStyle":"Butt","joinStyle":"Miter","lineStyle3D":"Strip","miterLimit":10,"width":1,"color":[0,0,0,255]}]}},{"type":"CIMMarkerGraphic","geometry":{"rings":[[[305.0,331.0],[315.2,331.8],[325.1,334.2],[334.5,338.1],[343.2,343.4],[351.0,350.0],[357.6,357.8],[362.9,366.5],[366.8,375.9],[369.2,385.8],[370.0,396.0],[369.2,406.2],[366.8,416.1],[362.9,425.5],[357.6,434.2],[351.0,442.0],[343.2,448.6],[334.5,453.9],[325.1,457.8],[315.2,460.2],[305.0,461.0],[293.7,460.0],[282.8,457.1],[272.5,452.3],[263.2,445.8],[255.2,437.8],[248.7,428.5],[243.9,418.2],[241.0,407.3],[240.0,396.0],[241.0,384.7],[243.9,373.8],[248.7,363.5],[255.2,354.2],[263.2,346.2],[272.5,339.7],[282.8,334.9],[293.7,332.0],[305.0,331.0]]]},"symbol":{"type":"CIMPolygonSymbol","symbolLayers":[{"type":"CIMSolidFill","enable":true,"primitiveName":"icon_element","color":[0,0,0,255]}]}},{"type":"CIMMarkerGraphic","geometry":{"rings":[[[305.0,331.0],[315.2,331.8],[325.1,334.2],[334.5,338.1],[343.2,343.4],[351.0,350.0],[357.6,357.8],[362.9,366.5],[366.8,375.9],[369.2,385.8],[370.0,396.0],[369.2,406.2],[366.8,416.1],[362.9,425.5],[357.6,434.2],[351.0,442.0],[343.2,448.6],[334.5,453.9],[325.1,457.8],[315.2,460.2],[305.0,461.0],[293.7,460.0],[282.8,457.1],[272.5,452.3],[263.2,445.8],[255.2,437.8],[248.7,428.5],[243.9,418.2],[241.0,407.3],[240.0,396.0],[241.0,384.7],[243.9,373.8],[248.7,363.5],[255.2,354.2],[263.2,346.2],[272.5,339.7],[282.8,334.9],[293.7,332.0],[305.0,331.0]]]},"symbol":{"type":"CIMPolygonSymbol","symbolLayers":[{"type":"CIMSolidStroke","enable":true,"primitiveName":"icon_element","capStyle":"Round","joinStyle":"Miter","lineStyle3D":"Strip","miterLimit":10,"width":1,"color":[0,0,0,255]}]}}],"scaleSymbolsProportionally":true,"respectFrame":true}],"haloSize":1,"scaleX":1,"angleAlignment":"Display","version":"2.0.0","build":"8933"}