{"type":"CIMPointSymbol","symbolLayers":[{"type":"CIMVectorMarker","enable":true,"anchorPointUnits":"Relative","dominantSizeAxis3D":"Z","size":64,"billboardMode3D":"FaceNearPlane","frame":{"xmin":0,"ymin":0,"xmax":612,"ymax":792},"markerGraphics":[{"type":"CIMMarkerGraphic","geometry":{"rings":[[[371.3,468.7],[371.3,470.3],[371.05,473.58],[370.31,476.5],[369.08,479.01],[367.38,481.1],[365.21,482.75],[362.61,483.94],[359.6,484.66],[356.2,484.9],[353.34,484.67],[350.63,483.98],[348.18,482.86],[346.06,481.34],[344.36,479.5],[343.11,477.38],[342.35,475.03],[342.1,472.5],[342.1,468.7],[371.3,468.7]]]},"symbol":{"type":"CIMPolygonSymbol","symbolLayers":[{"type":"CIMSolidFill","enable":true,"colorLocked":true,"color":[0,0,0,255]}]}},{"type":"CIMMarkerGraphic","geometry":{"rings":[[[351.0,441.9],[353.6,441.1],[356.5,440.8],[359.6,441.1],[362.3,442.0],[364.4,443.3],[366.4,445.1],[369.3,449.8],[370.6,455.4],[370.2,461.1],[394.0,461.1],[394.0,464.4],[319.4,464.4],[319.4,461.2],[342.6,461.2],[342.5,457.3],[343.8,448.7],[345.2,447.5],[347.9,444.0],[351.0,441.9]]]},"symbol":{"type":"CIMPolygonSymbol","symbolLayers":[{"type":"CIMSolidFill","enable":true,"colorLocked":true,"color":[0,0,0,255]}]}},{"type":"CIMMarkerGraphic","geometry":{"rings":[[[365.3,436.4],[340.1,436.7],[328.8,435.7],[323.8,432.9],[310.1,422.5],[306.5,420.7],[297.2,434.0],[290.8,442.6],[288.2,444.7],[286.0,445.4],[283.8,445.4],[281.2,444.9],[278.9,443.2],[277.4,440.8],[276.8,437.9],[276.8,437.4],[277.5,435.0],[279.8,431.3],[289.5,418.3],[295.1,410.4],[298.8,406.0],[302.3,403.2],[305.4,402.3],[308.0,403.2],[312.7,406.0],[329.7,418.0],[329.8,383.4],[365.3,436.4]]]},"symbol":{"type":"CIMPolygonSymbol","symbolLayers":[{"type":"CIMSolidFill","enable":true,"colorLocked":true,"color":[0,0,0,255]}]}},{"type":"CIMMarkerGraphic","geometry":{"rings":[[[227.0,410.3],[214.7,418.5],[214.7,399.6],[227.1,391.5],[227.0,410.3]]]},"symbol":{"type":"CIMPolygonSymbol","symbolLayers":[{"type":"CIMSolidFill","enable":true,"primitiveName":"icon_element","color":[255,255,255,255]}]}},{"type":"CIMMarkerGraphic","geometry":{"rings":[[[214.7,399.6],[214.7,418.5],[227.0,410.3],[227.1,391.5],[214.7,399.6]],[[240.1,382.3],[240.1,401.2],[252.5,392.6],[252.5,373.6],[240.1,382.3]],[[264.9,364.5],[264.9,383.4],[277.9,374.8],[277.8,355.8],[264.9,364.5]],[[311.4,313.8],[311.4,343.4],[312.3,346.2],[315.7,351.0],[315.3,352.3],[312.7,353.8],[311.8,355.7],[310.8,359.2],[308.9,362.0],[306.4,364.7],[303.5,366.7],[300.3,367.9],[296.8,368.3],[290.9,368.9],[285.2,372.9],[274.7,380.2],[254.0,394.6],[222.5,416.9],[212.0,423.4],[200.6,407.2],[203.3,404.5],[211.4,398.5],[242.0,377.8],[263.1,363.2],[273.6,356.0],[280.3,351.3],[281.7,349.1],[282.2,346.7],[282.2,313.8],[311.4,313.8]]]},"symbol":{"type":"CIMPolygonSymbol","symbolLayers":[{"type":"CIMSolidFill","enable":true,"colorLocked":true,"color":[0,0,0,255]}]}},{"type":"CIMMarkerGraphic","geometry":{"rings":[[[252.5,392.6],[240.1,401.2],[240.1,382.3],[252.4,373.6],[252.5,392.6]]]},"symbol":{"type":"CIMPolygonSymbol","symbolLayers":[{"type":"CIMSolidFill","enable":true,"primitiveName":"icon_element","color":[255,255,255,255]}]}},{"type":"CIMMarkerGraphic","geometry":{"rings":[[[277.9,374.8],[264.9,383.4],[264.9,364.5],[277.8,355.8],[277.9,374.8]]]},"symbol":{"type":"CIMPolygonSymbol","symbolLayers":[{"type":"CIMSolidFill","enable":true,"primitiveName":"icon_element","color":[255,255,255,255]}]}},{"type":"CIMMarkerGraphic","geometry":{"rings":[[[383.7,313.7],[383.7,430.4],[380.8,433.9],[375.6,436.3],[371.8,431.9],[362.8,419.2],[339.4,383.4],[369.6,383.4],[369.6,372.1],[329.6,372.1],[329.6,313.8],[350.5,313.8],[354.0,354.2],[360.0,354.2],[363.2,313.7],[383.7,313.7]]]},"symbol":{"type":"CIMPolygonSymbol","symbolLayers":[{"type":"CIMSolidFill","enable":true,"colorLocked":true,"color":[0,0,0,255]}]}},{"type":"CIMMarkerGraphic","geometry":{"rings":[[[369.7,372.1],[369.7,383.4],[339.5,383.4],[348.4,397.7],[362.5,418.8],[371.7,431.8],[374.4,435.2],[375.7,436.3],[365.4,436.3],[329.8,383.3],[329.7,372.1],[369.7,372.1]]]},"symbol":{"type":"CIMPolygonSymbol","symbolLayers":[{"type":"CIMSolidFill","enable":true,"primitiveName":"icon_element","color":[255,255,255,255]}]}},{"type":"CIMMarkerGraphic","geometry":{"rings":[[[371.3,464.4],[371.3,468.7],[342.1,468.7],[342.1,464.4],[371.3,464.4]]]},"symbol":{"type":"CIMPolygonSymbol","symbolLayers":[{"type":"CIMSolidFill","enable":true,"primitiveName":"icon_element","color":[255,255,255,255]}]}}],"scaleSymbolsProportionally":true,"respectFrame":true}],"haloSize":1,"scaleX":1,"angleAlignment":"Display","version":"2.0.0","build":"8933"}