{"type":"CIMPointSymbol","symbolLayers":[{"type":"CIMVectorMarker","enable":true,"anchorPointUnits":"Relative","dominantSizeAxis3D":"Z","size":64,"billboardMode3D":"FaceNearPlane","frame":{"xmin":0,"ymin":0,"xmax":612,"ymax":792},"markerGraphics":[{"type":"CIMMarkerGraphic","geometry":{"rings":[[[305.5,255.5],[319.4,256.7],[332.9,260.3],[345.5,266.2],[356.9,274.2],[366.8,284.1],[374.8,295.5],[380.7,308.1],[384.3,321.6],[385.5,335.5],[384.3,349.4],[380.7,362.9],[374.8,375.5],[366.8,386.9],[356.9,396.8],[345.5,404.8],[332.9,410.7],[319.4,414.3],[305.5,415.5],[291.6,414.3],[278.1,410.7],[265.5,404.8],[254.1,396.8],[244.2,386.9],[236.2,375.5],[230.3,362.9],[226.7,349.4],[225.5,335.5],[226.7,321.6],[230.3,308.1],[236.2,295.5],[244.2,284.1],[254.1,274.2],[265.5,266.2],[278.1,260.3],[291.6,256.7],[305.5,255.5]]]},"symbol":{"type":"CIMPolygonSymbol","symbolLayers":[{"type":"CIMSolidFill","enable":true,"colorLocked":true,"color":[0,0,0,255]}]}},{"type":"CIMMarkerGraphic","geometry":{"rings":[[[305.5,255.5],[319.4,256.7],[332.9,260.3],[345.5,266.2],[356.9,274.2],[366.8,284.1],[374.8,295.5],[380.7,308.1],[384.3,321.6],[385.5,335.5],[384.3,349.4],[380.7,362.9],[374.8,375.5],[366.8,386.9],[356.9,396.8],[345.5,404.8],[332.9,410.7],[319.4,414.3],[305.5,415.5],[291.6,414.3],[278.1,410.7],[265.5,404.8],[254.1,396.8],[244.2,386.9],[236.2,375.5],[230.3,362.9],[226.7,349.4],[225.5,335.5],[226.7,321.6],[230.3,308.1],[236.2,295.5],[244.2,284.1],[254.1,274.2],[265.5,266.2],[278.1,260.3],[291.6,256.7],[305.5,255.5]]]},"symbol":{"type":"CIMPolygonSymbol","symbolLayers":[{"type":"CIMSolidStroke","enable":true,"colorLocked":true,"capStyle":"Round","joinStyle":"Miter","lineStyle3D":"Strip","miterLimit":10,"width":1,"color":[0,0,0,255]}]}},{"type":"CIMMarkerGraphic","geometry":{"rings":[[[374.5,295.5],[305.5,415.5],[236.5,295.5],[374.5,295.5]]]},"symbol":{"type":"CIMPolygonSymbol","symbolLayers":[{"type":"CIMSolidFill","enable":true,"primitiveName":"icon_element","color":[255,255,255,255]}]}},{"type":"CIMMarkerGraphic","geometry":{"rings":[[[305.5,415.5],[374.5,295.5],[236.5,295.5],[305.5,415.5]]]},"symbol":{"type":"CIMPolygonSymbol","symbolLayers":[{"type":"CIMSolidStroke","enable":true,"colorLocked":true,"capStyle":"Round","joinStyle":"Bevel","lineStyle3D":"Strip","miterLimit":10,"width":1,"color":[0,0,0,255]}]}},{"type":"CIMMarkerGraphic","geometry":{"rings":[[[305.0,521.0],[308.3,521.3],[311.5,522.3],[314.4,523.9],[317.0,526.0],[319.1,528.6],[320.7,531.5],[321.7,534.7],[322.0,538.0],[321.7,541.3],[320.7,544.5],[319.1,547.4],[317.0,550.0],[314.4,552.1],[311.5,553.7],[308.3,554.7],[305.0,555.0],[301.7,554.7],[298.5,553.7],[295.6,552.1],[293.0,550.0],[290.9,547.4],[289.3,544.5],[288.3,541.3],[288.0,538.0],[288.3,534.7],[289.3,531.5],[290.9,528.6],[293.0,526.0],[295.6,523.9],[298.5,522.3],[301.7,521.3],[305.0,521.0]]]},"symbol":{"type":"CIMPolygonSymbol","symbolLayers":[{"type":"CIMSolidStroke","enable":true,"colorLocked":true,"capStyle":"Round","joinStyle":"Miter","lineStyle3D":"Strip","miterLimit":10,"width":7,"color":[0,0,0,255]}]}},{"type":"CIMMarkerGraphic","geometry":{"paths":[[[288.0,521.0],[322.0,555.0]]]},"symbol":{"type":"CIMPolygonSymbol","symbolLayers":[{"type":"CIMSolidStroke","enable":true,"colorLocked":true,"capStyle":"Butt","joinStyle":"Miter","lineStyle3D":"Strip","miterLimit":10,"width":7,"color":[0,0,0,255]}]}}],"scaleSymbolsProportionally":true,"respectFrame":true}],"haloSize":1,"scaleX":1,"angleAlignment":"Display","version":"2.0.0","build":"8933"}