{"type":"CIMPointSymbol","symbolLayers":[{"type":"CIMVectorMarker","enable":true,"anchorPointUnits":"Relative","dominantSizeAxis3D":"Z","size":64,"billboardMode3D":"FaceNearPlane","frame":{"xmin":0,"ymin":0,"xmax":612,"ymax":792},"markerGraphics":[{"type":"CIMMarkerGraphic","geometry":{"rings":[[[327.8,312.6],[327.8,356.6],[366.4,334.5],[389.5,373.8],[351.3,396.6],[389.7,419.0],[366.5,458.6],[327.9,436.4],[327.8,481.1],[282.2,481.1],[282.2,436.6],[243.6,458.6],[220.9,419.0],[259.0,396.7],[220.8,374.2],[243.5,334.6],[282.1,356.8],[282.2,312.6],[327.8,312.6]]]},"symbol":{"type":"CIMPolygonSymbol","symbolLayers":[{"type":"CIMSolidFill","enable":true,"primitiveName":"icon_element","color":[0,0,0,255]}]}}],"scaleSymbolsProportionally":true,"respectFrame":true}],"haloSize":1,"scaleX":1,"angleAlignment":"Display","version":"2.0.0","build":"8933"}