{"type":"CIMPointSymbol","symbolLayers":[{"type":"CIMVectorMarker","enable":true,"anchorPointUnits":"Relative","dominantSizeAxis3D":"Z","size":64,"billboardMode3D":"FaceNearPlane","frame":{"xmin":0,"ymin":0,"xmax":612,"ymax":792},"markerGraphics":[{"type":"CIMMarkerGraphic","geometry":{"rings":[[[126,276],[486,276],[486,516],[126,516],[126,276]]]},"symbol":{"type":"CIMPolygonSymbol","symbolLayers":[{"type":"CIMSolidFill","enable":true,"primitiveName":"frame_fill","color":[255,128,128,255]}]}},{"type":"CIMMarkerGraphic","geometry":{"paths":[[[126.082,513.5],[126.082,516.0],[128.582,516.0]]]},"symbol":{"type":"CIMPolygonSymbol","symbolLayers":[{"type":"CIMSolidStroke","enable":true,"primitiveName":"frame_outline","capStyle":"Butt","joinStyle":"Miter","lineStyle3D":"Strip","miterLimit":10,"width":5,"color":[0,0,0,255]}]}},{"type":"CIMMarkerGraphic","geometry":{"paths":[[[134,516],[481,516]]]},"symbol":{"type":"CIMPolygonSymbol","symbolLayers":[{"type":"CIMSolidStroke","effects":[{"type":"CIMGeometricEffectDashes","dashTemplate":[5,5],"lineDashEnding":"NoConstraint","controlPointEnding":"NoConstraint"}],"enable":true,"primitiveName":"frame_outline","capStyle":"Butt","joinStyle":"Miter","lineStyle3D":"Strip","miterLimit":10,"width":5,"color":[0,0,0,255]}]}},{"type":"CIMMarkerGraphic","geometry":{"paths":[[[483.582,516.0],[486.082,516.0],[486.082,513.5]]]},"symbol":{"type":"CIMPolygonSymbol","symbolLayers":[{"type":"CIMSolidStroke","enable":true,"primitiveName":"frame_outline","capStyle":"Butt","joinStyle":"Miter","lineStyle3D":"Strip","miterLimit":10,"width":5,"color":[0,0,0,255]}]}},{"type":"CIMMarkerGraphic","geometry":{"paths":[[[486.1,508.5],[486.1,281.0]]]},"symbol":{"type":"CIMPolygonSymbol","symbolLayers":[{"type":"CIMSolidStroke","effects":[{"type":"CIMGeometricEffectDashes","dashTemplate":[5,5],"lineDashEnding":"NoConstraint","controlPointEnding":"NoConstraint"}],"enable":true,"primitiveName":"frame_outline","capStyle":"Butt","joinStyle":"Miter","lineStyle3D":"Strip","miterLimit":10,"width":5,"color":[0,0,0,255]}]}},{"type":"CIMMarkerGraphic","geometry":{"paths":[[[486.082,278.5],[486.082,276.0],[483.582,276.0]]]},"symbol":{"type":"CIMPolygonSymbol","symbolLayers":[{"type":"CIMSolidStroke","enable":true,"primitiveName":"frame_outline","capStyle":"Butt","joinStyle":"Miter","lineStyle3D":"Strip","miterLimit":10,"width":5,"color":[0,0,0,255]}]}},{"type":"CIMMarkerGraphic","geometry":{"paths":[[[479,276],[131,276]]]},"symbol":{"type":"CIMPolygonSymbol","symbolLayers":[{"type":"CIMSolidStroke","effects":[{"type":"CIMGeometricEffectDashes","dashTemplate":[5,5],"lineDashEnding":"NoConstraint","controlPointEnding":"NoConstraint"}],"enable":true,"primitiveName":"frame_outline","capStyle":"Butt","joinStyle":"Miter","lineStyle3D":"Strip","miterLimit":10,"width":5,"color":[0,0,0,255]}]}},{"type":"CIMMarkerGraphic","geometry":{"paths":[[[128.582,276.0],[126.082,276.0],[126.082,278.5]]]},"symbol":{"type":"CIMPolygonSymbol","symbolLayers":[{"type":"CIMSolidStroke","enable":true,"primitiveName":"frame_outline","capStyle":"Butt","joinStyle":"Miter","lineStyle3D":"Strip","miterLimit":10,"width":5,"color":[0,0,0,255]}]}},{"type":"CIMMarkerGraphic","geometry":{"paths":[[[126.1,283.5],[126.1,511.0]]]},"symbol":{"type":"CIMPolygonSymbol","symbolLayers":[{"type":"CIMSolidStroke","effects":[{"type":"CIMGeometricEffectDashes","dashTemplate":[5,5],"lineDashEnding":"NoConstraint","controlPointEnding":"NoConstraint"}],"enable":true,"primitiveName":"frame_outline","capStyle":"Butt","joinStyle":"Miter","lineStyle3D":"Strip","miterLimit":10,"width":5,"color":[0,0,0,255]}]}},{"type":"CIMMarkerGraphic","geometry":{"x":493.341796875,"y":517.6171875},"symbol":{"type":"CIMTextSymbol","blockProgression":"TTB","depth3D":1,"extrapolateBaselines":true,"fontEffects":"Normal","fontEncoding":"Unicode","fontFamilyName":"Arial","fontType":"Unspecified","haloSize":1,"height":72,"hinting":"Default","horizontalAlignment":"Left","kerning":true,"letterWidth":100,"ligatures":true,"lineGapType":"ExtraLeading","symbol":{"type":"CIMPolygonSymbol","symbolLayers":[{"type":"CIMSolidFill","enable":true,"color":[0,0,0,255]}]},"textCase":"Normal","textDirection":"LTR","verticalAlignment":"Baseline","verticalGlyphOrientation":"Right","wordSpacing":100,"billboardMode3D":"FaceNearPlane"},"textString":"J"}],"scaleSymbolsProportionally":true,"respectFrame":true}],"haloSize":1,"scaleX":1,"angleAlignment":"Display","version":"2.0.0","build":"8933"}